<?xml version="1.0" encoding="UTF-8"?>
<!DOCTYPE X3D PUBLIC "ISO//Web3D//DTD X3D 3.1//EN" "http://www.web3d.org/specifications/x3d-3.1.dtd">
<X3D xsd:noNamespaceSchemaLocation="http://www.web3d.org/specifications/x3d-3.1.xsd" xmlns:xsd="http://www.w3.org/2001/XMLSchema-instance" profile="Immersive" version="3.1">
 <head>
  <meta content="relief_voroatlas.x3d" name="title"/>
  <meta content="Generated from Meshlab X3D Exported" name="description"/>
  <meta content="13 enero 2025" name="created"/>
  <meta content="Meshlab X3D Exported, http://www.meshlab.net" name="generator"/>
 </head>
 <Scene>
  <Shape>
   <Appearance>
    <ImageTexture url="&quot;burney_relief_queen_of_the_night_draft_tex.png&quot;"/>
   </Appearance>
   <IndexedFaceSet coordIndex="0 1 2 -1 3 4 5 -1 6 7 8 -1 9 10 11 -1 12 13 14 -1 15 11 10 -1 16 17 6 -1 18 19 20 -1 3 5 21 -1 22 23 18 -1 24 25 26 -1 22 27 28 -1 29 30 31 -1 15 32 11 -1 30 33 6 -1 34 35 36 -1 37 38 39 -1 40 41 29 -1 42 43 44 -1 45 46 47 -1 48 49 50 -1 51 52 53 -1 0 54 1 -1 55 32 15 -1 56 57 13 -1 55 58 32 -1 59 60 61 -1 62 63 64 -1 58 65 32 -1 66 24 26 -1 67 32 65 -1 68 69 24 -1 70 71 72 -1 61 67 65 -1 59 61 65 -1 59 65 45 -1 73 74 75 -1 76 70 77 -1 78 60 79 -1 80 81 82 -1 45 65 46 -1 83 79 84 -1 78 79 83 -1 60 68 79 -1 79 68 84 -1 57 85 13 -1 86 87 88 -1 60 89 90 -1 91 92 93 -1 59 89 60 -1 59 69 89 -1 94 95 39 -1 59 45 69 -1 96 97 63 -1 68 90 89 -1 68 89 69 -1 47 28 69 -1 45 47 69 -1 22 28 23 -1 47 23 28 -1 68 24 66 -1 30 98 31 -1 69 28 24 -1 7 99 100 -1 80 1 81 -1 101 102 103 -1 80 104 105 -1 106 107 108 -1 54 109 110 -1 44 12 18 -1 111 112 113 -1 27 18 20 -1 114 115 116 -1 117 118 119 -1 120 58 121 -1 55 121 58 -1 122 123 124 -1 125 126 127 -1 120 46 58 -1 58 46 65 -1 120 77 42 -1 120 121 76 -1 120 42 46 -1 22 18 27 -1 1 54 128 -1 46 42 23 -1 47 46 23 -1 66 26 129 -1 84 68 37 -1 68 66 37 -1 66 129 37 -1 130 37 129 -1 131 132 123 -1 133 134 135 -1 136 137 123 -1 138 130 129 -1 24 28 25 -1 28 27 25 -1 25 139 26 -1 25 27 114 -1 25 114 139 -1 138 129 131 -1 140 74 141 -1 138 131 122 -1 138 122 40 -1 42 77 43 -1 142 143 21 -1 73 144 145 -1 70 43 77 -1 70 72 146 -1 70 146 43 -1 23 42 44 -1 44 146 12 -1 44 43 146 -1 106 108 147 -1 148 149 150 -1 151 152 96 -1 153 147 154 -1 40 122 41 -1 29 41 33 -1 12 146 56 -1 150 149 155 -1 18 14 19 -1 111 113 156 -1 114 116 139 -1 157 158 159 -1 160 161 34 -1 100 162 155 -1 20 19 163 -1 23 44 18 -1 27 20 114 -1 12 14 18 -1 12 56 13 -1 164 165 166 -1 167 168 169 -1 62 64 170 -1 126 165 164 -1 57 171 85 -1 96 63 172 -1 137 173 174 -1 62 172 63 -1 175 176 134 -1 177 145 178 -1 139 116 136 -1 64 179 91 -1 151 171 152 -1 180 181 182 -1 120 76 77 -1 1 105 2 -1 183 184 185 -1 62 170 172 -1 186 187 188 -1 129 132 131 -1 129 26 132 -1 159 158 189 -1 26 139 136 -1 26 136 132 -1 131 123 122 -1 100 99 190 -1 132 136 123 -1 191 192 51 -1 116 173 136 -1 136 173 137 -1 193 194 195 -1 76 117 70 -1 70 117 71 -1 187 5 4 -1 151 196 19 -1 138 197 130 -1 15 50 144 -1 128 198 82 -1 153 119 118 -1 1 128 81 -1 114 20 163 -1 19 196 163 -1 14 13 85 -1 14 85 19 -1 151 19 85 -1 151 85 171 -1 199 200 167 -1 106 147 201 -1 114 163 115 -1 156 202 31 -1 174 91 93 -1 196 172 115 -1 196 115 163 -1 116 115 170 -1 111 102 197 -1 116 170 173 -1 172 170 115 -1 151 96 196 -1 152 97 96 -1 6 33 7 -1 203 178 204 -1 29 33 30 -1 87 205 184 -1 8 100 155 -1 137 174 206 -1 83 207 208 -1 101 209 210 -1 211 212 213 -1 124 7 41 -1 214 91 174 -1 108 107 215 -1 30 6 17 -1 33 41 7 -1 141 153 118 -1 123 137 206 -1 161 216 217 -1 123 206 124 -1 7 206 99 -1 124 206 7 -1 206 174 93 -1 206 93 99 -1 7 100 8 -1 99 93 190 -1 16 6 149 -1 83 84 207 -1 16 149 148 -1 199 31 98 -1 8 155 149 -1 6 8 149 -1 218 3 219 -1 173 170 174 -1 192 220 198 -1 117 119 221 -1 170 214 174 -1 170 64 214 -1 64 91 214 -1 190 93 92 -1 222 176 175 -1 50 49 178 -1 216 223 224 -1 200 225 226 -1 30 17 98 -1 55 75 121 -1 55 15 144 -1 227 218 219 -1 196 96 172 -1 228 189 143 -1 122 124 41 -1 153 201 147 -1 229 34 165 -1 230 162 100 -1 230 100 190 -1 231 232 216 -1 35 233 234 -1 199 98 200 -1 235 101 210 -1 212 82 236 -1 237 226 238 -1 212 236 195 -1 229 160 34 -1 239 237 240 -1 181 241 242 -1 0 2 222 -1 243 221 119 -1 111 156 169 -1 34 161 217 -1 229 165 126 -1 3 224 219 -1 16 148 244 -1 219 224 223 -1 207 242 204 -1 0 245 109 -1 246 195 247 -1 109 245 52 -1 0 109 54 -1 113 112 202 -1 101 38 102 -1 141 201 153 -1 164 248 249 -1 15 10 50 -1 55 144 75 -1 121 75 76 -1 76 75 118 -1 250 160 125 -1 10 48 50 -1 84 95 207 -1 37 39 95 -1 84 37 95 -1 130 38 37 -1 130 197 38 -1 40 112 197 -1 138 40 197 -1 156 31 167 -1 251 219 252 -1 76 118 117 -1 50 178 145 -1 51 110 109 -1 71 117 221 -1 187 218 227 -1 94 182 253 -1 40 29 202 -1 40 202 112 -1 29 31 202 -1 34 36 165 -1 17 254 98 -1 16 254 17 -1 16 244 254 -1 200 168 167 -1 207 204 208 -1 50 145 144 -1 204 242 241 -1 231 255 256 -1 207 95 253 -1 207 253 242 -1 181 242 253 -1 181 253 182 -1 215 107 53 -1 257 215 53 -1 215 175 134 -1 257 175 215 -1 257 53 52 -1 257 52 245 -1 222 175 257 -1 235 39 38 -1 135 134 176 -1 222 257 245 -1 0 222 245 -1 106 258 107 -1 125 127 259 -1 260 203 204 -1 54 110 198 -1 111 103 102 -1 211 87 86 -1 87 261 262 -1 87 262 88 -1 183 250 261 -1 250 262 261 -1 128 82 81 -1 229 126 160 -1 183 160 250 -1 125 160 126 -1 126 164 127 -1 164 249 127 -1 94 39 210 -1 140 141 75 -1 141 118 75 -1 263 246 255 -1 49 208 178 -1 208 204 178 -1 177 178 203 -1 73 75 144 -1 140 75 74 -1 177 73 145 -1 177 74 73 -1 260 204 241 -1 260 181 264 -1 260 241 181 -1 94 253 95 -1 235 210 39 -1 180 264 181 -1 209 182 94 -1 209 180 182 -1 235 38 101 -1 102 38 197 -1 35 265 233 -1 111 197 112 -1 243 119 153 -1 258 53 107 -1 133 215 134 -1 133 108 215 -1 188 266 254 -1 226 252 238 -1 51 53 258 -1 51 109 52 -1 186 188 244 -1 184 246 263 -1 80 105 1 -1 80 82 212 -1 80 212 211 -1 113 202 156 -1 199 167 31 -1 266 98 254 -1 200 98 266 -1 133 147 108 -1 188 254 244 -1 183 161 160 -1 211 213 87 -1 87 213 205 -1 87 184 261 -1 183 261 184 -1 86 88 267 -1 183 185 161 -1 188 227 266 -1 165 36 157 -1 165 157 166 -1 157 268 166 -1 164 166 268 -1 195 194 269 -1 263 255 231 -1 194 240 237 -1 209 94 210 -1 270 103 220 -1 260 177 203 -1 200 266 227 -1 188 187 227 -1 212 246 213 -1 213 246 205 -1 184 205 246 -1 216 232 223 -1 141 74 201 -1 260 74 177 -1 51 192 110 -1 133 154 147 -1 185 263 161 -1 185 184 263 -1 36 35 234 -1 74 106 201 -1 209 192 180 -1 180 192 191 -1 243 153 154 -1 54 198 128 -1 156 167 169 -1 218 271 3 -1 233 189 158 -1 101 270 209 -1 209 270 220 -1 209 220 192 -1 192 198 110 -1 82 198 236 -1 101 103 270 -1 272 198 220 -1 272 236 198 -1 212 195 246 -1 272 220 103 -1 111 239 103 -1 272 193 236 -1 236 193 195 -1 195 269 256 -1 187 271 218 -1 161 231 216 -1 161 263 231 -1 239 193 103 -1 272 103 193 -1 239 240 193 -1 193 240 194 -1 35 216 265 -1 35 217 216 -1 34 217 35 -1 36 234 233 -1 36 233 158 -1 157 36 158 -1 159 189 228 -1 200 226 168 -1 111 169 239 -1 169 237 239 -1 169 273 237 -1 169 168 273 -1 168 226 273 -1 194 274 256 -1 269 194 256 -1 200 227 225 -1 227 251 225 -1 227 219 251 -1 187 4 3 -1 187 3 271 -1 195 256 247 -1 247 256 255 -1 246 247 255 -1 237 238 274 -1 237 273 226 -1 194 237 274 -1 274 238 232 -1 231 274 232 -1 231 256 274 -1 225 252 226 -1 225 251 252 -1 219 223 252 -1 265 216 224 -1 265 224 275 -1 233 265 275 -1 238 252 232 -1 223 232 252 -1 3 275 224 -1 3 21 275 -1 189 275 143 -1 233 275 189 -1 275 21 143 -1 9 11 32 -1 49 48 10 -1 60 78 83 -1 60 83 208 -1 208 49 10 -1 60 208 10 -1 32 67 61 -1 9 32 61 -1 9 61 60 -1 10 9 60 -1 60 90 68 -1 191 51 258 -1 264 180 191 -1 264 191 258 -1 106 74 260 -1 106 260 264 -1 106 264 258 -1 276 277 278 -1 279 280 281 -1 282 283 284 -1 285 286 287 -1 288 289 290 -1 291 292 293 -1 294 295 296 -1 297 298 299 -1 300 301 302 -1 303 304 305 -1 306 307 308 -1 309 310 311 -1 291 293 312 -1 313 314 315 -1 316 303 305 -1 317 318 319 -1 300 320 301 -1 321 277 322 -1 323 324 325 -1 309 326 310 -1 327 317 319 -1 328 329 330 -1 331 332 333 -1 334 335 336 -1 337 305 338 -1 338 305 304 -1 294 339 295 -1 301 340 302 -1 306 302 340 -1 341 342 297 -1 326 305 279 -1 326 279 310 -1 343 344 345 -1 341 338 304 -1 346 347 348 -1 349 299 298 -1 326 316 305 -1 326 350 316 -1 351 352 353 -1 288 290 349 -1 354 309 311 -1 326 355 350 -1 356 350 355 -1 338 357 358 -1 279 305 337 -1 328 359 360 -1 358 357 361 -1 309 355 326 -1 279 311 310 -1 362 363 364 -1 365 366 367 -1 368 369 370 -1 371 372 373 -1 374 375 376 -1 317 377 318 -1 341 297 299 -1 378 379 377 -1 349 290 380 -1 349 380 299 -1 289 374 327 -1 381 382 383 -1 354 384 309 -1 385 375 386 -1 309 384 355 -1 341 380 387 -1 341 299 380 -1 341 304 303 -1 388 351 389 -1 390 391 392 -1 341 303 342 -1 393 394 395 -1 344 396 345 -1 397 398 399 -1 400 396 344 -1 401 402 403 -1 279 337 280 -1 381 404 405 -1 387 406 338 -1 341 387 338 -1 407 408 409 -1 301 410 340 -1 408 406 409 -1 278 386 292 -1 411 412 413 -1 414 415 416 -1 407 343 412 -1 417 418 419 -1 407 412 408 -1 420 421 385 -1 314 422 315 -1 306 308 302 -1 316 419 303 -1 302 308 423 -1 407 344 343 -1 338 406 357 -1 424 357 408 -1 408 357 406 -1 425 426 427 -1 411 408 412 -1 287 330 329 -1 424 408 411 -1 290 428 409 -1 337 338 358 -1 424 361 357 -1 415 283 416 -1 415 284 283 -1 429 295 339 -1 337 358 280 -1 279 281 311 -1 311 281 294 -1 354 311 294 -1 430 431 426 -1 282 416 283 -1 432 416 282 -1 429 339 280 -1 294 280 339 -1 433 434 435 -1 384 294 296 -1 436 437 397 -1 354 294 384 -1 438 325 413 -1 381 383 439 -1 400 379 440 -1 307 418 308 -1 421 376 385 -1 308 418 284 -1 340 403 441 -1 442 443 347 -1 307 419 418 -1 350 417 316 -1 429 358 361 -1 343 345 438 -1 316 417 419 -1 433 418 417 -1 444 445 446 -1 356 417 350 -1 356 433 417 -1 290 409 380 -1 336 335 447 -1 420 385 321 -1 401 403 373 -1 448 449 450 -1 396 440 451 -1 426 452 427 -1 453 454 455 -1 300 302 423 -1 303 402 342 -1 288 374 289 -1 308 284 423 -1 401 332 402 -1 423 284 415 -1 372 401 373 -1 306 441 307 -1 375 456 457 -1 307 458 419 -1 307 441 458 -1 459 291 312 -1 303 419 458 -1 287 286 330 -1 371 363 362 -1 374 456 375 -1 460 461 462 -1 289 428 290 -1 463 464 465 -1 340 410 373 -1 451 440 466 -1 371 410 363 -1 460 467 468 -1 469 330 470 -1 321 385 386 -1 458 441 402 -1 471 435 434 -1 298 457 456 -1 472 473 474 -1 368 475 369 -1 420 475 368 -1 476 440 379 -1 420 321 475 -1 288 456 374 -1 477 478 378 -1 372 293 333 -1 276 278 292 -1 276 292 291 -1 371 373 410 -1 321 386 277 -1 278 277 386 -1 421 479 376 -1 331 333 480 -1 466 440 481 -1 482 292 386 -1 482 386 375 -1 298 331 457 -1 385 376 375 -1 483 436 484 -1 450 449 485 -1 486 487 488 -1 479 327 376 -1 387 409 406 -1 374 376 327 -1 477 317 479 -1 479 317 327 -1 477 377 317 -1 477 378 377 -1 289 327 319 -1 383 489 474 -1 372 333 401 -1 476 481 440 -1 396 323 345 -1 451 490 323 -1 466 481 395 -1 429 280 358 -1 389 491 492 -1 466 395 394 -1 285 287 493 -1 477 494 478 -1 371 495 312 -1 450 496 497 -1 297 332 331 -1 429 361 498 -1 289 319 428 -1 499 319 318 -1 428 319 499 -1 371 362 495 -1 315 500 501 -1 400 344 318 -1 344 499 318 -1 312 293 372 -1 371 312 372 -1 400 440 396 -1 502 503 437 -1 396 451 323 -1 407 428 499 -1 407 409 428 -1 380 409 387 -1 407 499 344 -1 301 363 410 -1 301 320 363 -1 411 504 361 -1 424 411 361 -1 361 504 498 -1 292 480 293 -1 297 342 332 -1 505 506 507 -1 482 457 480 -1 508 509 510 -1 482 480 292 -1 482 375 457 -1 293 480 333 -1 331 480 457 -1 288 349 456 -1 378 478 474 -1 349 298 456 -1 340 373 403 -1 401 333 332 -1 297 331 298 -1 342 402 332 -1 306 340 441 -1 441 403 402 -1 303 458 402 -1 494 383 478 -1 511 512 465 -1 446 491 353 -1 411 413 513 -1 411 513 514 -1 381 439 404 -1 505 515 516 -1 517 514 493 -1 436 397 484 -1 518 346 519 -1 520 443 507 -1 360 359 521 -1 453 522 523 -1 467 462 524 -1 421 525 494 -1 426 431 452 -1 526 398 503 -1 383 382 489 -1 336 447 493 -1 494 439 383 -1 476 379 378 -1 511 465 527 -1 362 364 495 -1 383 474 478 -1 472 474 489 -1 526 528 529 -1 477 479 494 -1 476 378 473 -1 378 474 473 -1 530 463 531 -1 476 473 481 -1 400 318 379 -1 377 379 318 -1 532 533 534 -1 451 394 487 -1 451 466 394 -1 451 487 490 -1 345 323 325 -1 345 325 438 -1 412 438 413 -1 343 438 412 -1 325 535 413 -1 323 490 324 -1 394 488 487 -1 486 536 487 -1 487 536 490 -1 490 536 324 -1 429 498 537 -1 429 537 295 -1 325 324 535 -1 538 450 497 -1 513 535 539 -1 285 447 540 -1 541 450 542 -1 460 443 442 -1 351 543 544 -1 535 425 334 -1 370 405 404 -1 518 545 346 -1 370 404 525 -1 368 370 525 -1 439 525 404 -1 321 322 475 -1 368 525 421 -1 420 368 421 -1 494 525 439 -1 421 494 479 -1 471 546 435 -1 460 547 443 -1 346 545 347 -1 548 390 444 -1 501 437 549 -1 526 500 528 -1 324 425 535 -1 413 535 513 -1 535 334 539 -1 486 430 536 -1 328 453 329 -1 324 536 426 -1 550 543 551 -1 324 426 425 -1 536 430 426 -1 334 425 552 -1 425 427 552 -1 553 519 346 -1 411 514 504 -1 513 539 554 -1 526 555 398 -1 513 554 514 -1 463 556 557 -1 334 336 554 -1 539 334 554 -1 504 514 517 -1 504 517 498 -1 554 493 514 -1 498 517 287 -1 498 287 537 -1 517 493 287 -1 285 493 447 -1 334 552 335 -1 328 330 469 -1 558 559 560 -1 561 562 544 -1 501 500 437 -1 529 500 422 -1 563 464 564 -1 468 563 547 -1 483 565 566 -1 467 524 567 -1 520 347 443 -1 568 549 569 -1 570 492 571 -1 390 572 391 -1 568 569 508 -1 433 435 573 -1 543 529 551 -1 467 567 455 -1 574 485 575 -1 336 493 554 -1 530 564 463 -1 295 537 329 -1 557 576 577 -1 578 579 436 -1 559 571 492 -1 566 527 580 -1 581 534 533 -1 384 296 522 -1 384 522 567 -1 295 523 522 -1 295 522 296 -1 295 329 523 -1 537 287 329 -1 581 506 516 -1 432 582 416 -1 285 540 583 -1 534 516 584 -1 285 583 286 -1 356 434 433 -1 355 524 434 -1 356 355 434 -1 355 384 567 -1 355 567 524 -1 566 580 454 -1 506 346 348 -1 388 543 351 -1 572 585 391 -1 328 469 359 -1 520 507 506 -1 550 544 543 -1 471 586 546 -1 551 529 422 -1 538 587 588 -1 529 528 500 -1 564 464 463 -1 389 353 491 -1 589 399 590 -1 591 442 347 -1 470 330 286 -1 315 422 500 -1 512 589 465 -1 592 531 557 -1 520 506 348 -1 455 567 522 -1 366 542 588 -1 557 556 576 -1 533 593 553 -1 460 442 461 -1 581 533 553 -1 581 553 506 -1 581 516 534 -1 594 516 506 -1 594 506 505 -1 453 455 522 -1 593 518 519 -1 593 519 553 -1 553 346 506 -1 591 347 545 -1 505 507 443 -1 520 348 347 -1 468 454 563 -1 546 582 573 -1 595 582 546 -1 546 573 435 -1 471 434 461 -1 462 461 524 -1 461 434 524 -1 592 530 531 -1 397 596 484 -1 547 563 530 -1 597 561 544 -1 483 484 565 -1 390 392 444 -1 559 492 560 -1 460 468 547 -1 502 500 526 -1 562 351 544 -1 388 529 543 -1 388 526 529 -1 502 437 500 -1 578 436 483 -1 578 483 598 -1 469 599 359 -1 501 549 568 -1 578 600 579 -1 600 566 579 -1 453 523 329 -1 601 470 583 -1 470 286 583 -1 527 465 602 -1 436 549 437 -1 436 569 549 -1 469 470 599 -1 328 360 453 -1 436 579 569 -1 569 579 521 -1 569 521 508 -1 508 521 509 -1 579 360 521 -1 521 359 509 -1 599 509 359 -1 594 505 516 -1 592 557 577 -1 518 586 545 -1 591 545 586 -1 591 586 471 -1 591 471 442 -1 442 471 461 -1 443 547 530 -1 538 588 542 -1 603 584 390 -1 584 572 390 -1 460 462 467 -1 572 515 585 -1 446 604 491 -1 365 444 605 -1 603 390 548 -1 502 526 503 -1 392 560 606 -1 463 557 531 -1 467 455 454 -1 467 454 468 -1 388 389 570 -1 391 577 607 -1 454 580 527 -1 365 605 446 -1 444 446 605 -1 444 392 445 -1 584 516 515 -1 584 515 572 -1 505 592 515 -1 443 530 592 -1 505 443 592 -1 391 607 558 -1 562 450 541 -1 561 450 562 -1 352 542 353 -1 351 353 389 -1 388 570 526 -1 526 570 555 -1 437 503 398 -1 437 398 397 -1 566 511 527 -1 566 565 511 -1 454 527 602 -1 454 602 563 -1 538 542 450 -1 445 392 446 -1 530 563 564 -1 556 608 590 -1 446 392 606 -1 515 592 585 -1 538 497 587 -1 446 606 560 -1 446 560 604 -1 574 609 610 -1 392 558 560 -1 392 391 558 -1 497 496 610 -1 496 574 610 -1 391 585 577 -1 592 577 585 -1 450 485 574 -1 450 574 496 -1 389 492 570 -1 555 570 611 -1 570 571 611 -1 398 611 399 -1 555 611 398 -1 397 399 596 -1 484 596 589 -1 484 589 565 -1 511 565 512 -1 565 589 512 -1 602 465 612 -1 602 612 464 -1 602 464 563 -1 576 607 577 -1 558 607 576 -1 449 575 485 -1 492 604 560 -1 492 491 604 -1 559 611 571 -1 596 399 589 -1 559 590 399 -1 559 399 611 -1 558 576 559 -1 465 589 608 -1 612 465 464 -1 559 576 590 -1 589 590 608 -1 576 556 590 -1 463 465 608 -1 463 608 556 -1 281 280 294 -1 418 433 573 -1 282 284 418 -1 282 418 573 -1 573 582 432 -1 432 282 573 -1 352 351 562 -1 352 562 541 -1 365 446 353 -1 365 353 542 -1 352 541 542 -1 542 366 365 -1 566 454 453 -1 566 453 360 -1 360 579 566 -1 483 566 600 -1 598 483 600 -1 598 600 578 -1 613 614 615 -1 616 617 618 -1 619 620 621 -1 622 623 624 -1 625 626 627 -1 628 629 630 -1 631 632 633 -1 634 635 636 -1 637 638 639 -1 640 641 642 -1 643 644 645 -1 646 647 648 -1 649 650 651 -1 652 653 654 -1 655 656 619 -1 657 658 659 -1 650 146 651 -1 657 660 661 -1 662 663 664 -1 665 104 666 -1 667 668 669 -1 670 671 672 -1 673 674 675 -1 676 677 678 -1 250 679 680 -1 681 629 57 -1 682 683 684 -1 685 686 687 -1 688 689 690 -1 691 630 629 -1 692 693 694 -1 650 681 56 -1 695 696 697 -1 698 699 700 -1 701 702 703 -1 704 705 706 -1 707 708 709 -1 710 711 712 -1 709 713 714 -1 715 716 658 -1 629 171 57 -1 669 717 718 -1 719 712 711 -1 720 721 722 -1 723 724 725 -1 726 727 728 -1 729 730 731 -1 732 617 733 -1 691 734 630 -1 735 684 730 -1 736 737 738 -1 739 740 741 -1 626 742 627 -1 743 744 680 -1 745 734 738 -1 746 747 748 -1 749 750 751 -1 745 752 753 -1 654 648 754 -1 755 756 757 -1 717 758 631 -1 745 738 632 -1 614 759 760 -1 717 633 718 -1 646 648 761 -1 762 638 763 -1 764 765 642 -1 637 248 766 -1 767 632 631 -1 650 768 681 -1 739 769 770 -1 771 726 728 -1 734 772 738 -1 616 733 617 -1 735 730 729 -1 773 774 775 -1 755 776 756 -1 777 778 779 -1 664 780 781 -1 769 782 783 -1 784 785 786 -1 787 695 697 -1 737 642 641 -1 709 667 788 -1 789 790 733 -1 668 791 792 -1 788 667 669 -1 709 708 667 -1 793 794 795 -1 796 797 798 -1 669 668 792 -1 799 800 801 -1 708 751 668 -1 802 803 804 -1 792 805 758 -1 667 708 668 -1 708 806 749 -1 708 749 751 -1 701 703 706 -1 807 668 751 -1 807 791 668 -1 808 809 810 -1 811 812 813 -1 803 814 815 -1 816 700 699 -1 817 663 818 -1 665 819 820 -1 821 822 823 -1 56 681 57 -1 824 825 697 -1 767 826 752 -1 743 679 827 -1 828 829 830 -1 831 832 833 -1 781 834 689 -1 835 836 837 -1 806 838 839 -1 652 654 840 -1 807 841 791 -1 625 842 714 -1 745 630 734 -1 755 843 776 -1 844 696 845 -1 666 104 846 -1 847 848 849 -1 788 669 718 -1 850 851 852 -1 853 671 854 -1 855 764 649 -1 856 651 71 -1 71 651 72 -1 707 806 708 -1 855 649 651 -1 857 714 713 -1 858 859 860 -1 861 704 862 -1 665 821 819 -1 856 855 651 -1 649 768 650 -1 717 631 633 -1 649 764 736 -1 649 736 772 -1 863 786 864 -1 649 772 768 -1 865 866 867 -1 650 56 146 -1 868 869 870 -1 857 713 871 -1 689 872 873 -1 691 681 772 -1 768 772 681 -1 874 875 876 -1 877 725 878 -1 771 171 629 -1 722 721 879 -1 880 881 723 -1 868 882 883 -1 745 767 752 -1 884 885 886 -1 764 642 737 -1 736 764 737 -1 762 712 719 -1 737 641 738 -1 736 738 772 -1 633 641 858 -1 640 858 641 -1 632 738 641 -1 633 632 641 -1 691 772 734 -1 881 887 723 -1 745 632 767 -1 718 633 858 -1 628 615 726 -1 888 622 648 -1 807 889 841 -1 669 792 758 -1 890 891 892 -1 669 758 717 -1 893 894 895 -1 771 629 628 -1 857 871 896 -1 691 629 681 -1 897 819 821 -1 898 899 900 -1 659 867 660 -1 745 753 630 -1 901 842 902 -1 903 904 905 -1 802 906 907 -1 614 908 759 -1 909 773 823 -1 817 910 911 -1 912 619 801 -1 913 914 860 -1 810 833 832 -1 715 915 716 -1 693 916 890 -1 810 760 759 -1 824 697 696 -1 828 830 917 -1 918 893 919 -1 920 800 794 -1 921 922 923 -1 924 925 872 -1 874 876 765 -1 926 927 928 -1 655 747 656 -1 929 723 725 -1 752 908 614 -1 710 686 930 -1 931 932 933 -1 934 684 735 -1 770 935 936 -1 937 938 939 -1 639 762 719 -1 752 826 908 -1 614 760 940 -1 840 654 829 -1 897 887 941 -1 749 806 839 -1 942 943 944 -1 824 844 945 -1 946 947 948 -1 949 950 951 -1 771 628 726 -1 72 651 146 -1 838 952 953 -1 767 758 826 -1 767 631 758 -1 782 954 948 -1 758 805 826 -1 955 801 621 -1 956 957 720 -1 753 614 613 -1 707 901 806 -1 792 791 805 -1 807 751 750 -1 868 883 869 -1 771 728 171 -1 152 171 728 -1 901 838 806 -1 958 898 900 -1 791 809 805 -1 805 809 808 -1 791 841 809 -1 959 925 924 -1 807 750 889 -1 960 961 910 -1 628 613 615 -1 824 945 962 -1 693 890 892 -1 963 964 678 -1 809 833 810 -1 86 965 846 -1 919 811 966 -1 967 968 702 -1 969 970 619 -1 630 753 613 -1 628 630 613 -1 730 971 731 -1 752 614 753 -1 913 972 914 -1 614 940 615 -1 826 805 808 -1 726 615 727 -1 826 808 908 -1 735 951 973 -1 974 639 719 -1 810 832 760 -1 849 942 944 -1 222 820 960 -1 869 975 870 -1 250 680 262 -1 715 976 977 -1 978 884 886 -1 979 868 870 -1 980 981 702 -1 982 976 715 -1 133 983 984 -1 985 694 986 -1 987 652 840 -1 963 898 958 -1 243 988 989 -1 980 620 981 -1 845 864 990 -1 909 991 774 -1 992 981 620 -1 909 904 991 -1 769 783 993 -1 994 987 828 -1 874 995 989 -1 810 759 908 -1 996 973 997 -1 808 810 908 -1 945 998 999 -1 616 789 733 -1 1000 862 884 -1 780 797 796 -1 912 801 800 -1 1001 992 620 -1 658 865 1002 -1 848 1003 877 -1 1004 837 836 -1 222 2 820 -1 901 1005 838 -1 1006 1007 865 -1 720 1008 1009 -1 1010 938 1011 -1 895 1012 1013 -1 976 1014 880 -1 848 877 849 -1 746 754 932 -1 949 879 950 -1 990 1015 1016 -1 643 731 1017 -1 968 980 702 -1 1018 664 781 -1 642 1019 859 -1 874 765 995 -1 680 744 1020 -1 645 958 1021 -1 854 671 670 -1 924 872 798 -1 1022 716 848 -1 838 953 839 -1 790 1009 1023 -1 823 725 724 -1 1022 848 744 -1 666 903 1024 -1 850 892 891 -1 692 916 693 -1 1009 997 721 -1 1025 816 1005 -1 876 1019 765 -1 661 1026 1027 -1 1028 893 918 -1 619 656 620 -1 686 1029 687 -1 914 972 871 -1 974 827 259 -1 660 670 672 -1 744 848 847 -1 723 887 724 -1 1004 879 949 -1 706 703 1030 -1 1026 672 671 -1 625 714 626 -1 1031 1015 851 -1 987 840 828 -1 881 941 887 -1 693 892 1032 -1 1033 1034 1035 -1 1036 1037 1038 -1 707 842 901 -1 640 642 859 -1 923 827 974 -1 645 1021 1039 -1 662 664 1018 -1 824 696 844 -1 1032 852 1040 -1 867 866 1034 -1 1041 636 1042 -1 1043 1030 885 -1 1044 927 763 -1 1045 678 1046 -1 1017 958 644 -1 786 986 864 -1 1047 1048 1045 -1 856 989 855 -1 869 1049 975 -1 1033 854 1034 -1 816 1050 1051 -1 1052 685 1053 -1 1010 1011 837 -1 788 1054 713 -1 825 962 787 -1 222 960 176 -1 1012 656 746 -1 1006 716 921 -1 781 798 834 -1 803 891 814 -1 709 714 842 -1 974 1055 639 -1 639 638 762 -1 917 655 619 -1 913 1056 1057 -1 1016 1015 677 -1 1058 911 961 -1 267 1059 1060 -1 689 834 798 -1 864 1061 990 -1 637 639 1055 -1 1028 894 893 -1 937 939 1062 -1 967 870 968 -1 1063 685 687 -1 716 922 921 -1 703 981 1030 -1 1043 704 1030 -1 777 779 1064 -1 922 743 827 -1 987 936 652 -1 978 886 1028 -1 817 1065 910 -1 856 71 221 -1 856 221 989 -1 862 1043 885 -1 855 989 995 -1 1007 1063 865 -1 855 995 764 -1 764 995 765 -1 642 765 1019 -1 1066 1067 756 -1 640 859 858 -1 718 858 860 -1 718 860 1054 -1 788 718 1054 -1 243 989 221 -1 782 634 783 -1 1031 899 898 -1 1017 964 958 -1 857 626 714 -1 709 788 713 -1 707 709 842 -1 1031 851 899 -1 901 902 1005 -1 838 1005 952 -1 952 1005 699 -1 1002 867 659 -1 1068 1051 701 -1 973 951 950 -1 793 969 912 -1 790 1023 733 -1 1069 967 1050 -1 966 1070 888 -1 731 971 1071 -1 1022 744 743 -1 910 1065 135 -1 910 135 176 -1 960 910 176 -1 863 845 696 -1 960 820 961 -1 819 961 820 -1 886 885 895 -1 1044 763 638 -1 1072 990 1016 -1 695 763 927 -1 695 927 1073 -1 695 1073 696 -1 1044 928 927 -1 919 812 811 -1 982 657 976 -1 926 1073 927 -1 926 1074 1073 -1 1074 696 1073 -1 1074 863 696 -1 883 1075 1076 -1 658 1006 865 -1 1020 847 1059 -1 1008 1023 1009 -1 1031 898 677 -1 617 1077 618 -1 1074 784 786 -1 1074 786 863 -1 985 786 785 -1 105 820 2 -1 1078 682 934 -1 105 104 820 -1 665 820 104 -1 80 846 104 -1 741 740 917 -1 946 739 1079 -1 980 955 621 -1 946 769 739 -1 80 211 846 -1 211 86 846 -1 739 770 987 -1 994 739 987 -1 893 1080 813 -1 982 715 657 -1 1071 1081 1046 -1 715 658 657 -1 978 1000 884 -1 936 935 1078 -1 658 1002 659 -1 1082 1083 918 -1 680 88 262 -1 680 1020 88 -1 743 680 679 -1 250 125 679 -1 125 259 679 -1 679 259 827 -1 1018 688 1057 -1 1055 259 127 -1 1055 127 249 -1 637 1055 249 -1 974 259 1055 -1 769 993 770 -1 770 993 935 -1 987 770 936 -1 1022 743 922 -1 935 993 682 -1 1078 935 682 -1 658 716 1006 -1 936 1078 1084 -1 1022 922 716 -1 1006 921 1085 -1 936 1084 789 -1 936 789 616 -1 922 827 923 -1 934 682 684 -1 1078 934 1084 -1 985 692 694 -1 1020 1059 88 -1 662 1018 1056 -1 934 996 1084 -1 921 923 1086 -1 921 1086 1085 -1 1085 1086 1052 -1 876 1087 1019 -1 996 790 1084 -1 1084 790 789 -1 1006 1085 1007 -1 934 735 973 -1 934 973 996 -1 923 974 719 -1 996 997 1009 -1 996 1009 790 -1 923 719 1086 -1 1086 719 711 -1 1086 711 1052 -1 1052 711 710 -1 973 950 997 -1 1038 794 1064 -1 997 950 721 -1 950 879 721 -1 720 1009 721 -1 787 710 712 -1 762 763 695 -1 762 695 712 -1 956 720 722 -1 787 712 695 -1 1010 1004 939 -1 825 787 697 -1 637 249 248 -1 732 733 1023 -1 637 766 638 -1 766 1044 638 -1 766 1088 1044 -1 1088 928 1044 -1 720 957 1008 -1 863 864 845 -1 1004 836 879 -1 722 879 836 -1 835 722 836 -1 956 722 835 -1 1010 837 1004 -1 884 862 885 -1 1028 886 895 -1 885 1089 1001 -1 1028 895 894 -1 1082 918 919 -1 1082 919 1083 -1 618 646 653 -1 911 910 961 -1 988 874 989 -1 787 962 710 -1 133 135 983 -1 769 1090 782 -1 817 135 1065 -1 817 983 135 -1 993 783 682 -1 682 783 683 -1 684 683 1041 -1 914 871 1054 -1 1087 859 1019 -1 665 666 821 -1 1087 913 859 -1 936 616 618 -1 936 618 652 -1 913 860 859 -1 914 1054 860 -1 871 713 1054 -1 684 1041 730 -1 735 729 951 -1 951 729 643 -1 949 951 643 -1 1058 819 897 -1 1058 961 819 -1 1085 1053 1063 -1 666 1024 821 -1 666 846 903 -1 903 846 965 -1 657 959 1014 -1 757 1067 1091 -1 657 1014 976 -1 657 1092 959 -1 959 1092 661 -1 657 661 1092 -1 657 659 660 -1 1093 1051 1050 -1 1004 949 643 -1 1004 643 645 -1 1004 645 939 -1 962 945 999 -1 1010 939 938 -1 937 1011 938 -1 1090 954 782 -1 86 267 965 -1 88 1059 267 -1 883 1094 1075 -1 744 847 1020 -1 905 904 909 -1 975 777 799 -1 769 954 1090 -1 715 977 915 -1 716 915 848 -1 1002 865 867 -1 865 1063 866 -1 1085 1063 1007 -1 1085 1052 1053 -1 1052 710 930 -1 1052 930 685 -1 1015 1040 851 -1 710 962 686 -1 824 962 825 -1 959 924 880 -1 683 636 1041 -1 1066 776 1095 -1 862 704 1043 -1 1039 958 900 -1 811 1070 966 -1 829 748 747 -1 1096 1091 1097 -1 852 851 1040 -1 1025 902 625 -1 1027 1026 925 -1 985 986 786 -1 625 902 842 -1 1025 1005 902 -1 816 699 1005 -1 1000 861 862 -1 946 1079 793 -1 946 793 947 -1 1098 1029 1067 -1 946 948 954 -1 946 954 769 -1 793 741 917 -1 1079 741 793 -1 739 741 1079 -1 994 828 739 -1 739 828 740 -1 1058 1099 911 -1 945 844 998 -1 698 700 1068 -1 845 1072 1016 -1 1025 1069 816 -1 754 648 622 -1 1041 971 730 -1 899 907 900 -1 1100 1076 1049 -1 829 754 748 -1 844 1016 998 -1 948 794 1101 -1 888 932 623 -1 618 1102 646 -1 917 619 970 -1 803 850 891 -1 948 947 793 -1 948 793 795 -1 893 895 1080 -1 1021 958 1039 -1 627 979 1069 -1 243 154 988 -1 731 1071 1103 -1 909 823 822 -1 830 747 655 -1 694 693 1032 -1 811 933 1070 -1 660 854 670 -1 999 1097 1029 -1 802 804 906 -1 986 1061 864 -1 853 1038 671 -1 813 746 932 -1 933 932 1070 -1 700 1051 1068 -1 888 647 1104 -1 880 924 797 -1 1018 1057 1056 -1 683 634 636 -1 783 634 683 -1 1037 1105 1038 -1 1026 671 779 -1 912 800 920 -1 959 661 1027 -1 1089 1030 1001 -1 877 942 849 -1 988 154 984 -1 988 984 874 -1 874 984 875 -1 133 984 154 -1 817 875 983 -1 983 875 984 -1 729 731 643 -1 1057 688 972 -1 959 880 1014 -1 976 929 1003 -1 976 1003 977 -1 1042 1106 971 -1 821 823 887 -1 911 1099 1107 -1 866 843 1034 -1 1053 685 1063 -1 979 967 1069 -1 967 1093 1050 -1 755 757 1108 -1 1108 757 673 -1 876 875 818 -1 817 818 875 -1 817 1107 663 -1 817 911 1107 -1 876 818 1087 -1 1087 818 1056 -1 1056 818 663 -1 662 1056 663 -1 685 930 686 -1 816 1051 700 -1 1093 701 1051 -1 705 1068 706 -1 1037 854 1033 -1 828 917 740 -1 1041 1042 971 -1 1087 1056 913 -1 913 1057 972 -1 663 1107 664 -1 871 972 896 -1 688 896 972 -1 688 1109 896 -1 857 896 882 -1 1058 897 1099 -1 897 941 1099 -1 897 821 887 -1 976 880 929 -1 755 1108 843 -1 1108 1035 843 -1 673 757 1091 -1 673 1091 1110 -1 1096 1110 1091 -1 1096 1045 1110 -1 1047 1045 1096 -1 643 1017 644 -1 977 848 915 -1 977 1003 848 -1 857 882 626 -1 626 882 742 -1 627 742 868 -1 627 868 979 -1 625 627 1069 -1 634 1108 635 -1 1025 625 1069 -1 816 1069 1050 -1 1068 701 706 -1 1036 854 1037 -1 853 854 1036 -1 1034 843 1035 -1 1042 635 1106 -1 1018 781 688 -1 883 882 896 -1 1107 1099 780 -1 1107 780 664 -1 780 796 781 -1 1099 941 881 -1 780 1099 881 -1 780 881 797 -1 880 797 881 -1 929 880 723 -1 1100 869 883 -1 979 870 967 -1 704 706 1030 -1 917 970 969 -1 793 917 969 -1 885 1030 1089 -1 895 1001 1012 -1 895 885 1001 -1 1013 1012 746 -1 813 1013 746 -1 895 1013 813 -1 895 813 1080 -1 965 267 904 -1 267 1060 904 -1 893 813 812 -1 893 812 919 -1 688 781 689 -1 883 896 1109 -1 1109 690 1094 -1 688 690 1109 -1 883 1109 1094 -1 929 725 877 -1 1063 1066 866 -1 1100 883 1076 -1 866 1095 843 -1 843 1095 776 -1 802 850 803 -1 866 1066 1095 -1 821 1024 909 -1 821 909 822 -1 1063 687 1066 -1 687 1098 1066 -1 782 1033 1035 -1 782 1035 634 -1 903 905 1024 -1 1075 873 1076 -1 1024 905 909 -1 903 965 904 -1 757 756 1067 -1 634 1035 1108 -1 796 798 781 -1 687 1029 1098 -1 1108 675 635 -1 1091 1067 1111 -1 1108 673 675 -1 1112 943 775 -1 962 999 686 -1 686 999 1029 -1 635 675 674 -1 1091 1111 1097 -1 797 924 798 -1 1047 1096 1097 -1 1047 1097 676 -1 636 635 1042 -1 959 1027 925 -1 652 618 653 -1 887 823 724 -1 673 1110 674 -1 888 1070 932 -1 1110 1081 674 -1 929 877 1003 -1 971 1106 1071 -1 660 672 1026 -1 661 660 1026 -1 1045 1081 1110 -1 1045 1046 1081 -1 1045 1048 678 -1 845 990 1072 -1 844 845 1016 -1 731 1103 964 -1 731 964 1017 -1 867 854 660 -1 867 1034 854 -1 1077 1102 618 -1 986 694 1032 -1 986 1032 1061 -1 1077 1113 1102 -1 868 742 882 -1 1100 1049 869 -1 870 955 968 -1 967 702 1093 -1 1093 702 701 -1 703 702 981 -1 1030 981 992 -1 802 907 899 -1 1047 676 1048 -1 1048 676 678 -1 870 975 955 -1 793 912 920 -1 968 955 980 -1 645 644 958 -1 645 1039 939 -1 939 1039 1062 -1 969 619 912 -1 853 1036 1038 -1 1037 1101 1105 -1 948 1101 1037 -1 948 795 794 -1 775 878 1114 -1 793 920 794 -1 948 1037 1033 -1 782 948 1033 -1 917 830 655 -1 646 654 653 -1 830 829 747 -1 840 829 828 -1 1030 992 1001 -1 1061 1040 990 -1 1066 756 776 -1 635 674 1106 -1 1098 1067 1066 -1 674 1081 1106 -1 1106 1081 1071 -1 689 798 872 -1 1071 1046 1103 -1 963 678 677 -1 1049 777 975 -1 975 799 801 -1 975 801 955 -1 980 621 620 -1 1001 620 656 -1 1012 1001 656 -1 746 656 747 -1 1038 1105 1101 -1 1038 1101 794 -1 754 624 932 -1 1111 1067 1029 -1 1111 1029 1097 -1 999 998 1097 -1 1097 998 676 -1 966 1102 1113 -1 1049 778 777 -1 1076 778 1049 -1 619 621 801 -1 1103 1046 678 -1 1103 678 964 -1 963 677 898 -1 1094 690 873 -1 689 873 690 -1 676 998 1016 -1 676 1016 677 -1 990 1040 1015 -1 823 773 725 -1 671 1064 779 -1 671 1038 1064 -1 646 761 654 -1 963 958 964 -1 1094 873 1075 -1 802 851 850 -1 802 899 851 -1 1039 907 1062 -1 1039 900 907 -1 1031 677 1015 -1 794 800 1064 -1 811 813 931 -1 799 777 800 -1 777 1064 800 -1 1061 1032 1040 -1 1032 892 852 -1 1115 907 906 -1 1115 1062 907 -1 850 852 892 -1 890 814 891 -1 1115 906 804 -1 888 623 622 -1 909 774 773 -1 991 1112 774 -1 773 775 1114 -1 725 773 1114 -1 725 1114 878 -1 877 878 942 -1 654 754 829 -1 654 761 648 -1 746 748 754 -1 813 932 931 -1 811 931 933 -1 1102 1104 647 -1 646 1102 647 -1 1102 888 1104 -1 966 888 1102 -1 942 878 943 -1 888 648 647 -1 775 943 878 -1 1112 1116 944 -1 1112 944 943 -1 1112 775 774 -1 754 1117 624 -1 754 622 1117 -1 932 624 623 -1 622 624 1117 -1 778 1076 873 -1 925 1026 779 -1 778 873 872 -1 925 779 778 -1 925 778 872 -1 1116 1112 991 -1 991 904 1060 -1 1116 991 1060 -1 847 849 944 -1 1059 847 944 -1 1060 1059 944 -1 1060 944 1116 -1 1118 1119 1120 -1 1121 1122 1123 -1 1124 1125 1126 -1 1127 1128 1129 -1 1130 1131 1132 -1 1133 1134 1135 -1 1136 1137 1138 -1 1139 1140 1141 -1 1142 1143 1126 -1 1144 1145 1146 -1 1147 1148 1149 -1 1150 1131 1151 -1 1152 1153 228 -1 1154 1155 1156 -1 1088 1157 928 -1 1158 1124 1159 -1 268 1160 1161 -1 1162 1163 1164 -1 1130 150 1165 -1 1142 1126 1166 -1 1167 1168 1169 -1 1170 1171 1172 -1 1173 1174 1175 -1 1164 1176 1177 -1 1170 1178 1179 -1 1180 142 1181 -1 1182 1183 1184 -1 1185 1186 1187 -1 1188 1189 1190 -1 1145 1191 1146 -1 1192 1138 1137 -1 1193 1194 1195 -1 1196 1197 1198 -1 1199 1200 1201 -1 1130 1165 1131 -1 1202 1203 1155 -1 1204 1205 1206 -1 1207 1208 1209 -1 1202 1155 1210 -1 1211 1212 1213 -1 1214 1138 1215 -1 369 1216 370 -1 1129 1217 1218 -1 1219 1220 1123 -1 1221 1222 1223 -1 1224 1134 1133 -1 1218 1217 1225 -1 1226 1149 1227 -1 1128 1208 1207 -1 1168 1228 1169 -1 1229 1230 1231 -1 1232 1159 1233 -1 1166 1234 1162 -1 1235 1236 1179 -1 1237 1139 1238 -1 1237 1239 1240 -1 1241 1242 1243 -1 1244 1245 1161 -1 1246 1247 1248 -1 1198 1197 1249 -1 1121 1123 1250 -1 1251 1163 1162 -1 1252 1253 1254 -1 1158 1255 276 -1 1120 1256 1257 -1 1258 1259 1260 -1 1118 1261 1225 -1 1262 1263 1264 -1 1265 1266 1267 -1 1268 1269 1194 -1 1270 1271 1234 -1 1272 1273 1274 -1 1275 1276 1277 -1 1186 1278 1279 -1 1280 1281 1282 -1 1175 1197 1196 -1 1206 1283 1227 -1 1284 1148 1285 -1 1226 1227 1286 -1 1287 1288 1289 -1 1284 1290 1291 -1 1168 1292 1293 -1 1294 1295 1296 -1 1213 1212 1252 -1 1144 1240 1297 -1 1298 1177 1176 -1 1299 1300 1288 -1 1127 1135 1134 -1 1199 1201 1212 -1 1128 1134 1224 -1 1301 1302 1303 -1 1204 1206 1227 -1 1304 1267 1266 -1 1305 1306 1307 -1 1222 1308 1223 -1 1309 1310 692 -1 1311 1312 1313 -1 1314 1315 1273 -1 1173 1316 1174 -1 1262 1317 1318 -1 1270 1166 1126 -1 1127 1134 1128 -1 1319 1320 1321 -1 1170 1179 1236 -1 1142 1166 1177 -1 1133 1279 1322 -1 1323 1233 1159 -1 1324 1215 1325 -1 1323 1159 1124 -1 1164 1326 1327 -1 1323 1124 1126 -1 1328 1329 1330 -1 1331 1332 1333 -1 1246 1334 1247 -1 1270 1126 1125 -1 1158 459 1124 -1 459 1125 1124 -1 1335 1336 1209 -1 1337 1135 1127 -1 1338 1339 1257 -1 1340 1341 1262 -1 1241 1243 890 -1 1158 276 291 -1 1342 1303 1302 -1 1158 291 459 -1 1198 1269 1343 -1 277 1338 322 -1 1344 1345 1150 -1 1346 1266 1347 -1 1326 1304 1266 -1 1348 1218 1225 -1 1193 1349 1287 -1 1270 1125 495 -1 1350 1297 1351 -1 1241 1352 1242 -1 1251 1162 1234 -1 1272 1314 1273 -1 1332 1215 1324 -1 926 1353 1354 -1 1355 1356 1357 -1 1358 1350 1228 -1 369 1315 1314 -1 1270 1234 1166 -1 1270 495 1271 -1 1223 1308 1359 -1 459 312 1125 -1 1125 312 495 -1 1174 1316 1360 -1 1262 1318 1285 -1 1361 1176 1327 -1 1362 1175 1363 -1 1225 1217 1119 -1 1364 1365 1348 -1 1118 1233 1261 -1 1147 1366 1367 -1 1368 1223 150 -1 1240 1369 1297 -1 1370 1293 1343 -1 1336 1274 1256 -1 1157 1353 928 -1 1330 1329 1371 -1 1118 1225 1119 -1 1221 1368 162 -1 1372 1222 1221 -1 1142 1177 1298 -1 1120 1119 1256 -1 1185 1187 1252 -1 1128 1224 1167 -1 1182 1184 1373 -1 1365 1298 1176 -1 1255 1339 1338 -1 1374 1375 1214 -1 1170 1236 1171 -1 1346 1347 1199 -1 1334 1376 1203 -1 1337 1213 1252 -1 1309 1305 1310 -1 1199 1212 1211 -1 1187 1279 1135 -1 1209 1336 1256 -1 1127 1377 1213 -1 1378 1197 1175 -1 1337 1127 1213 -1 1127 1129 1218 -1 1297 1369 1351 -1 1127 1218 1377 -1 1213 1377 1379 -1 1211 1213 1379 -1 1158 1380 1255 -1 1377 1218 1348 -1 1377 1348 1379 -1 1361 1379 1365 -1 1199 1211 1361 -1 1346 1199 1361 -1 1211 1379 1361 -1 1348 1365 1379 -1 1349 1195 1308 -1 1347 1266 1265 -1 1346 1361 1327 -1 1346 1327 1266 -1 1173 1381 1281 -1 1136 1138 1375 -1 1342 1382 1303 -1 1164 1327 1176 -1 1361 1365 1176 -1 1383 1384 1385 -1 1364 1298 1365 -1 1165 150 1223 -1 1326 1266 1327 -1 1326 1386 1304 -1 1118 1232 1233 -1 1163 1386 1164 -1 1195 1359 1308 -1 1164 1386 1326 -1 1162 1164 1177 -1 1186 1387 1278 -1 1128 1167 1208 -1 1228 1370 1388 -1 1168 1370 1228 -1 1186 1389 1390 -1 1169 1228 1350 -1 1358 1144 1350 -1 1144 1297 1350 -1 1272 1274 1391 -1 1144 1237 1240 -1 1237 1238 1239 -1 1167 1169 1208 -1 1245 1392 1393 -1 1335 1169 1350 -1 1118 1120 1232 -1 1344 1151 1394 -1 1335 1208 1169 -1 1128 1207 1129 -1 1335 1209 1208 -1 1395 1312 1311 -1 1232 1257 1339 -1 1147 1396 1341 -1 1335 1350 1351 -1 1209 1256 1119 -1 1239 1397 1369 -1 1240 1239 1369 -1 1335 1351 1336 -1 1142 1298 1143 -1 1369 1397 1272 -1 1398 1374 1214 -1 1369 1272 1391 -1 1399 1400 1401 -1 916 1241 890 -1 1262 1341 1263 -1 1237 1146 1139 -1 1372 1188 1308 -1 1341 1396 1402 -1 1140 1146 1191 -1 1397 1171 1236 -1 1239 1171 1397 -1 1315 1403 1273 -1 1404 1405 1306 -1 1235 1397 1236 -1 1235 1272 1397 -1 1258 1260 1406 -1 1407 1203 1408 -1 1380 1159 1232 -1 1409 1373 1398 -1 1364 1261 1143 -1 1173 1281 1316 -1 1378 1174 1345 -1 1378 1175 1174 -1 1410 1411 1412 -1 1291 1318 1317 -1 1193 1195 1349 -1 1168 1293 1370 -1 1406 1291 1317 -1 1187 1186 1279 -1 1129 1207 1217 -1 1207 1209 1119 -1 1207 1119 1217 -1 1130 148 150 -1 1348 1225 1261 -1 1364 1348 1261 -1 1391 1274 1336 -1 1368 150 155 -1 277 1255 1338 -1 1274 1257 1256 -1 1368 155 162 -1 1274 1273 1403 -1 1306 1405 1307 -1 1193 1287 1268 -1 1274 1403 1257 -1 1232 1120 1257 -1 1165 1413 1131 -1 1131 1413 1151 -1 1338 1257 1403 -1 1364 1143 1298 -1 1275 1277 1311 -1 1323 1143 1233 -1 1139 1146 1140 -1 1233 1143 1261 -1 1344 1150 1151 -1 1344 1394 1414 -1 1166 1162 1177 -1 1323 1126 1143 -1 1380 1232 1339 -1 1380 1339 1255 -1 1158 1159 1380 -1 1235 1314 1272 -1 1309 785 1305 -1 1235 1179 1216 -1 1235 1216 1314 -1 1179 1178 1415 -1 1179 1415 1216 -1 1344 1414 1249 -1 369 1314 1216 -1 1216 1415 370 -1 1315 322 1338 -1 1315 1338 1403 -1 369 475 1315 -1 475 322 1315 -1 1299 1416 1300 -1 1342 1302 1417 -1 276 1255 277 -1 1418 1419 1319 -1 1202 1420 1180 -1 1301 1226 1286 -1 1175 1196 1363 -1 1369 1391 1336 -1 1206 1409 1331 -1 1173 1175 1362 -1 1278 1387 1363 -1 1362 1363 1387 -1 1293 1196 1198 -1 1293 1198 1343 -1 1279 1278 1322 -1 1221 1223 1368 -1 1293 1292 1322 -1 1421 1422 1277 -1 186 1423 187 -1 1293 1322 1196 -1 1155 1407 1156 -1 1224 1322 1292 -1 1224 1133 1322 -1 1167 1292 1168 -1 1154 1424 1425 -1 1167 1224 1292 -1 1268 1287 1289 -1 1165 1223 1359 -1 1193 1268 1194 -1 1358 1228 1388 -1 1165 1359 1413 -1 1185 1252 1254 -1 1372 1308 1222 -1 1394 1413 1359 -1 1394 1151 1413 -1 1133 1135 1279 -1 1394 1359 1195 -1 1278 1363 1196 -1 1188 1349 1308 -1 1337 1252 1135 -1 1187 1135 1252 -1 1426 1427 1241 -1 1344 1378 1345 -1 1199 1347 1200 -1 1344 1249 1378 -1 1394 1195 1194 -1 1414 1394 1194 -1 1370 1428 1388 -1 1370 1343 1428 -1 1249 1194 1269 -1 1414 1194 1249 -1 1280 1316 1281 -1 1229 1313 1312 -1 1145 1428 1191 -1 1145 1388 1428 -1 1378 1249 1197 -1 1358 1388 1145 -1 1198 1249 1269 -1 1343 1269 1268 -1 1358 1145 1144 -1 1144 1146 1237 -1 1401 1419 1429 -1 1351 1369 1336 -1 1317 1264 1263 -1 1154 1392 1245 -1 1355 1295 1356 -1 1258 1406 1220 -1 1372 1189 1188 -1 1239 1238 1171 -1 1191 1428 1289 -1 1140 1300 1430 -1 1431 1432 1433 -1 1434 1259 1435 -1 1290 1285 1318 -1 1347 1295 1436 -1 1243 1437 1438 -1 1185 1385 1439 -1 1282 1381 1440 -1 1188 1190 1349 -1 1244 1441 228 -1 1421 1277 1276 -1 1202 1210 1244 -1 1349 1190 1287 -1 1157 1442 1353 -1 1268 1289 1428 -1 1343 1268 1428 -1 1191 1289 1288 -1 1407 1443 1156 -1 1345 1360 1444 -1 1140 1288 1300 -1 1445 1352 1427 -1 1140 1191 1288 -1 1140 1430 1141 -1 1262 1264 1317 -1 1202 1244 1420 -1 1229 1442 1313 -1 1267 1446 1356 -1 1447 1448 1449 -1 1411 1182 1412 -1 1202 1180 1203 -1 1409 1205 1412 -1 1183 1319 1433 -1 1398 1373 1374 -1 1180 1334 1203 -1 1450 1229 1353 -1 1246 1132 1444 -1 1411 1419 1418 -1 1278 1196 1322 -1 1443 1399 1156 -1 1451 1452 1453 -1 1190 1299 1287 -1 1332 1324 1333 -1 1287 1299 1288 -1 1347 1265 1356 -1 1454 1375 1374 -1 1410 1284 1455 -1 1447 1449 1426 -1 1212 1201 1456 -1 1204 1227 1149 -1 1435 1219 1424 -1 1393 1277 1161 -1 1283 1333 1457 -1 985 1309 692 -1 1410 1455 1260 -1 248 1422 1421 -1 784 1230 785 -1 1123 1406 1317 -1 1458 1427 1449 -1 1362 1390 1381 -1 1311 1277 1122 -1 1431 1439 1384 -1 1330 1242 1352 -1 228 143 1459 -1 1180 1181 1334 -1 1182 1418 1319 -1 1284 1285 1290 -1 1130 1460 148 -1 148 1460 244 -1 1130 1132 1460 -1 1150 1444 1132 -1 1150 1132 1131 -1 1150 1345 1444 -1 1345 1174 1360 -1 1210 1245 1244 -1 1173 1362 1381 -1 1362 1387 1390 -1 1186 1390 1387 -1 1185 1439 1186 -1 1186 1439 1389 -1 1185 1254 1385 -1 1254 1253 1385 -1 1212 1456 1253 -1 1212 1253 1252 -1 1201 1200 1436 -1 1201 1436 1456 -1 1347 1436 1200 -1 1347 1356 1295 -1 1265 1267 1356 -1 1253 1456 1385 -1 1280 1461 1360 -1 1410 1205 1204 -1 1331 1333 1283 -1 1462 1463 1328 -1 1248 1460 1132 -1 1340 1285 1148 -1 1260 1429 1411 -1 926 928 1353 -1 926 1354 1074 -1 1074 1354 784 -1 1461 1376 1334 -1 1310 1447 1464 -1 1458 1445 1427 -1 1122 1277 1424 -1 1331 1398 1332 -1 1219 1258 1220 -1 1431 1384 1432 -1 1330 1465 1437 -1 1206 1331 1283 -1 1340 1262 1285 -1 1204 1148 1284 -1 1383 1385 1456 -1 1280 1466 1408 -1 1286 1467 1417 -1 1410 1412 1205 -1 1434 1435 1468 -1 1340 1147 1341 -1 1410 1204 1284 -1 1395 1311 1250 -1 1376 1408 1203 -1 1340 1148 1147 -1 1204 1149 1148 -1 1206 1205 1409 -1 1244 1161 1160 -1 1147 1149 1366 -1 1154 1434 1468 -1 1284 1291 1455 -1 1226 1366 1149 -1 1301 1366 1226 -1 1301 1286 1302 -1 1409 1398 1331 -1 1303 1382 1469 -1 1332 1214 1215 -1 1470 1471 1307 -1 1452 1390 1389 -1 186 244 1460 -1 186 1460 1248 -1 1246 1248 1132 -1 1246 1360 1461 -1 1246 1444 1360 -1 1280 1360 1316 -1 1210 1155 1245 -1 1294 1383 1456 -1 1396 1471 1402 -1 1229 1404 1230 -1 142 21 1472 -1 157 1152 268 -1 1123 1317 1250 -1 228 1459 1473 -1 164 268 1474 -1 1244 1160 1441 -1 1152 1441 268 -1 1441 1160 268 -1 1286 1457 1467 -1 1422 268 1161 -1 1474 268 1422 -1 164 1474 248 -1 1474 1422 248 -1 766 248 1421 -1 766 1421 1088 -1 1469 1449 1448 -1 1245 1393 1161 -1 1154 1425 1392 -1 1392 1425 1424 -1 1393 1392 1424 -1 1422 1161 1277 -1 1247 1334 1181 -1 1393 1424 1277 -1 1154 1468 1424 -1 1435 1424 1468 -1 1395 1250 1312 -1 1122 1424 1219 -1 1122 1219 1123 -1 1088 1421 1276 -1 1088 1276 1157 -1 1275 1157 1276 -1 1275 1442 1157 -1 1450 1353 1442 -1 1311 1122 1121 -1 1311 1121 1250 -1 1282 1281 1381 -1 1229 1231 1353 -1 1451 1381 1390 -1 1440 1381 1451 -1 1231 1230 1353 -1 1354 1353 1230 -1 1451 1390 1452 -1 1431 1389 1439 -1 1431 1452 1389 -1 1384 1439 1385 -1 1354 1230 784 -1 1294 1456 1436 -1 1294 1436 1295 -1 1355 1296 1295 -1 1357 1356 1446 -1 785 1230 1404 -1 785 1404 1305 -1 985 785 1309 -1 1435 1259 1258 -1 1435 1258 1219 -1 1123 1220 1406 -1 1406 1260 1291 -1 1260 1455 1291 -1 1355 1475 1296 -1 1250 1317 1263 -1 1250 1263 1312 -1 1290 1318 1291 -1 1244 1473 1420 -1 1259 1401 1429 -1 1248 1247 1423 -1 1320 1453 1321 -1 186 1248 1423 -1 1147 1367 1396 -1 1301 1367 1366 -1 1301 1303 1367 -1 1155 1203 1407 -1 1244 228 1473 -1 1154 1245 1155 -1 1154 1156 1399 -1 1154 1399 1434 -1 1333 1324 1476 -1 1333 1476 1457 -1 1227 1283 1286 -1 1286 1283 1457 -1 1286 1417 1302 -1 1275 1311 1442 -1 1311 1313 1442 -1 1450 1442 1229 -1 1229 1312 1405 -1 1447 1471 1448 -1 1229 1405 1404 -1 1305 1404 1306 -1 1477 1437 1465 -1 1192 1137 1475 -1 1443 1400 1399 -1 1434 1399 1401 -1 1434 1401 1259 -1 1400 1320 1419 -1 1401 1400 1419 -1 1411 1429 1419 -1 1182 1319 1183 -1 1411 1418 1182 -1 1412 1182 1373 -1 1409 1412 1373 -1 1454 1374 1184 -1 1374 1373 1184 -1 1332 1398 1214 -1 1259 1429 1260 -1 1410 1260 1411 -1 1478 1479 1480 -1 1462 1478 1480 -1 1462 1328 1478 -1 1246 1461 1334 -1 1280 1376 1461 -1 1280 1408 1376 -1 1443 1466 1481 -1 1443 1481 1400 -1 1280 1282 1466 -1 1407 1408 1466 -1 1407 1466 1443 -1 1400 1481 1453 -1 1400 1453 1320 -1 1419 1320 1319 -1 1431 1321 1452 -1 1431 1433 1321 -1 1319 1321 1433 -1 1183 1433 1432 -1 1184 1183 1432 -1 1383 1432 1384 -1 1420 1459 1482 -1 1383 1483 1432 -1 1294 1483 1383 -1 1294 1136 1483 -1 1294 1296 1137 -1 1294 1137 1136 -1 1454 1432 1483 -1 1454 1184 1432 -1 1454 1483 1136 -1 1454 1136 1375 -1 1214 1375 1138 -1 1325 1215 1138 -1 1263 1405 1312 -1 1263 1470 1405 -1 1341 1470 1263 -1 1341 1402 1470 -1 1405 1470 1307 -1 1310 1305 1307 -1 1470 1402 1471 -1 1396 1448 1471 -1 1310 1307 1471 -1 1310 1471 1447 -1 1464 1447 1426 -1 1426 1449 1427 -1 1367 1469 1396 -1 1396 1469 1448 -1 1469 1458 1449 -1 1367 1303 1469 -1 1479 1469 1382 -1 1479 1458 1469 -1 1479 1445 1458 -1 1478 1445 1479 -1 1282 1440 1466 -1 1440 1481 1466 -1 1440 1451 1453 -1 1440 1453 1481 -1 1452 1321 1453 -1 1296 1475 1137 -1 1355 1357 1475 -1 1478 1328 1445 -1 1480 1479 1382 -1 1480 1382 1484 -1 1342 1484 1382 -1 1152 159 1153 -1 159 228 1153 -1 157 159 1152 -1 1152 228 1441 -1 1423 1247 5 -1 187 1423 5 -1 1247 1472 5 -1 1181 142 1472 -1 1247 1181 1472 -1 1180 1482 142 -1 1180 1420 1482 -1 692 1464 916 -1 1426 1241 916 -1 1464 1426 916 -1 1427 1352 1241 -1 1445 1485 1352 -1 1445 1330 1485 -1 1328 1330 1445 -1 5 1472 21 -1 1473 1459 1420 -1 142 1459 143 -1 142 1482 1459 -1 1330 1352 1485 -1 1243 1438 890 -1 1242 1437 1243 -1 1330 1437 1242 -1 1330 1371 1465 -1 1310 1464 692 -1 1486 1487 1488 -1 1489 1490 1491 -1 1492 1493 1494 -1 1495 1496 1497 -1 1498 1499 1500 -1 1501 1502 1503 -1 1504 1505 1500 -1 1506 1507 1508 -1 1486 1509 1510 -1 1511 1512 1513 -1 1514 1515 1516 -1 889 750 1517 -1 1518 1519 1520 -1 1521 1522 1523 -1 1494 1493 1524 -1 1525 1526 1527 -1 1528 1529 1530 -1 1531 1532 1533 -1 1534 1535 1536 -1 1537 1538 1539 -1 1521 1540 1522 -1 1541 1542 1543 -1 1544 1537 1545 -1 957 1546 1547 -1 1538 1548 1549 -1 1550 1551 1552 -1 1553 1554 1555 -1 953 1556 1501 -1 1511 1557 1512 -1 1558 1559 1560 -1 1561 1562 1563 -1 1564 1565 1566 -1 1567 1565 1564 -1 1512 1568 1569 -1 1570 1571 1572 -1 1573 1574 1575 -1 1576 1577 1578 -1 1541 1579 1542 -1 1512 1557 1580 -1 1581 1582 1583 -1 1584 1585 1548 -1 1586 1587 1588 -1 1589 1590 1591 -1 1581 1592 1582 -1 1533 1532 1593 -1 1594 1595 1596 -1 1597 1598 1599 -1 1600 1601 1602 -1 1603 1604 1605 -1 1606 1607 1578 -1 1608 1543 1542 -1 1609 1610 1567 -1 1608 1611 1543 -1 1612 1576 1613 -1 1614 1615 1616 -1 750 1617 1517 -1 1618 1619 1620 -1 1621 1601 1600 -1 1622 1623 1077 -1 1624 1625 1626 -1 1627 1628 1629 -1 1630 1534 1516 -1 1631 1083 1572 -1 1632 1557 1511 -1 1633 1634 1635 -1 1636 1637 1638 -1 1638 1530 1634 -1 1639 1640 1641 -1 1609 1642 1584 -1 1643 1068 705 -1 1644 1645 1646 -1 1647 1511 1513 -1 1648 1500 1505 -1 1649 1650 1651 -1 831 1652 1653 -1 1495 732 1654 -1 1655 1656 1513 -1 1657 1522 1540 -1 1566 1607 1606 -1 1504 1658 1505 -1 1659 1563 1660 -1 1564 1606 1661 -1 1590 1549 1591 -1 1568 1580 1662 -1 1581 1663 1592 -1 1603 699 1604 -1 1631 1664 918 -1 1647 1558 1560 -1 1665 1614 1616 -1 1666 1652 833 -1 1643 1667 1605 -1 1668 1528 1637 -1 1634 1669 1635 -1 1579 1585 1670 -1 1517 1671 1672 -1 1626 1625 1673 -1 1674 1675 1676 -1 831 1653 1677 -1 1501 1574 1573 -1 1553 1489 1491 -1 889 1517 1672 -1 698 1643 1605 -1 1649 1678 1679 -1 1610 1548 1538 -1 1620 1680 1681 -1 1541 1682 1683 -1 1550 1675 1551 -1 1514 1633 1635 -1 1684 1624 1626 -1 1685 1686 1687 -1 1636 1638 1536 -1 1688 1680 1620 -1 1518 1520 1689 -1 1510 1690 1691 -1 861 1692 1693 -1 1642 1661 1557 -1 1593 1532 1694 -1 1695 1600 1696 -1 839 953 1617 -1 1697 1698 1682 -1 1699 1700 704 -1 1701 1702 1662 -1 1591 1549 1703 -1 1599 1505 1658 -1 1649 1651 1678 -1 1621 1704 1705 -1 1697 1682 1611 -1 1706 1685 1707 -1 1666 833 809 -1 1708 1555 1709 -1 1506 1508 1710 -1 1711 1712 1713 -1 1714 1715 1523 -1 749 839 1617 -1 698 1604 699 -1 749 1617 750 -1 1716 1490 1717 -1 1647 1560 1718 -1 1561 1563 1719 -1 1629 1671 1720 -1 1638 1634 1633 -1 1632 1718 1584 -1 1525 1721 1526 -1 1666 809 841 -1 831 833 1652 -1 1674 1613 1722 -1 1723 1668 1637 -1 1724 1645 1644 -1 1725 1667 1583 -1 1726 732 1023 -1 1727 1728 1558 -1 1600 1602 1729 -1 1730 1534 1630 -1 1615 1731 1668 -1 1515 1539 1549 -1 1732 1733 1734 -1 1627 1598 1735 -1 1714 1523 1713 -1 1736 1521 1639 -1 1592 1636 1575 -1 1737 1556 1603 -1 1738 1739 1740 -1 1652 1741 1653 -1 1742 1743 1640 -1 1672 1629 1628 -1 1580 1578 1662 -1 1736 1744 1540 -1 1666 1741 1652 -1 1492 1744 1493 -1 1745 1613 1607 -1 1708 1709 1746 -1 1510 1747 1748 -1 1749 1719 1750 -1 1751 1752 1679 -1 1753 1754 1755 -1 1687 1756 1757 -1 1758 1494 1524 -1 1759 1760 1555 -1 1590 1515 1549 -1 1609 1567 1564 -1 1736 1493 1744 -1 1593 1694 1761 -1 1537 1635 1762 -1 1763 1542 1670 -1 1544 1567 1610 -1 1575 1636 1536 -1 1509 1488 1657 -1 1764 1531 1747 -1 1508 1765 1731 -1 1589 1591 1698 -1 1525 1755 1721 -1 1649 1679 1766 -1 1697 1611 1658 -1 1689 1519 1687 -1 1767 1674 1722 -1 1595 1768 1769 -1 1487 1770 1488 -1 1508 1715 1765 -1 1568 1760 1759 -1 1507 1715 1508 -1 1614 1742 1615 -1 1771 1527 1526 -1 1772 1773 1774 -1 1666 1628 1741 -1 861 1699 704 -1 1657 1744 1492 -1 1597 1735 1598 -1 1583 1667 1775 -1 1640 1743 1524 -1 1517 1776 1503 -1 1639 1506 1640 -1 1777 1719 1749 -1 1000 1771 861 -1 1725 1778 1737 -1 1778 1556 1737 -1 1529 1696 1779 -1 1599 1658 1780 -1 1633 1534 1536 -1 1726 1023 1008 -1 1665 1583 1775 -1 1621 1781 1601 -1 1598 1505 1599 -1 1617 953 1776 -1 1732 1782 1775 -1 952 1603 1556 -1 952 1556 953 -1 1622 1497 1623 -1 953 1501 1776 -1 1510 1748 1487 -1 1710 1508 1731 -1 1617 1776 1517 -1 1695 1621 1600 -1 1725 1582 1778 -1 1725 1583 1582 -1 1639 1507 1506 -1 1514 1534 1633 -1 1663 1616 1723 -1 889 1672 1628 -1 1581 1616 1663 -1 1752 1705 1679 -1 1615 1723 1616 -1 1579 1703 1548 -1 1666 841 1628 -1 841 889 1628 -1 1648 1498 1500 -1 1517 1503 1671 -1 1627 1741 1628 -1 1653 1741 1735 -1 1723 1637 1636 -1 1653 1735 1597 -1 1627 1735 1741 -1 1615 1742 1710 -1 1783 1784 1716 -1 1506 1710 1640 -1 1742 1640 1710 -1 1632 1584 1642 -1 698 1605 1604 -1 1584 1548 1610 -1 1496 1785 1571 -1 1523 1522 1713 -1 1594 1596 1660 -1 1608 1542 1763 -1 1495 1772 1774 -1 1786 1787 1745 -1 1738 1525 1527 -1 1579 1548 1585 -1 1579 1683 1703 -1 1738 1788 1525 -1 1789 1790 1730 -1 1682 1543 1611 -1 1541 1543 1682 -1 1579 1670 1542 -1 1609 1564 1642 -1 1541 1683 1579 -1 1501 1503 1776 -1 1779 1696 1729 -1 1778 1574 1501 -1 1778 1501 1556 -1 1791 1651 1770 -1 1582 1592 1574 -1 1778 1582 1574 -1 1733 1700 1734 -1 1592 1575 1574 -1 1663 1636 1592 -1 1581 1583 1616 -1 1665 1616 1583 -1 1739 1686 1685 -1 1615 1668 1723 -1 1663 1723 1636 -1 1609 1584 1610 -1 1632 1511 1718 -1 1647 1718 1511 -1 1647 1513 1656 -1 1792 1625 1793 -1 1655 1727 1656 -1 1655 1513 1794 -1 1502 1790 1671 -1 1503 1502 1671 -1 1512 1580 1568 -1 1672 1671 1629 -1 1531 1707 1532 -1 1795 1684 1626 -1 1629 1720 1498 -1 1627 1629 1498 -1 1671 1790 1720 -1 1789 1720 1790 -1 1789 1499 1720 -1 1498 1720 1499 -1 1598 1498 1648 -1 1627 1498 1598 -1 1598 1648 1505 -1 1772 1750 1618 -1 1730 1535 1534 -1 1630 1516 1796 -1 1514 1516 1534 -1 1618 1620 1773 -1 1499 1589 1500 -1 1724 1524 1743 -1 1589 1516 1590 -1 1589 1796 1516 -1 1590 1516 1515 -1 1500 1589 1698 -1 1504 1500 1698 -1 1615 1710 1731 -1 1614 1743 1742 -1 1528 1731 1797 -1 1668 1731 1528 -1 1731 1765 1797 -1 1685 1687 1707 -1 1714 1765 1715 -1 1639 1521 1507 -1 1507 1521 1715 -1 1797 1765 1798 -1 1797 1798 1529 -1 1544 1545 1567 -1 1792 1681 1551 -1 1545 1762 1729 -1 1597 1599 1780 -1 1697 1658 1504 -1 1697 1504 1698 -1 1683 1698 1591 -1 1683 1682 1698 -1 1544 1610 1538 -1 1799 1718 1560 -1 1799 1670 1585 -1 1584 1718 1585 -1 1799 1585 1718 -1 1800 1763 1670 -1 1800 1559 1801 -1 1800 1801 1763 -1 1799 1560 1670 -1 1724 1743 1645 -1 1659 1750 1719 -1 1800 1670 1560 -1 1800 1560 1559 -1 1665 1646 1645 -1 1647 1656 1558 -1 1727 1558 1656 -1 1638 1633 1536 -1 1530 1669 1634 -1 1580 1557 1802 -1 1635 1669 1762 -1 1499 1796 1589 -1 1512 1569 1513 -1 1513 1569 1794 -1 1568 1759 1569 -1 1759 1794 1569 -1 1514 1635 1539 -1 1514 1539 1515 -1 1537 1539 1635 -1 952 699 1603 -1 1538 1549 1539 -1 1501 1573 1502 -1 1544 1538 1537 -1 1502 1573 1730 -1 1502 1730 1790 -1 1521 1523 1715 -1 1573 1575 1535 -1 1573 1535 1730 -1 1528 1797 1529 -1 1575 1536 1535 -1 1789 1730 1630 -1 1714 1712 1798 -1 1711 1649 1766 -1 1714 1798 1765 -1 1789 1796 1499 -1 1789 1630 1796 -1 1529 1779 1669 -1 1529 1669 1530 -1 1798 1696 1529 -1 1528 1530 1638 -1 1528 1638 1637 -1 1779 1729 1762 -1 1779 1762 1669 -1 1600 1729 1696 -1 1712 1695 1798 -1 1695 1696 1798 -1 1714 1713 1712 -1 1711 1803 1712 -1 1712 1803 1695 -1 1621 1803 1704 -1 1695 1803 1621 -1 1537 1762 1545 -1 1545 1729 1602 -1 1565 1545 1602 -1 1567 1545 1565 -1 1683 1591 1703 -1 1549 1548 1703 -1 1772 1804 1750 -1 1642 1564 1661 -1 1565 1786 1566 -1 1595 1805 1806 -1 1659 1719 1563 -1 1565 1601 1786 -1 1565 1602 1601 -1 1576 1578 1607 -1 1564 1566 1606 -1 1632 1642 1557 -1 1557 1661 1802 -1 1802 1661 1606 -1 1612 1674 1676 -1 1781 1722 1807 -1 1601 1781 1787 -1 1518 1527 1771 -1 1737 1603 1605 -1 1518 1664 1519 -1 1786 1745 1566 -1 1083 919 1570 -1 1783 1716 1701 -1 1713 1522 1650 -1 1713 1650 1649 -1 1711 1713 1649 -1 1711 1766 1803 -1 1803 1766 1705 -1 1704 1803 1705 -1 1783 1662 1578 -1 1737 1605 1667 -1 1725 1737 1667 -1 1621 1752 1781 -1 1665 1775 1646 -1 1665 1645 1614 -1 1643 705 1733 -1 1621 1705 1752 -1 1614 1645 1743 -1 1640 1524 1641 -1 1639 1641 1524 -1 1639 1524 1493 -1 1786 1601 1787 -1 1736 1639 1493 -1 1736 1540 1521 -1 1566 1745 1607 -1 1802 1606 1578 -1 1580 1802 1578 -1 1568 1662 1760 -1 1759 1555 1708 -1 1693 1721 1808 -1 1732 1775 1667 -1 1732 1734 1808 -1 1781 1807 1787 -1 1783 1577 1576 -1 1770 1651 1488 -1 1522 1488 1651 -1 978 1518 1771 -1 1522 1651 1650 -1 1495 1654 1772 -1 1807 1722 1787 -1 1787 1722 1613 -1 1745 1787 1613 -1 1576 1607 1613 -1 861 1771 1692 -1 1692 1771 1526 -1 1764 1706 1531 -1 978 1771 1000 -1 1687 1572 1756 -1 978 1028 1518 -1 1518 1028 1664 -1 1028 918 1664 -1 1518 1739 1527 -1 1738 1527 1739 -1 1631 918 1083 -1 1791 1678 1651 -1 1766 1679 1705 -1 1809 1562 1546 -1 1612 1783 1576 -1 732 1622 617 -1 1495 1622 732 -1 1486 1510 1487 -1 1497 1496 919 -1 1726 1654 732 -1 1726 1777 1654 -1 1726 1008 1547 -1 1810 1764 1747 -1 1726 1547 1777 -1 1777 1547 1561 -1 1008 957 1547 -1 1518 1689 1739 -1 1740 1706 1788 -1 1738 1740 1788 -1 1811 1769 1812 -1 1631 1572 1664 -1 1664 1572 1519 -1 1739 1689 1686 -1 1689 1687 1686 -1 1740 1739 1685 -1 1740 1685 1706 -1 1716 1784 1813 -1 1783 1701 1662 -1 1083 1570 1572 -1 1758 1524 1724 -1 1814 1753 1755 -1 1814 1755 1810 -1 1810 1755 1788 -1 1814 1810 1747 -1 1814 1747 1753 -1 1748 1770 1487 -1 1657 1540 1744 -1 1486 1488 1509 -1 1657 1488 1522 -1 1810 1788 1764 -1 1764 1788 1706 -1 1791 1770 1748 -1 1643 1733 1667 -1 1791 1748 1533 -1 1791 1533 1815 -1 1791 1815 1678 -1 1815 1751 1678 -1 1751 1679 1678 -1 1816 1752 1751 -1 1816 1795 1752 -1 1795 1781 1752 -1 1795 1767 1781 -1 1767 1722 1781 -1 1571 1757 1756 -1 617 1622 1077 -1 1495 1497 1622 -1 1817 1496 1495 -1 1817 1495 1774 -1 1777 1804 1772 -1 1777 1772 1654 -1 1546 1561 1547 -1 1546 1562 1561 -1 1777 1750 1804 -1 1777 1749 1750 -1 1777 1561 1719 -1 1706 1707 1531 -1 1716 1813 1490 -1 1693 1700 1699 -1 1612 1613 1674 -1 1783 1578 1577 -1 1702 1760 1662 -1 1553 1555 1702 -1 1702 1555 1760 -1 1555 1746 1709 -1 1509 1657 1492 -1 1701 1716 1717 -1 1732 1667 1733 -1 1782 1646 1775 -1 1644 1646 1782 -1 861 1693 1699 -1 1693 1526 1721 -1 1692 1526 1693 -1 1525 1788 1755 -1 1497 966 1623 -1 1689 1520 1519 -1 1519 1572 1687 -1 1509 1690 1510 -1 1753 1747 1510 -1 1748 1747 1533 -1 1660 1596 1818 -1 1570 919 1496 -1 1509 1492 1494 -1 1572 1571 1756 -1 1531 1533 1747 -1 1533 1593 1815 -1 1815 1593 1751 -1 1550 1676 1675 -1 1693 1808 1734 -1 1755 1754 1721 -1 1721 1754 1808 -1 1570 1496 1571 -1 1724 1644 1754 -1 1724 1754 1691 -1 1724 1691 1690 -1 1758 1724 1690 -1 1753 1691 1754 -1 1753 1510 1691 -1 1509 1494 1690 -1 1758 1690 1494 -1 1816 1751 1593 -1 1496 1774 1785 -1 1772 1618 1773 -1 704 1700 705 -1 1693 1734 1700 -1 1732 1808 1782 -1 1782 1808 1754 -1 1644 1782 1754 -1 1774 1773 1785 -1 1659 1660 1819 -1 698 1068 1643 -1 1733 705 1700 -1 1687 1757 1707 -1 1707 1757 1694 -1 1707 1694 1532 -1 1816 1593 1761 -1 1659 1819 1811 -1 1701 1717 1702 -1 1694 1757 1820 -1 1795 1761 1684 -1 1816 1761 1795 -1 1571 1821 1757 -1 1757 1821 1820 -1 1694 1820 1684 -1 1694 1684 1761 -1 1624 1820 1821 -1 1623 966 1113 -1 1795 1626 1767 -1 1702 1717 1489 -1 1553 1702 1489 -1 1497 919 966 -1 1571 1785 1822 -1 1571 1822 1821 -1 1821 1822 1792 -1 1821 1792 1793 -1 1624 1821 1793 -1 1684 1820 1624 -1 1624 1793 1625 -1 1659 1811 1688 -1 1077 1623 1113 -1 1773 1822 1785 -1 1773 1823 1822 -1 1773 1620 1823 -1 1750 1619 1618 -1 1750 1688 1619 -1 1659 1688 1750 -1 1811 1812 1688 -1 1660 1769 1819 -1 1819 1769 1811 -1 1660 1818 1769 -1 1783 1824 1587 -1 1596 1595 1818 -1 1595 1769 1818 -1 1717 1490 1489 -1 1673 1675 1825 -1 1626 1673 1825 -1 1674 1626 1825 -1 1767 1626 1674 -1 1674 1825 1675 -1 1550 1824 1676 -1 1612 1676 1824 -1 1550 1587 1824 -1 1612 1824 1783 -1 1783 1587 1784 -1 1784 1587 1813 -1 1792 1822 1823 -1 1792 1823 1681 -1 1823 1620 1681 -1 1688 1620 1619 -1 1792 1551 1625 -1 1625 1551 1675 -1 1673 1625 1675 -1 1812 1586 1688 -1 1688 1586 1588 -1 1586 1813 1587 -1 1586 1768 1490 -1 1586 1490 1813 -1 1551 1681 1680 -1 1551 1680 1552 -1 1688 1588 1680 -1 1588 1552 1680 -1 1550 1552 1588 -1 1550 1588 1587 -1 1769 1768 1586 -1 1812 1769 1586 -1 1595 1806 1768 -1 1490 1768 1491 -1 1491 1768 1806 -1 1817 1774 1496 -1 1826 1827 1828 -1 1829 1830 1831 -1 1832 1833 1834 -1 1835 1836 1837 -1 1838 760 1839 -1 1840 727 1841 -1 1842 1843 1844 -1 1845 1846 1847 -1 1848 1849 1850 -1 1851 1852 1853 -1 1854 1855 1856 -1 1857 1858 1859 -1 1860 1861 1862 -1 832 1839 760 -1 1842 1863 1843 -1 1864 1865 1866 -1 1867 1416 1868 -1 1863 1869 1849 -1 1844 1870 1871 -1 1872 1873 92 -1 1874 1875 1876 -1 1877 1878 1879 -1 1826 1828 1880 -1 1855 1881 1882 -1 1883 1884 1885 -1 1886 1887 1870 -1 1840 728 727 -1 1888 1889 1887 -1 1890 1891 1892 -1 1372 1893 1894 -1 1895 1896 1897 -1 1898 1899 1900 -1 1901 1902 1903 -1 1894 1904 1905 -1 1880 1906 1907 -1 1848 1850 1908 -1 1909 1910 1911 -1 1912 1866 1913 -1 1854 1856 1865 -1 1914 832 1677 -1 1915 1916 1883 -1 1845 1917 1918 -1 1850 1851 1908 -1 1919 1920 1899 -1 1914 1915 1839 -1 1921 1922 1430 -1 1923 1924 1847 -1 1872 1925 1873 -1 1926 1927 1921 -1 1914 1677 1928 -1 1898 1929 1919 -1 1848 1930 1931 -1 1932 1933 1881 -1 1780 1934 1935 -1 1936 1937 1938 -1 1909 1911 1924 -1 1911 1910 1939 -1 1940 1941 1942 -1 1918 1858 1943 -1 1848 1931 1891 -1 1944 1945 1946 -1 1832 1935 1934 -1 1912 1864 1866 -1 1947 1876 1948 -1 179 1949 1872 -1 1846 1844 1950 -1 1829 1941 1940 -1 1853 1951 1952 -1 1863 1849 1891 -1 1953 1954 1854 -1 1827 1955 1828 -1 1956 1923 1896 -1 1845 1847 1957 -1 1958 1959 1960 -1 1891 1931 1892 -1 1597 1780 1862 -1 1845 1918 1869 -1 1860 1862 1878 -1 1826 1880 1888 -1 1908 1961 1930 -1 1927 1962 1963 -1 1944 1874 1947 -1 1964 1945 1944 -1 1965 1895 1856 -1 1170 1966 1178 -1 1372 1221 1893 -1 1901 1967 1968 -1 1969 1970 1831 -1 1927 1963 1971 -1 1846 1972 1847 -1 1973 1974 1945 -1 1840 1841 97 -1 1957 1847 1975 -1 1763 1976 1937 -1 1845 1869 1842 -1 1608 1937 1977 -1 1965 1978 1979 -1 1956 1909 1924 -1 1980 1981 1982 -1 1890 1843 1863 -1 1890 1863 1891 -1 1842 1869 1863 -1 1983 1897 1896 -1 1856 1897 1865 -1 1980 1984 1981 -1 1985 1986 1979 -1 1875 1963 1962 -1 1848 1891 1849 -1 1849 1869 1943 -1 1926 1962 1927 -1 1925 1944 1904 -1 1954 1987 1988 -1 1221 162 1893 -1 1850 1943 1857 -1 1850 1849 1943 -1 1918 1943 1869 -1 1989 1833 1990 -1 1857 1943 1858 -1 1845 1957 1917 -1 1969 1991 1970 -1 1908 1853 1952 -1 1989 1834 1833 -1 1979 1978 1989 -1 1992 1993 1994 -1 1908 1851 1853 -1 1851 1995 1852 -1 1996 1838 1980 -1 1860 1878 1997 -1 1966 1951 1178 -1 1938 1990 1833 -1 1949 1973 1964 -1 1953 1864 1830 -1 1956 1896 1998 -1 1944 1947 1999 -1 1876 1875 1962 -1 1872 1964 1925 -1 1912 1913 1950 -1 1915 1928 1916 -1 2000 1899 1920 -1 1893 230 1894 -1 63 2001 2002 -1 1892 1931 1827 -1 1998 1979 1986 -1 1892 1827 1826 -1 1968 1967 1906 -1 1847 1924 1975 -1 1944 1999 1904 -1 1838 1984 1980 -1 1972 1923 1847 -1 1890 1892 1886 -1 1827 1931 1930 -1 1827 1930 1960 -1 1840 97 728 -1 1878 1935 1879 -1 152 728 97 -1 831 1677 832 -1 1898 2003 2004 -1 1848 1908 1930 -1 1932 2005 2006 -1 1914 1928 1915 -1 1677 1653 1861 -1 1853 1852 1951 -1 1677 1861 1928 -1 1996 940 1838 -1 179 1872 91 -1 1958 1966 1172 -1 1170 1172 1966 -1 1981 2003 1900 -1 2007 2008 2009 -1 1860 1928 1861 -1 1860 1916 1928 -1 1936 1833 1832 -1 1953 1865 1864 -1 1141 1967 1903 -1 1874 1876 1947 -1 1866 1865 1897 -1 1845 1842 1846 -1 1895 1897 1856 -1 1970 1991 1971 -1 1965 1979 1998 -1 1965 1998 1895 -1 1867 1921 1416 -1 2010 1973 1949 -1 1996 727 615 -1 1989 1978 1834 -1 1996 615 940 -1 1914 1839 832 -1 1936 1832 1977 -1 727 2007 1841 -1 1929 1987 1942 -1 2011 1835 1837 -1 1956 1924 1923 -1 1983 1913 1866 -1 1998 1896 1895 -1 1953 1942 1954 -1 1998 1986 1909 -1 1956 1998 1909 -1 1996 1980 2012 -1 1838 940 760 -1 1880 1968 1906 -1 1908 1952 1961 -1 1842 1844 1846 -1 1838 1839 1984 -1 1915 1984 1839 -1 2001 2013 2009 -1 1965 1856 1855 -1 1966 1952 1951 -1 2014 1835 2015 -1 64 2002 179 -1 1929 1941 1837 -1 1992 1938 1976 -1 1890 1886 1870 -1 1894 1925 1904 -1 1872 92 91 -1 63 2002 64 -1 2016 179 2002 -1 2016 2001 2010 -1 2016 2002 2001 -1 2016 1949 179 -1 1926 1948 1876 -1 190 92 1873 -1 1999 1948 2017 -1 2014 1946 1974 -1 230 190 1873 -1 1890 1844 1843 -1 1178 1951 405 -1 1178 405 1415 -1 1872 1949 1964 -1 2018 405 1951 -1 370 1415 405 -1 2018 1951 1852 -1 2004 1988 1987 -1 2019 2020 2021 -1 1846 1950 1972 -1 1836 1929 1837 -1 1837 1941 1829 -1 1961 1960 1930 -1 1958 1172 1959 -1 63 97 2013 -1 97 1841 2013 -1 1898 1919 1899 -1 1996 2012 727 -1 727 2012 2007 -1 1932 1881 2005 -1 1893 162 230 -1 1971 1991 1906 -1 1973 1945 1964 -1 1964 1944 1925 -1 1924 1911 2022 -1 63 2013 2001 -1 1862 1935 1878 -1 1992 2019 2021 -1 1841 2009 2013 -1 1141 1903 2023 -1 1139 1141 2023 -1 2010 2009 2024 -1 2010 2001 2009 -1 2016 2010 1949 -1 1901 1903 1967 -1 2010 2024 2025 -1 2010 2025 1973 -1 1139 2023 1238 -1 1880 1828 1968 -1 1901 1968 1828 -1 1887 1889 2026 -1 1969 2026 1889 -1 230 1873 1894 -1 1888 1887 1886 -1 1372 1894 1905 -1 1912 1871 2026 -1 1887 2026 1871 -1 1985 1938 2021 -1 1985 1979 1989 -1 1894 1873 1925 -1 1887 1871 1870 -1 1905 1904 1999 -1 1903 1902 2023 -1 2025 2024 2027 -1 1892 1888 1886 -1 1892 1826 1888 -1 1901 1828 1955 -1 1901 1955 1902 -1 1954 1988 2005 -1 1973 2025 1974 -1 2023 1902 2028 -1 1238 2023 2028 -1 1238 2028 1171 -1 1944 1946 1874 -1 1959 1902 1955 -1 1959 2028 1902 -1 1945 1974 1946 -1 1827 1960 1959 -1 1827 1959 1955 -1 1172 2028 1959 -1 1171 2028 1172 -1 1841 2007 2009 -1 2009 2008 1920 -1 2009 1920 2024 -1 2007 2012 2000 -1 2007 2000 2008 -1 1980 1982 2012 -1 2012 1982 2000 -1 2000 1920 2008 -1 2014 2015 1875 -1 1958 1960 1961 -1 2000 1982 1900 -1 2000 1900 1899 -1 1953 1854 1865 -1 2024 1920 2027 -1 1919 2027 1920 -1 1958 1961 1952 -1 1958 1952 1966 -1 1992 1994 2019 -1 1981 1900 1982 -1 1915 1883 1984 -1 1867 1926 1921 -1 1883 1981 1984 -1 1999 1947 1948 -1 1883 1885 1981 -1 1981 1885 2003 -1 1898 1900 2003 -1 1885 2006 2003 -1 1967 1922 1906 -1 2003 2006 2004 -1 1936 1977 1937 -1 2025 2027 2029 -1 2025 2029 1974 -1 1919 1836 2027 -1 2027 1836 2029 -1 1919 1929 1836 -1 1974 2029 1835 -1 2014 1974 1835 -1 2029 1836 1835 -1 2011 1837 1829 -1 1898 2004 1987 -1 1898 1987 1929 -1 2004 2006 1988 -1 1929 1942 1941 -1 1861 1653 1597 -1 1954 1942 1987 -1 1953 1940 1942 -1 1879 1832 1834 -1 1372 1905 1189 -1 2017 1868 1189 -1 1190 1189 1868 -1 2017 1948 1867 -1 2017 1867 1868 -1 1867 1948 1926 -1 1916 1884 1883 -1 1860 1997 1916 -1 1916 1997 1884 -1 1861 1597 1862 -1 1932 2006 1884 -1 1885 1884 2006 -1 1933 1884 1997 -1 1932 1884 1933 -1 1868 1416 1299 -1 1997 1878 1877 -1 1933 1997 1877 -1 1862 1780 1935 -1 1921 1430 1300 -1 1416 1921 1300 -1 1854 2005 1881 -1 1927 1922 1921 -1 1879 1935 1832 -1 1967 1430 1922 -1 1832 1611 1977 -1 1909 2030 1910 -1 1832 1934 1611 -1 1988 2006 2005 -1 1141 1430 1967 -1 1933 1877 1882 -1 1933 1882 1881 -1 1829 1831 1970 -1 2011 1829 1970 -1 1854 1954 2005 -1 1854 1881 1855 -1 1829 1940 1830 -1 2011 2015 1835 -1 1938 1937 1976 -1 1855 1882 1978 -1 1953 1830 1940 -1 1965 1855 1978 -1 2026 1831 1830 -1 1969 1831 2026 -1 1877 1879 1834 -1 1877 1834 1882 -1 1912 1830 1864 -1 1912 2026 1830 -1 1927 1971 1906 -1 1927 1906 1922 -1 1978 1882 1834 -1 1907 1906 1991 -1 1969 1889 1991 -1 1889 1907 1991 -1 1985 1989 1990 -1 1888 1907 1889 -1 1924 2022 1975 -1 1888 1880 1907 -1 1936 1938 1833 -1 1992 1976 1993 -1 1608 1977 1611 -1 1608 1763 1937 -1 1992 2021 1938 -1 1763 1801 1976 -1 1993 1976 1801 -1 1983 1866 1897 -1 1985 2021 2020 -1 1985 2020 1986 -1 1986 2020 2030 -1 1986 2030 1909 -1 1912 1950 1871 -1 1983 1972 1950 -1 1983 1950 1913 -1 1844 1871 1950 -1 1983 1896 1972 -1 1972 1896 1923 -1 1890 1870 1844 -1 1911 1939 2022 -1 1957 1975 2022 -1 2031 2030 2019 -1 2019 2030 2020 -1 1874 2014 1875 -1 1874 1946 2014 -1 1934 1658 1611 -1 1926 1876 1962 -1 1905 1999 2017 -1 1905 2017 1189 -1 1190 1868 1299 -1 1875 2015 1963 -1 2011 1970 1963 -1 2011 1963 2015 -1 1970 1971 1963 -1 1780 1658 1934 -1 1985 1990 1938 -1 1993 1801 2032 -1 1994 1993 2032 -1 2033 2034 2035 -1 1595 2036 2037 -1 2038 2039 2040 -1 2041 2042 2043 -1 2044 2045 2046 -1 2047 2048 2049 -1 2050 2051 2052 -1 2053 2054 2055 -1 2056 2057 2058 -1 2047 2049 2059 -1 2060 1859 2061 -1 2062 2063 2064 -1 2065 2066 2067 -1 2063 2068 2069 -1 2070 2071 2072 -1 2073 1728 2074 -1 2075 2076 2077 -1 2078 2079 2080 -1 2075 2077 2081 -1 2082 2083 2084 -1 2085 2086 2087 -1 2088 2089 2090 -1 2091 2092 2031 -1 2056 2038 2093 -1 2094 2095 2096 -1 2097 2098 2099 -1 2100 2101 2102 -1 2103 2104 1917 -1 2105 2047 2106 -1 2049 2107 2108 -1 2075 2081 2088 -1 2109 2110 2111 -1 2112 2113 2081 -1 2114 2054 2115 -1 2116 2117 2118 -1 2119 2120 2121 -1 2076 2122 2077 -1 2056 2093 395 -1 2033 2085 2034 -1 2123 2084 2116 -1 2124 2125 2126 -1 2033 2127 2128 -1 2103 1917 2129 -1 2130 2109 2131 -1 2082 2132 2083 -1 2103 2133 2134 -1 2088 2081 2089 -1 2093 2040 393 -1 1857 2135 2136 -1 2137 2045 2138 -1 1594 1563 2139 -1 472 2113 2112 -1 2140 2141 2142 -1 2143 2144 2145 -1 2146 2147 2148 -1 2149 2150 2151 -1 2152 2153 2154 -1 2091 2035 2034 -1 2155 2156 2157 -1 2158 2159 2160 -1 2087 2161 2050 -1 2162 2163 2071 -1 2089 2081 2113 -1 2164 2165 2166 -1 2167 2168 2169 -1 2170 2171 2172 -1 1011 2173 2174 -1 2175 2169 2083 -1 2176 2157 2177 -1 2178 2179 2180 -1 2118 2181 2182 -1 2183 2184 2185 -1 2186 2187 2046 -1 2178 2050 2188 -1 2189 2123 2190 -1 2191 2192 2193 -1 1563 2187 2139 -1 2125 2194 2195 -1 2196 2110 2109 -1 2197 2198 2199 -1 2188 2050 2052 -1 2200 2068 2201 -1 2040 2202 393 -1 2203 2105 2204 -1 2205 2206 2171 -1 2203 2060 2061 -1 2054 2207 2066 -1 2129 1917 1957 -1 2163 2208 2072 -1 2065 2209 2210 -1 2211 2171 2170 -1 472 489 2212 -1 2075 2135 2060 -1 2112 2081 2213 -1 2214 2215 2216 -1 2217 2218 2219 -1 2211 2205 2171 -1 2220 2221 2222 -1 2178 2223 2087 -1 2224 2225 2157 -1 2180 2179 1939 -1 2044 2046 1809 -1 2038 2226 2039 -1 472 2212 2113 -1 2227 2101 2228 -1 2229 2174 2150 -1 2230 2231 2232 -1 2093 393 395 -1 2233 2234 2235 -1 2114 2207 2054 -1 2097 2099 2236 -1 2237 2238 2239 -1 2229 2240 2174 -1 2075 2203 2076 -1 2144 2222 2241 -1 2242 2243 2184 -1 2244 2203 2061 -1 2075 2060 2203 -1 2202 2196 2245 -1 2246 2247 2248 -1 2177 2157 2156 -1 2203 2204 2076 -1 2127 2035 2249 -1 2204 2250 2122 -1 2226 2250 2251 -1 2252 2253 2254 -1 2155 2255 2156 -1 1594 1660 1563 -1 2220 2256 2257 -1 486 2130 2258 -1 2077 2122 2259 -1 2260 2261 2262 -1 2056 2263 2057 -1 2148 2264 2265 -1 2134 2133 2266 -1 2077 2213 2081 -1 1851 2136 2090 -1 2076 2204 2122 -1 2077 2259 2213 -1 2152 2124 2126 -1 472 2112 2057 -1 2267 2260 2262 -1 2268 2180 1939 -1 2058 2112 2213 -1 2269 2270 2271 -1 2272 2235 2273 -1 2058 2057 2112 -1 2274 2165 2164 -1 2058 2259 2038 -1 2227 2275 2276 -1 2058 2213 2259 -1 2277 2278 2279 -1 2089 2113 2212 -1 2280 2055 2281 -1 2138 2150 2282 -1 2056 2058 2038 -1 2246 2264 2148 -1 2053 2115 2054 -1 2212 382 2283 -1 2263 472 2057 -1 2056 395 481 -1 2056 481 2263 -1 2284 2285 2286 -1 2287 2173 2288 -1 2289 2290 2044 -1 2204 2106 2250 -1 2259 2250 2226 -1 2259 2122 2250 -1 2038 2040 2093 -1 2255 2291 2156 -1 2292 1995 2090 -1 2293 2294 2295 -1 2226 2296 2039 -1 2245 2130 488 -1 2275 2297 2298 -1 2299 2138 2282 -1 2259 2226 2038 -1 2055 2054 2066 -1 2233 1794 2300 -1 2301 2302 2241 -1 2242 2184 2277 -1 2292 2090 2283 -1 2303 2304 2305 -1 2106 2047 2059 -1 2306 2189 2190 -1 2073 2074 2272 -1 2307 2308 2047 -1 2296 2140 2110 -1 2091 2019 1994 -1 2176 2309 2310 -1 2311 2312 2313 -1 2255 2170 2172 -1 2246 2147 2062 -1 2202 2245 488 -1 393 488 394 -1 2169 2314 2084 -1 2252 2311 2313 -1 2315 2316 2317 -1 2178 2180 2223 -1 2223 2085 2087 -1 1994 2032 2249 -1 1850 2136 1851 -1 2082 2318 2086 -1 2284 2041 2285 -1 2129 1957 2319 -1 2319 2320 2133 -1 2178 2087 2050 -1 2129 2319 2133 -1 2227 2321 2275 -1 1918 1917 2104 -1 1918 2104 1858 -1 2061 1858 2104 -1 2279 2278 2295 -1 2061 1859 1858 -1 2244 2104 2103 -1 2244 2061 2104 -1 2103 2129 2133 -1 2096 2322 2209 -1 2268 2031 2092 -1 2323 2324 2080 -1 2103 2134 2307 -1 2244 2103 2307 -1 2325 2326 2206 -1 2105 2106 2204 -1 1850 1857 2136 -1 2073 2249 1728 -1 2088 2136 2135 -1 1857 1859 2135 -1 2268 2092 2180 -1 2176 2217 2224 -1 2149 2154 2282 -1 1851 2090 1995 -1 2245 2109 2130 -1 2212 489 382 -1 2327 2118 2328 -1 2088 2090 2136 -1 2299 2282 2329 -1 2060 2135 1859 -1 2203 2307 2105 -1 2244 2307 2203 -1 2049 2048 2107 -1 2075 2088 2135 -1 2105 2307 2047 -1 2330 803 815 -1 2063 2331 2201 -1 2332 2333 2334 -1 2306 2107 2048 -1 2292 1852 1995 -1 2166 2165 2053 -1 2292 2018 1852 -1 2292 382 2018 -1 2018 382 381 -1 2149 2335 2150 -1 2278 2184 2325 -1 2191 2336 2265 -1 2292 2283 382 -1 2089 2283 2090 -1 2089 2212 2283 -1 2039 2296 2196 -1 2337 2338 2339 -1 2176 2310 2198 -1 2133 2340 2266 -1 2174 2341 2150 -1 2069 2342 2064 -1 2326 2182 2343 -1 2344 2345 2346 -1 2275 2145 2121 -1 2323 2080 2295 -1 2195 2347 2348 -1 2268 2030 2031 -1 2263 473 472 -1 2284 2349 2041 -1 2263 481 473 -1 2040 2039 2196 -1 2255 2225 2345 -1 2117 2208 2162 -1 2233 2074 1727 -1 2099 2304 2236 -1 2226 2251 2296 -1 2252 2350 2236 -1 2078 2351 2079 -1 2202 488 393 -1 2040 2196 2202 -1 2306 2352 2107 -1 2233 2300 2234 -1 2352 2353 2108 -1 2319 2022 1939 -1 2354 2317 2355 -1 2192 2265 2356 -1 486 488 2130 -1 2357 2358 2359 -1 2249 2032 1728 -1 2360 815 814 -1 2361 2201 2331 -1 2362 2311 2197 -1 2363 2253 2228 -1 2174 2173 2341 -1 2357 2131 2109 -1 2364 2365 2366 -1 2367 2239 2037 -1 2362 2197 2368 -1 2250 2369 2251 -1 2370 2098 2355 -1 2167 2066 2168 -1 1594 2371 2036 -1 2161 2318 2189 -1 2214 2372 2373 -1 2251 2374 2140 -1 2251 2369 2374 -1 2315 2375 2376 -1 2377 2286 2285 -1 2211 2345 2344 -1 2378 2230 2379 -1 2299 2137 2138 -1 2018 381 405 -1 2152 2312 2124 -1 2349 2042 2041 -1 2380 2293 2260 -1 2287 2381 2316 -1 2220 2222 2144 -1 2048 2266 2052 -1 1801 1559 2032 -1 2091 2034 2092 -1 2223 2180 2092 -1 2223 2034 2085 -1 2223 2092 2034 -1 2337 2382 2261 -1 2133 2179 2340 -1 2133 2320 2179 -1 2320 1939 2179 -1 2178 2188 2179 -1 2340 2179 2188 -1 2307 2266 2308 -1 2134 2266 2307 -1 2033 2035 2127 -1 2340 2188 2052 -1 2340 2052 2266 -1 2308 2266 2048 -1 2033 2383 2085 -1 2306 2052 2051 -1 2384 2380 2267 -1 2306 2048 2052 -1 2087 2086 2161 -1 2385 2355 2098 -1 2085 2383 2086 -1 2050 2161 2189 -1 2050 2189 2051 -1 2047 2308 2048 -1 2106 2059 2369 -1 2106 2369 2250 -1 2369 2386 2374 -1 2100 2228 2101 -1 2296 2251 2140 -1 2377 2387 2388 -1 2196 2296 2110 -1 2196 2109 2245 -1 2140 2142 2110 -1 2220 2257 2221 -1 2141 2284 2286 -1 2142 2141 2286 -1 2130 2131 2389 -1 2246 2062 2247 -1 2142 2111 2110 -1 2357 2109 2111 -1 2390 2391 2392 -1 2142 2286 2388 -1 2387 2393 2394 -1 2142 2388 2111 -1 2189 2318 2123 -1 2111 2388 2358 -1 2239 1805 2037 -1 2357 2111 2358 -1 2230 2395 2231 -1 2377 2388 2286 -1 2305 2304 2099 -1 2387 2394 2358 -1 2287 2288 2396 -1 2387 2358 2388 -1 2102 2397 2146 -1 2082 2084 2318 -1 2258 2130 2389 -1 2298 2143 2145 -1 486 2258 430 -1 2357 2359 2131 -1 2131 2359 2389 -1 2275 2121 2120 -1 2205 2324 2206 -1 1553 2398 2399 -1 2233 2235 2074 -1 2281 2167 2169 -1 2400 2401 2402 -1 2175 2273 2280 -1 2356 2248 2224 -1 2227 2228 2403 -1 2114 2404 2207 -1 2337 2261 2351 -1 2175 2083 2132 -1 2171 2343 2172 -1 2356 2264 2248 -1 2282 2150 2335 -1 2238 2405 2114 -1 2323 2206 2324 -1 2373 2365 2364 -1 2347 2237 2406 -1 2246 2148 2147 -1 2407 2408 2409 -1 2318 2084 2123 -1 2386 2349 2374 -1 2117 2162 2181 -1 2410 2288 2173 -1 2298 2297 2305 -1 2181 2071 2070 -1 2287 2315 2376 -1 2191 2265 2192 -1 2300 1759 2164 -1 2411 2072 2172 -1 1554 2412 2238 -1 2152 2299 2329 -1 2364 2409 2413 -1 2078 2324 2414 -1 2410 1115 2288 -1 2197 2254 2218 -1 2252 2236 2304 -1 2062 2331 2063 -1 2362 2125 2312 -1 2168 2066 2065 -1 2128 2273 2175 -1 2274 1746 2165 -1 2319 1957 2022 -1 2319 1939 2320 -1 2091 2031 2019 -1 2035 1994 2249 -1 2091 1994 2035 -1 2127 2249 2073 -1 2268 1910 2030 -1 2268 1939 1910 -1 2086 2318 2161 -1 2072 2291 2172 -1 2277 2184 2278 -1 2306 2051 2189 -1 2127 2272 2128 -1 2049 2108 2059 -1 2383 2128 2132 -1 2033 2128 2383 -1 2059 2386 2369 -1 2082 2383 2132 -1 2082 2086 2383 -1 2306 2190 2352 -1 1554 2398 2412 -1 2107 2352 2108 -1 2059 2108 2386 -1 2353 2042 2108 -1 2386 2108 2042 -1 2233 1727 1655 -1 2386 2042 2349 -1 2214 2373 2390 -1 2192 2356 2217 -1 2233 1655 1794 -1 2374 2349 2141 -1 2374 2141 2140 -1 2272 2074 2235 -1 2141 2349 2284 -1 2274 2164 1759 -1 2300 2166 2234 -1 2300 2164 2166 -1 2242 2285 2041 -1 2272 2273 2128 -1 2128 2175 2132 -1 2300 1794 1759 -1 2415 2416 2285 -1 2377 2285 2416 -1 2175 2280 2281 -1 2280 2166 2055 -1 2280 2234 2166 -1 2281 2055 2167 -1 2377 2416 2384 -1 2377 2384 2387 -1 2387 2384 2393 -1 2392 2417 2257 -1 2416 2380 2384 -1 2175 2281 2169 -1 2393 2384 2267 -1 2166 2053 2055 -1 2191 2100 2102 -1 2381 2409 2408 -1 2055 2066 2167 -1 2155 2157 2225 -1 2200 2378 2379 -1 2247 2418 2225 -1 2419 2305 2297 -1 1558 1728 2032 -1 1558 2032 1559 -1 1727 2074 1728 -1 2127 2073 2272 -1 2361 2420 2201 -1 2280 2235 2234 -1 2280 2273 2235 -1 2373 2364 2421 -1 2242 2043 2243 -1 2242 2041 2043 -1 2422 2341 2315 -1 2423 2065 2210 -1 2415 2242 2277 -1 2415 2285 2242 -1 2415 2277 2279 -1 2323 2295 2278 -1 2416 2279 2294 -1 2415 2279 2416 -1 2416 2294 2380 -1 2294 2279 2295 -1 2190 2123 2424 -1 2380 2294 2293 -1 2380 2260 2267 -1 2190 2424 2425 -1 2190 2425 2352 -1 2117 2314 2309 -1 2353 2425 2426 -1 2352 2425 2353 -1 2042 2426 2043 -1 2353 2426 2042 -1 2083 2169 2084 -1 2096 2209 2067 -1 2314 2168 2423 -1 2123 2327 2424 -1 2169 2168 2314 -1 2117 2084 2314 -1 2116 2084 2117 -1 2215 2392 2216 -1 2123 2116 2327 -1 2119 2121 2302 -1 2411 2181 2070 -1 2411 2182 2181 -1 2426 2185 2243 -1 2043 2426 2243 -1 2243 2185 2184 -1 2183 2326 2325 -1 2183 2325 2184 -1 2274 1759 1708 -1 2149 2317 2154 -1 2326 2343 2206 -1 2323 2325 2206 -1 2323 2278 2325 -1 2116 2118 2327 -1 2117 2181 2118 -1 2406 2237 2239 -1 2181 2162 2071 -1 2239 2398 1805 -1 2424 2327 2328 -1 2424 2328 2425 -1 2118 2427 2328 -1 2177 2208 2309 -1 2118 2182 2427 -1 2426 2328 2185 -1 2423 2168 2065 -1 2426 2425 2328 -1 2183 2185 2427 -1 2185 2328 2427 -1 2183 2182 2326 -1 2183 2427 2182 -1 2078 2080 2324 -1 2171 2206 2343 -1 2195 2194 2347 -1 2239 2428 2398 -1 2293 2295 2080 -1 2293 2080 2079 -1 2293 2079 2261 -1 2293 2261 2260 -1 2262 2261 2382 -1 2429 2348 2160 -1 2410 1062 1115 -1 2065 2067 2209 -1 2314 2423 2209 -1 2423 2210 2209 -1 2314 2209 2309 -1 2117 2309 2208 -1 2422 2315 2317 -1 2162 2208 2163 -1 2071 2163 2072 -1 2411 2070 2072 -1 2150 2341 2151 -1 2411 2343 2182 -1 2411 2172 2343 -1 2385 2350 2354 -1 2309 2209 2322 -1 2274 1708 1746 -1 2165 1746 2115 -1 2165 2115 2053 -1 2139 2187 2160 -1 2419 2304 2303 -1 2173 2375 2341 -1 2363 2219 2254 -1 2363 2254 2253 -1 2309 2322 2310 -1 2252 2304 2253 -1 2254 2219 2218 -1 2228 2304 2403 -1 2253 2304 2228 -1 2363 2228 2430 -1 2413 2269 2271 -1 2322 2199 2310 -1 2198 2310 2199 -1 1115 804 2431 -1 2072 2208 2156 -1 2432 2433 2434 -1 2360 814 1438 -1 1011 2174 837 -1 2240 837 2174 -1 2252 2254 2311 -1 2173 2376 2375 -1 2197 2311 2254 -1 2197 2218 2198 -1 956 2290 2289 -1 2435 2238 2237 -1 2289 2044 1809 -1 2290 2229 2045 -1 2177 2156 2208 -1 2290 2045 2044 -1 2419 2321 2403 -1 2227 2403 2321 -1 2137 2046 2045 -1 2143 2256 2144 -1 2186 2046 2137 -1 2186 2137 2429 -1 2152 2436 2312 -1 2176 2177 2309 -1 2124 2312 2125 -1 2072 2156 2291 -1 1594 2160 2371 -1 2437 2354 2350 -1 2195 2348 2126 -1 2419 2275 2321 -1 2381 2396 2438 -1 2288 1115 2439 -1 2191 2193 2363 -1 2440 2441 2194 -1 2381 2408 2316 -1 2356 2265 2264 -1 2094 2066 2207 -1 2400 2119 2401 -1 956 2289 957 -1 956 835 2290 -1 2078 2442 2351 -1 835 837 2240 -1 2290 835 2240 -1 2290 2240 2229 -1 2186 2429 2160 -1 2443 1746 1555 -1 2356 2224 2217 -1 2443 2114 1746 -1 2437 2350 2313 -1 2094 2207 2404 -1 2385 2236 2350 -1 2407 2316 2408 -1 2211 2344 2205 -1 2443 1555 1554 -1 1553 2399 1554 -1 2392 2257 2216 -1 2068 2379 2069 -1 2246 2248 2264 -1 2149 2422 2317 -1 2155 2225 2255 -1 2419 2303 2305 -1 2289 1546 957 -1 2289 1809 1546 -1 1809 2187 1562 -1 2096 2199 2322 -1 2442 2444 2338 -1 1563 1562 2187 -1 2298 2372 2143 -1 2445 2417 2432 -1 937 2173 1011 -1 937 2410 2173 -1 2287 2376 2173 -1 2149 2341 2422 -1 2347 2435 2237 -1 2149 2151 2341 -1 2315 2341 2375 -1 1809 2046 2187 -1 2419 2297 2275 -1 2186 2160 2187 -1 1594 2139 2160 -1 2371 2160 2159 -1 2348 2158 2160 -1 2347 2158 2348 -1 2347 2159 2158 -1 2414 2324 2205 -1 2347 2406 2159 -1 2371 2037 2036 -1 2229 2150 2045 -1 2045 2150 2138 -1 2429 2137 2299 -1 2429 2299 2126 -1 2152 2329 2153 -1 2152 2126 2299 -1 2446 2238 2114 -1 2152 2154 2436 -1 2436 2154 2354 -1 2436 2354 2437 -1 2287 2316 2315 -1 2429 2126 2348 -1 2407 2370 2316 -1 2407 2409 2370 -1 2125 2195 2126 -1 2364 2366 2370 -1 2078 2414 2395 -1 2364 2370 2409 -1 2440 2194 2125 -1 2373 2366 2365 -1 2298 2366 2373 -1 2298 2373 2372 -1 2214 2392 2215 -1 2440 2125 2368 -1 2362 2368 2125 -1 2373 2421 2390 -1 2214 2390 2392 -1 2214 2143 2372 -1 2419 2403 2304 -1 2191 2228 2100 -1 2191 2430 2228 -1 2436 2437 2313 -1 2435 2405 2238 -1 1554 2446 2114 -1 2436 2313 2312 -1 2191 2102 2336 -1 2385 2097 2236 -1 2305 2099 2098 -1 2192 2219 2363 -1 2447 2444 2448 -1 2252 2313 2350 -1 2192 2363 2193 -1 2443 1554 2114 -1 2114 2115 1746 -1 2191 2363 2430 -1 2192 2217 2219 -1 2347 2194 2435 -1 2194 2441 2435 -1 2362 2312 2311 -1 2435 2441 2404 -1 2435 2404 2405 -1 2440 2095 2441 -1 2449 2270 2438 -1 2214 2216 2256 -1 2256 2216 2257 -1 2094 2441 2095 -1 2094 2404 2441 -1 2214 2256 2143 -1 2220 2144 2256 -1 2197 2199 2368 -1 2114 2405 2404 -1 2232 2346 2342 -1 2217 2198 2218 -1 2440 2368 2095 -1 2368 2096 2095 -1 2094 2096 2067 -1 2094 2067 2066 -1 2227 2276 2120 -1 2227 2120 2400 -1 2400 2120 2119 -1 2227 2400 2101 -1 2101 2400 2402 -1 2101 2402 2102 -1 2102 2402 2397 -1 2409 2438 2270 -1 2102 2146 2336 -1 2368 2199 2096 -1 2176 2198 2217 -1 2232 2231 2346 -1 2176 2224 2157 -1 2255 2172 2291 -1 2344 2414 2205 -1 2351 2261 2079 -1 2336 2146 2148 -1 2305 2370 2366 -1 2336 2148 2265 -1 2275 2120 2276 -1 2361 2331 2146 -1 2146 2331 2147 -1 2062 2147 2331 -1 2063 2201 2068 -1 2224 2248 2225 -1 2062 2064 2247 -1 2063 2069 2064 -1 2200 2379 2068 -1 1477 2450 2451 -1 2333 2391 2334 -1 2149 2282 2335 -1 2282 2154 2153 -1 2282 2153 2329 -1 2154 2317 2354 -1 1554 2238 2446 -1 2445 2432 2434 -1 2316 2355 2317 -1 2316 2370 2355 -1 2305 2098 2370 -1 2298 2305 2366 -1 2275 2298 2145 -1 2385 2354 2355 -1 2385 2098 2097 -1 2248 2247 2225 -1 2225 2418 2345 -1 2255 2345 2170 -1 2211 2170 2345 -1 2064 2418 2247 -1 2064 2342 2418 -1 2069 2232 2342 -1 2342 2345 2418 -1 2342 2346 2345 -1 2069 2379 2230 -1 2069 2230 2232 -1 2344 2346 2231 -1 2344 2231 2414 -1 2414 2231 2395 -1 2378 2448 2230 -1 2230 2448 2395 -1 2448 2442 2395 -1 2378 2447 2448 -1 2448 2444 2442 -1 2078 2395 2442 -1 2337 2442 2338 -1 2337 2351 2442 -1 2364 2390 2421 -1 2364 2413 2390 -1 2409 2269 2413 -1 2119 2302 2452 -1 2145 2144 2121 -1 2144 2241 2121 -1 2302 2121 2241 -1 2453 815 2360 -1 2270 2330 2453 -1 937 1062 2410 -1 2288 2439 2396 -1 1594 2036 1595 -1 2371 2159 2037 -1 2238 2412 2398 -1 2238 2398 2428 -1 1554 2399 2398 -1 2334 2450 2454 -1 1553 1491 2398 -1 2406 2367 2159 -1 2159 2367 2037 -1 2406 2239 2367 -1 2238 2428 2239 -1 2287 2396 2381 -1 2381 2438 2409 -1 2409 2270 2269 -1 2392 2391 2333 -1 2390 2413 2271 -1 2390 2271 2391 -1 2392 2333 2417 -1 2257 2417 2445 -1 1115 2396 2439 -1 1115 2431 2396 -1 2396 2431 2449 -1 2396 2449 2438 -1 2332 2432 2417 -1 2332 2417 2333 -1 2271 2451 2334 -1 2271 2334 2391 -1 1595 2037 1805 -1 2398 1491 1806 -1 2398 1806 1805 -1 2449 2330 2270 -1 2271 2453 2451 -1 2271 2270 2453 -1 2431 804 2330 -1 2431 2330 2449 -1 2330 815 2453 -1 2453 2360 1477 -1 2453 1477 2451 -1 890 1438 814 -1 2332 2334 2454 -1 2330 804 803 -1 2360 1438 1437 -1 2360 1437 1477 -1 1477 1465 2450 -1 2334 2451 2450 -1 2332 2433 2432 -1 2332 2454 2433 -1 2361 2146 2397 -1 2397 2402 2401 -1 2401 2119 2452 -1 2452 2397 2401 -1 2455 2456 2457 -1 2458 2459 2460 -1 2461 2462 2463 -1 2464 2465 2466 -1 414 2467 2468 -1 2469 2470 2471 -1 2472 2473 2474 -1 2475 2476 2477 -1 2478 2479 2480 -1 2481 2482 2483 -1 2484 2485 2486 -1 2487 2488 414 -1 2489 2490 2491 -1 1463 2492 2493 -1 2494 2495 2496 -1 2497 2498 2499 -1 300 423 2488 -1 2500 2501 2502 -1 2503 2504 2505 -1 2506 2507 2508 -1 2509 2510 2496 -1 2511 2512 2513 -1 2514 2515 2457 -1 2516 2517 2518 -1 2519 2457 2515 -1 2520 2521 2522 -1 2523 2524 2495 -1 1476 2525 2526 -1 414 416 2527 -1 2528 2529 2530 -1 1267 2531 2532 -1 2533 2534 2535 -1 2536 595 2537 -1 2536 2538 595 -1 2539 2540 2541 -1 2500 2519 2542 -1 2500 2502 2519 -1 2500 2523 2494 -1 2534 587 2543 -1 2500 2542 2523 -1 2544 2456 2455 -1 2542 2545 2487 -1 2542 2487 2523 -1 2509 2495 2524 -1 2502 2546 2455 -1 1251 2547 1163 -1 2548 2510 2549 -1 2550 2551 2552 -1 1357 2473 1475 -1 2553 2554 2555 -1 2509 2524 2516 -1 2487 2468 2524 -1 2553 2556 2557 -1 2487 2524 2523 -1 1251 2558 2547 -1 2467 2524 2468 -1 2467 2516 2524 -1 300 2488 2545 -1 2545 2488 2487 -1 2559 2492 1463 -1 2560 2561 2562 -1 2563 2564 2565 -1 2566 2547 2558 -1 2487 414 2468 -1 2567 2568 2569 -1 1251 2544 2558 -1 423 415 2488 -1 414 2488 415 -1 414 2527 2467 -1 1234 364 2456 -1 2570 2571 2572 -1 2573 2574 593 -1 2575 2576 2577 -1 2578 2518 2579 -1 2580 2518 2578 -1 2509 2516 2518 -1 2545 2515 2514 -1 2502 2455 2519 -1 1251 1234 2456 -1 300 2545 2514 -1 2580 2581 2481 -1 2582 2583 2478 -1 2478 2458 2584 -1 2585 2586 2587 -1 2481 2483 2549 -1 2588 2498 2589 -1 2566 2558 2590 -1 2591 2592 2593 -1 2558 2544 2455 -1 2558 2455 2546 -1 2594 364 363 -1 2595 2502 2596 -1 2567 2597 2598 -1 2595 2546 2502 -1 2455 2457 2519 -1 2599 2531 1304 -1 2500 2494 2501 -1 2600 2601 2602 -1 2594 2456 364 -1 2509 2496 2495 -1 2491 2603 2459 -1 1251 2456 2544 -1 1446 2532 2604 -1 2458 2480 2459 -1 2464 2475 2605 -1 2606 2607 2462 -1 2594 2457 2456 -1 2499 2526 2525 -1 2594 2514 2457 -1 2542 2519 2515 -1 2542 2515 2545 -1 2608 2609 2565 -1 320 2594 363 -1 320 2514 2594 -1 300 2514 320 -1 2606 2462 2610 -1 2511 2602 2598 -1 2494 2496 2611 -1 2528 2530 2551 -1 2494 2523 2495 -1 2612 2613 2614 -1 2566 2615 1386 -1 2553 2517 2554 -1 2563 2565 2611 -1 532 2567 2616 -1 2496 2614 2563 -1 2548 2482 2612 -1 2599 1304 1386 -1 2598 2504 2503 -1 2570 2593 2617 -1 2573 593 2616 -1 2618 2619 2620 -1 2621 2462 2607 -1 2622 2623 2624 -1 2469 2572 2470 -1 2564 2608 2565 -1 2536 2537 2625 -1 2596 2565 2609 -1 1234 1271 364 -1 548 2626 2484 -1 2513 2512 2627 -1 2592 2628 2629 -1 2630 2601 2561 -1 2631 2632 2633 -1 2615 2634 2635 -1 2481 2628 2591 -1 2580 2481 2549 -1 1304 2531 1267 -1 2570 2591 2593 -1 2636 2525 1324 -1 2501 2611 2565 -1 2615 2637 2634 -1 2599 1386 2615 -1 2566 1163 2547 -1 2566 1386 1163 -1 2566 2590 2615 -1 2590 2637 2615 -1 2590 2595 2637 -1 2595 2638 2637 -1 2639 2476 2640 -1 2595 2596 2638 -1 2596 2609 2638 -1 2558 2546 2595 -1 2590 2558 2595 -1 2502 2565 2596 -1 2502 2501 2565 -1 2494 2611 2501 -1 2563 2613 2564 -1 2563 2614 2613 -1 2548 2612 2614 -1 2496 2563 2611 -1 2548 2496 2510 -1 2548 2614 2496 -1 495 364 1271 -1 2511 2641 2512 -1 2591 2628 2592 -1 2506 2642 2507 -1 2536 2555 2538 -1 2476 2624 2477 -1 2520 2643 518 -1 2573 2567 2569 -1 2644 2645 2572 -1 2598 2597 2641 -1 2497 2525 2646 -1 2626 365 367 -1 2580 2647 2581 -1 603 548 2648 -1 2599 2615 2635 -1 2560 2649 2630 -1 2599 2635 2531 -1 2638 2634 2637 -1 1325 1138 1192 -1 2564 2644 2608 -1 2618 2620 2650 -1 2651 2577 2474 -1 2491 2652 2472 -1 2609 2650 2620 -1 2464 2605 2465 -1 2653 2654 609 -1 2564 2613 2644 -1 2506 2619 2642 -1 2493 2655 1371 -1 2618 2650 2656 -1 2460 2657 2606 -1 2598 2503 2568 -1 2618 2656 2570 -1 2458 2658 2584 -1 2548 2483 2482 -1 2471 2481 2591 -1 2659 2632 2660 -1 2612 2645 2613 -1 2509 2549 2510 -1 2479 2459 2480 -1 532 2648 2627 -1 2493 1371 1329 -1 1267 2532 1446 -1 2520 2574 2573 -1 1325 1192 2652 -1 2661 2497 2662 -1 2663 2664 2588 -1 2472 2652 2473 -1 2486 2485 2533 -1 1328 2493 1329 -1 2543 587 2665 -1 2585 2666 2583 -1 532 534 2648 -1 2560 2562 2659 -1 2608 2650 2609 -1 2608 2644 2650 -1 2613 2645 2644 -1 2520 2522 2667 -1 2612 2482 2645 -1 2548 2549 2483 -1 2482 2668 2645 -1 2509 2518 2549 -1 2467 2554 2517 -1 2467 2517 2516 -1 2471 2482 2481 -1 2651 2604 2532 -1 2467 2555 2554 -1 2467 2527 2555 -1 416 2538 2527 -1 2527 2538 2555 -1 416 582 2538 -1 2610 2669 2658 -1 2655 2670 2671 -1 2621 2592 2463 -1 2573 2616 2567 -1 2672 2653 609 -1 587 497 2665 -1 2622 2533 2623 -1 2475 1484 2476 -1 2493 2673 2655 -1 2638 2609 2620 -1 2617 2593 2621 -1 2513 2648 548 -1 2534 588 587 -1 532 2641 2597 -1 2650 2644 2656 -1 2644 2572 2571 -1 2655 2454 1371 -1 2539 2625 2667 -1 2543 2654 2674 -1 2570 2656 2571 -1 2644 2571 2656 -1 2645 2668 2572 -1 2616 593 533 -1 2575 2506 2508 -1 2491 2472 2603 -1 532 2597 2567 -1 2631 2624 2476 -1 603 2648 584 -1 2631 2633 2675 -1 2561 2601 2600 -1 2631 2639 2632 -1 2541 2529 2557 -1 2639 1417 2663 -1 2618 2570 2617 -1 2513 2676 2600 -1 2560 2659 2660 -1 2651 1446 2604 -1 2639 2660 2632 -1 2659 2633 2632 -1 2659 2562 2633 -1 2675 2562 2561 -1 2675 2633 2562 -1 2503 2505 2568 -1 2541 2530 2529 -1 2619 2677 2620 -1 2469 2570 2572 -1 2470 2572 2668 -1 2470 2668 2471 -1 2463 2592 2629 -1 2471 2668 2482 -1 2580 2549 2518 -1 2600 2676 2484 -1 2511 2513 2600 -1 2512 2641 2627 -1 2513 2627 2648 -1 2513 548 2676 -1 2676 548 2484 -1 2458 2606 2610 -1 532 2627 2641 -1 532 2616 533 -1 2629 2628 2581 -1 2678 2646 2489 -1 534 584 2648 -1 2579 2518 2517 -1 2553 2579 2517 -1 2553 2555 2556 -1 2556 2555 2536 -1 595 2538 582 -1 2520 518 2574 -1 2574 518 593 -1 1342 2476 1484 -1 2667 2625 2537 -1 2475 1480 1484 -1 2651 1357 1446 -1 2585 2679 2666 -1 2667 2537 2643 -1 1476 2526 1457 -1 1342 1417 2640 -1 1467 1457 2526 -1 1467 2526 2664 -1 1417 1467 2664 -1 1417 2664 2663 -1 1324 2525 1476 -1 2636 2489 2646 -1 2636 2646 2525 -1 2497 2499 2525 -1 2678 2497 2646 -1 2680 2497 2678 -1 2499 2664 2526 -1 2499 2498 2664 -1 2588 2664 2498 -1 548 444 2626 -1 2661 2498 2497 -1 2680 2662 2497 -1 2560 2660 2589 -1 2560 2589 2649 -1 2551 2530 2552 -1 2560 2630 2561 -1 2561 2600 2486 -1 2680 2478 2583 -1 2662 2666 2679 -1 2662 2679 2649 -1 2630 2649 2679 -1 2630 2679 2504 -1 2585 2505 2679 -1 2505 2504 2679 -1 2582 2586 2585 -1 2585 2587 2505 -1 2505 2587 2681 -1 2587 2586 2550 -1 2587 2550 2682 -1 2587 2682 2681 -1 2682 2521 2681 -1 2568 2505 2681 -1 2568 2681 2521 -1 2568 2521 2569 -1 2540 2521 2682 -1 2540 2522 2521 -1 2520 2569 2521 -1 2630 2504 2601 -1 2601 2504 2602 -1 2511 2600 2602 -1 2491 2490 2652 -1 2598 2602 2504 -1 2511 2598 2641 -1 2567 2598 2568 -1 2520 2573 2569 -1 2539 2522 2540 -1 2539 2667 2522 -1 2520 2667 2643 -1 2643 2537 2683 -1 595 2683 2537 -1 2643 2683 586 -1 518 2643 586 -1 595 546 2683 -1 546 586 2683 -1 2678 2489 2479 -1 2660 2588 2589 -1 2464 1480 2475 -1 1462 1480 2464 -1 1462 2464 2559 -1 1462 2559 1463 -1 2675 2561 2486 -1 2675 2486 2684 -1 2491 2459 2479 -1 2459 2603 2460 -1 2460 2603 2657 -1 2618 2617 2642 -1 2618 2642 2619 -1 2458 2460 2606 -1 2661 2662 2649 -1 2469 2471 2591 -1 2685 2669 2461 -1 2678 2479 2478 -1 2680 2678 2478 -1 2478 2480 2458 -1 2582 2478 2584 -1 1325 2652 2490 -1 2680 2583 2662 -1 2662 2583 2666 -1 2582 2585 2583 -1 2458 2610 2658 -1 2610 2461 2669 -1 2586 2584 2658 -1 2582 2584 2586 -1 2586 2658 2669 -1 2586 2669 2550 -1 2528 2581 2647 -1 2551 2669 2685 -1 2550 2669 2551 -1 2540 2550 2552 -1 2540 2682 2550 -1 2636 1324 1325 -1 2636 2490 2489 -1 2636 1325 2490 -1 2528 2551 2685 -1 2489 2491 2479 -1 2541 2552 2530 -1 2528 2647 2529 -1 2486 2686 2622 -1 2578 2529 2647 -1 2578 2579 2529 -1 2553 2529 2579 -1 2553 2557 2529 -1 2540 2552 2541 -1 2539 2541 2557 -1 2539 2557 2625 -1 2556 2625 2557 -1 2556 2536 2625 -1 2661 2649 2589 -1 2631 2476 2639 -1 2600 2484 2486 -1 2577 2576 2474 -1 2575 2508 2576 -1 2472 2474 2576 -1 2472 2576 2603 -1 2508 2657 2576 -1 2657 2603 2576 -1 2651 2473 1357 -1 2508 2507 2657 -1 2507 2687 2657 -1 2507 2642 2687 -1 2642 2607 2687 -1 2657 2687 2606 -1 2606 2687 2607 -1 2610 2462 2461 -1 2642 2617 2607 -1 2617 2621 2607 -1 2621 2463 2462 -1 2685 2461 2463 -1 2469 2591 2570 -1 2621 2593 2592 -1 2685 2463 2629 -1 2528 2685 2629 -1 2651 2474 2473 -1 2528 2629 2581 -1 2481 2581 2628 -1 1192 1475 2473 -1 2652 1192 2473 -1 2580 2578 2647 -1 2639 2663 2588 -1 2639 2588 2660 -1 2661 2589 2498 -1 2626 444 365 -1 2484 2533 2485 -1 2639 2640 1417 -1 2631 2675 2684 -1 2465 2623 2688 -1 2465 2688 2689 -1 2454 2450 1371 -1 2466 2690 2673 -1 2543 2689 2688 -1 1342 2640 2476 -1 2674 2654 2673 -1 2605 2624 2465 -1 1463 2493 1328 -1 2464 2466 2492 -1 2464 2492 2559 -1 2486 2622 2684 -1 2486 2533 2686 -1 2484 367 2533 -1 2484 2626 367 -1 2465 2624 2623 -1 367 2534 2533 -1 2686 2533 2622 -1 366 588 2534 -1 367 366 2534 -1 2492 2466 2673 -1 2533 2535 2623 -1 1371 2450 1465 -1 2655 2433 2454 -1 2655 2671 2433 -1 2434 2433 2671 -1 2672 2671 2653 -1 2623 2535 2543 -1 2534 2543 2535 -1 497 610 2665 -1 2653 2671 2670 -1 2492 2673 2493 -1 2653 2655 2673 -1 2653 2670 2655 -1 2465 2689 2466 -1 2466 2689 2690 -1 2623 2543 2688 -1 2690 2689 2673 -1 2665 609 2654 -1 2665 610 609 -1 2543 2674 2689 -1 2674 2673 2689 -1 2543 2665 2654 -1 2653 2673 2654 -1 2624 2631 2684 -1 2624 2605 2475 -1 2684 2622 2624 -1 2624 2475 2477 -1 2532 2531 2635 -1 2577 2651 2532 -1 2577 2532 2635 -1 2577 2635 2634 -1 2575 2577 2634 -1 2506 2575 2634 -1 2506 2634 2638 -1 2506 2638 2620 -1 2677 2619 2506 -1 2677 2506 2620 -1 510 2691 2692 -1 2693 2694 2695 -1 2696 2697 2698 -1 313 315 2693 -1 2698 2692 2699 -1 2694 2700 2701 -1 2702 2694 2696 -1 2694 2703 2700 -1 501 568 2703 -1 2693 2703 2694 -1 568 2700 2703 -1 2698 2701 510 -1 2698 2699 2704 -1 568 2701 2700 -1 2697 2694 2701 -1 315 501 2693 -1 501 2703 2693 -1 313 2693 2695 -1 2696 2694 2697 -1 2697 2701 2698 -1 568 508 2701 -1 2701 508 510 -1 2696 2698 2704 -1 2698 510 2692 -1 2705 2706 2707 -1 2708 2709 2710 -1 430 2711 431 -1 2712 2359 2713 -1 2713 2714 2715 -1 2716 2708 2706 -1 2258 2712 430 -1 2707 2710 2717 -1 2718 2719 2720 -1 2712 2389 2359 -1 2705 2716 2706 -1 452 2705 427 -1 2707 2708 2710 -1 2708 2719 2709 -1 2708 2720 2719 -1 2258 2389 2712 -1 2712 2711 430 -1 2711 2716 431 -1 552 427 2705 -1 452 431 2716 -1 2712 2713 2715 -1 2712 2715 2711 -1 552 2705 335 -1 452 2716 2705 -1 2715 2720 2716 -1 2711 2715 2716 -1 2715 2718 2720 -1 2716 2720 2708 -1 335 2705 2721 -1 2705 2707 2721 -1 2707 2706 2708 -1 2358 2722 2723 -1 2267 2262 2724 -1 2359 2723 2725 -1 2394 2726 2722 -1 2723 2727 2725 -1 2728 2729 2730 -1 2723 2722 2727 -1 2714 2731 2718 -1 2732 2733 2729 -1 2734 2735 2730 -1 2394 2393 2726 -1 2262 2736 2737 -1 2738 2729 2728 -1 2726 2734 2733 -1 2726 2733 2727 -1 2732 2738 2731 -1 2739 2730 2740 -1 2714 2727 2732 -1 2262 2382 2736 -1 2359 2358 2723 -1 2714 2732 2731 -1 2394 2722 2358 -1 2718 2741 2719 -1 2742 2736 2382 -1 2359 2725 2713 -1 2713 2725 2714 -1 2715 2714 2718 -1 2393 2267 2724 -1 2393 2724 2726 -1 2722 2726 2727 -1 2714 2725 2727 -1 2718 2731 2741 -1 2337 2742 2382 -1 2726 2724 2734 -1 2724 2262 2737 -1 2724 2737 2735 -1 2724 2735 2734 -1 2732 2727 2733 -1 2732 2729 2738 -1 2734 2730 2733 -1 2733 2730 2729 -1 2735 2740 2730 -1 2728 2730 2739 -1 2735 2736 2743 -1 2735 2737 2736 -1 2735 2743 2740 -1 2740 2743 2744 -1 2742 2745 2736 -1 2745 2743 2736 -1 2746 2743 2745 -1 2746 2747 2748 -1 2749 2750 2751 -1 2752 2741 2753 -1 2754 2755 2756 -1 2757 2754 2758 -1 2753 2741 2731 -1 2749 2759 2750 -1 2757 2758 2760 -1 2758 2761 2762 -1 2763 2764 2765 -1 2766 2767 2768 -1 2769 2770 2771 -1 2763 2772 2764 -1 2749 2751 2773 -1 2763 2755 2774 -1 2753 2738 2775 -1 2728 2772 2775 -1 2776 2765 2777 -1 2757 2774 2755 -1 2753 2774 2760 -1 2769 2750 2759 -1 2776 2777 2766 -1 2753 2731 2738 -1 2754 2761 2758 -1 2749 2773 2778 -1 2764 2772 2765 -1 2758 2762 2752 -1 2709 2741 2752 -1 2777 2779 2744 -1 2719 2741 2709 -1 2709 2752 2762 -1 2780 2778 2773 -1 2758 2752 2760 -1 2757 2755 2754 -1 2738 2728 2775 -1 2728 2739 2772 -1 2752 2753 2760 -1 2757 2760 2774 -1 2763 2774 2772 -1 2774 2775 2772 -1 2753 2775 2774 -1 2746 2748 2743 -1 2740 2744 2779 -1 2739 2740 2779 -1 2772 2779 2765 -1 2739 2779 2772 -1 2763 2765 2781 -1 2756 2782 2778 -1 2754 2756 2778 -1 2756 2755 2759 -1 2756 2759 2782 -1 2763 2759 2755 -1 2763 2781 2759 -1 2754 2778 2761 -1 2748 2767 2766 -1 2750 2771 2751 -1 2769 2781 2765 -1 2777 2765 2779 -1 2777 2744 2748 -1 2783 2751 2771 -1 2748 2744 2743 -1 2776 2769 2765 -1 2769 2759 2781 -1 2749 2778 2782 -1 2776 2766 2770 -1 2749 2782 2759 -1 2784 2767 2747 -1 2746 2745 2747 -1 2784 2768 2767 -1 2748 2747 2767 -1 2777 2748 2766 -1 2770 2783 2771 -1 2776 2770 2769 -1 2769 2771 2750 -1 2785 540 2786 -1 2787 2721 2788 -1 2707 2788 2721 -1 2785 2789 2790 -1 2707 2717 2788 -1 2791 2792 2793 -1 2794 2795 2796 -1 540 447 2786 -1 2789 2795 2790 -1 2797 2791 2793 -1 2789 2787 2788 -1 2797 2691 2798 -1 2796 2795 2799 -1 2797 2798 2791 -1 2794 2792 2800 -1 335 2787 2786 -1 335 2786 447 -1 2801 2802 2799 -1 335 2721 2787 -1 2789 2786 2787 -1 2785 2786 2789 -1 2801 2788 2802 -1 2789 2788 2801 -1 2785 2790 540 -1 540 2790 583 -1 2789 2801 2799 -1 2789 2799 2795 -1 2800 2790 2795 -1 601 2800 2791 -1 2794 2800 2795 -1 2800 583 2790 -1 601 583 2800 -1 510 509 2691 -1 599 2691 509 -1 599 2798 2691 -1 2797 2692 2691 -1 2800 2792 2791 -1 470 2798 599 -1 601 2798 470 -1 2797 2793 2692 -1 601 2791 2798 -1 2803 2804 550 -1 2805 2804 2806 -1 2807 2808 2809 -1 2810 2803 551 -1 597 2804 561 -1 2803 2805 2806 -1 597 544 2804 -1 2810 551 422 -1 2805 2807 2804 -1 550 2804 544 -1 2803 550 551 -1 2811 2803 2810 -1 2810 422 314 -1 2811 2810 314 -1 561 2804 2807 -1 2803 2806 2804 -1 2803 2812 2805 -1 2805 2808 2807 -1 2807 448 450 -1 2807 2809 448 -1 561 2807 450 -1 2200 2813 2447 -1 2814 2815 2816 -1 2814 2817 2447 -1 2814 2818 2817 -1 2817 2819 2444 -1 2819 2338 2444 -1 2745 2820 2747 -1 2200 2815 2813 -1 2817 2818 2821 -1 2817 2821 2819 -1 2814 2447 2813 -1 2822 2815 2823 -1 2820 2824 2747 -1 2339 2819 2820 -1 2821 2825 2819 -1 2819 2825 2820 -1 2339 2338 2819 -1 2742 2339 2820 -1 2823 2200 2201 -1 2823 2815 2200 -1 2814 2813 2815 -1 2200 2447 2378 -1 2825 2826 2824 -1 2817 2444 2447 -1 2337 2339 2742 -1 2821 2826 2825 -1 2825 2824 2820 -1 2742 2820 2745 -1 2301 2827 2828 -1 2672 609 2829 -1 2827 2830 2831 -1 2257 2445 2221 -1 2445 2434 2829 -1 2832 2829 2833 -1 2809 2834 575 -1 2221 2827 2222 -1 2445 2829 2835 -1 2832 2833 575 -1 2808 2831 2809 -1 2832 2835 2829 -1 2301 2241 2827 -1 2672 2829 2671 -1 609 2833 2829 -1 2834 2832 575 -1 2222 2827 2241 -1 2301 2828 2836 -1 2445 2835 2834 -1 2828 2831 2808 -1 574 575 2833 -1 2221 2445 2827 -1 2827 2445 2830 -1 2827 2831 2828 -1 2831 2830 2809 -1 2445 2834 2830 -1 2809 2830 2834 -1 2434 2671 2829 -1 2834 2835 2832 -1 2809 575 448 -1 448 575 449 -1 574 2833 609 -1 2837 2838 2839 -1 2840 2841 2842 -1 2843 2844 2780 -1 2845 2846 2847 -1 2761 2844 2848 -1 2845 2793 2846 -1 2761 2848 2762 -1 2849 2846 2792 -1 2850 2851 2852 -1 2853 2802 2717 -1 2850 2854 2851 -1 2855 2854 2856 -1 2783 2852 2851 -1 2792 2846 2793 -1 2847 2842 2841 -1 2837 2857 2858 -1 2845 2847 2841 -1 2796 2799 2859 -1 2788 2717 2802 -1 2853 2717 2860 -1 2853 2860 2762 -1 2854 2861 2858 -1 2860 2717 2710 -1 2862 2863 2864 -1 2860 2710 2709 -1 2860 2709 2762 -1 2865 2845 2841 -1 2853 2762 2848 -1 2864 2863 2840 -1 2857 2851 2858 -1 2761 2866 2844 -1 2850 2852 2768 -1 2802 2859 2799 -1 2853 2839 2859 -1 2853 2859 2802 -1 2865 2699 2845 -1 2853 2844 2839 -1 2853 2848 2844 -1 2761 2778 2866 -1 2847 2855 2856 -1 2838 2796 2859 -1 2850 2856 2854 -1 2867 2845 2699 -1 2838 2859 2839 -1 2843 2837 2844 -1 2837 2839 2844 -1 2780 2844 2866 -1 2780 2866 2778 -1 2854 2858 2851 -1 2862 2864 2818 -1 2868 2704 2699 -1 2865 2868 2699 -1 2867 2699 2692 -1 2862 2868 2863 -1 2869 2842 2856 -1 2868 2841 2863 -1 2865 2841 2868 -1 2840 2863 2841 -1 2847 2856 2842 -1 2867 2692 2793 -1 2867 2793 2845 -1 2847 2846 2855 -1 2849 2855 2846 -1 2849 2861 2855 -1 2818 2864 2821 -1 2864 2826 2821 -1 2864 2840 2826 -1 2840 2870 2826 -1 2870 2784 2826 -1 2824 2826 2784 -1 2840 2842 2870 -1 2869 2870 2842 -1 2869 2784 2870 -1 2869 2768 2784 -1 2824 2784 2747 -1 2869 2856 2850 -1 2869 2850 2768 -1 2794 2849 2792 -1 2794 2796 2849 -1 2796 2861 2849 -1 2838 2861 2796 -1 2855 2861 2854 -1 2838 2858 2861 -1 2837 2858 2838 -1 2766 2768 2852 -1 2766 2852 2770 -1 2770 2852 2783 -1 2857 2783 2851 -1 2857 2871 2783 -1 2843 2857 2837 -1 2783 2871 2751 -1 2780 2773 2871 -1 2773 2751 2871 -1 2843 2871 2857 -1 2843 2780 2871 -1 2805 2828 2808 -1 2872 2873 2874 -1 2875 2876 2877 -1 2878 2879 2872 -1 2872 2874 2880 -1 2878 2836 2879 -1 2876 2873 2877 -1 2881 2872 2879 -1 2872 2301 2836 -1 2878 2872 2836 -1 2872 2877 2873 -1 2881 2875 2872 -1 2872 2875 2877 -1 2881 2876 2875 -1 2880 2874 2873 -1 2882 2883 2704 -1 2882 2704 2884 -1 2884 2704 2868 -1 2885 2886 2887 -1 2888 2879 2836 -1 2885 2888 2812 -1 313 2889 2811 -1 2885 2887 2879 -1 313 2695 2889 -1 2811 2889 2887 -1 313 2811 314 -1 2811 2886 2885 -1 2885 2879 2888 -1 2811 2887 2886 -1 2885 2812 2803 -1 2805 2812 2888 -1 2811 2885 2803 -1 2888 2836 2828 -1 2805 2888 2828 -1 2890 2891 2892 -1 2893 2891 2894 -1 2893 2894 2882 -1 2887 2895 2896 -1 2887 2897 2895 -1 2893 2882 2898 -1 2876 2899 2900 -1 2887 2892 2897 -1 2876 2901 2899 -1 2893 2898 2901 -1 2881 2887 2896 -1 2881 2879 2887 -1 2881 2896 2876 -1 2889 2892 2887 -1 2889 2902 2892 -1 2892 2893 2902 -1 2892 2891 2893 -1 2890 2894 2891 -1 2876 2896 2895 -1 2876 2895 2897 -1 2876 2897 2901 -1 2897 2902 2893 -1 2897 2893 2901 -1 2882 2884 2898 -1 2903 2899 2822 -1 2899 2904 2822 -1 2903 2823 2201 -1 2903 2900 2899 -1 2899 2901 2904 -1 2903 2822 2823 -1 2903 2420 2905 -1 2903 2201 2420 -1 2906 2301 2872 -1 2903 2905 2900 -1 2906 2880 2301 -1 2906 2872 2880 -1 2301 2880 2302 -1 2880 2873 2452 -1 2900 2452 2873 -1 2876 2900 2873 -1 2880 2452 2302 -1 2452 2900 2905 -1 2452 2905 2420 -1 2452 2420 2361 -1 2452 2361 2397 -1 2904 2907 2816 -1 2904 2816 2815 -1 2884 2862 2907 -1 2862 2818 2907 -1 2822 2904 2815 -1 2904 2901 2898 -1 2904 2898 2907 -1 2814 2816 2907 -1 2814 2907 2818 -1 2898 2884 2907 -1 2884 2868 2862 -1" solid="false" texCoordIndex="0 1 2 -1 3 4 5 -1 6 7 8 -1 9 10 11 -1 12 13 14 -1 15 11 10 -1 16 17 6 -1 18 19 20 -1 3 5 21 -1 22 23 18 -1 24 25 26 -1 22 27 28 -1 29 30 31 -1 15 32 11 -1 30 33 6 -1 34 35 36 -1 37 38 39 -1 40 41 29 -1 42 43 44 -1 45 46 47 -1 48 49 50 -1 51 52 53 -1 0 54 1 -1 55 32 15 -1 56 57 13 -1 55 58 32 -1 59 60 61 -1 62 63 64 -1 58 65 32 -1 66 24 26 -1 67 32 65 -1 68 69 24 -1 70 71 72 -1 61 67 65 -1 59 61 65 -1 59 65 45 -1 73 74 75 -1 76 70 77 -1 78 60 79 -1 80 81 82 -1 45 65 46 -1 83 79 84 -1 78 79 83 -1 60 68 79 -1 79 68 84 -1 57 85 13 -1 86 87 88 -1 60 89 90 -1 91 92 93 -1 59 89 60 -1 59 69 89 -1 94 95 39 -1 59 45 69 -1 96 97 63 -1 68 90 89 -1 68 89 69 -1 47 28 69 -1 45 47 69 -1 22 28 23 -1 47 23 28 -1 68 24 66 -1 30 98 31 -1 69 28 24 -1 7 99 100 -1 80 1 81 -1 101 102 103 -1 80 104 105 -1 106 107 108 -1 54 109 110 -1 44 12 18 -1 111 112 113 -1 27 18 20 -1 114 115 116 -1 117 118 119 -1 120 58 121 -1 55 121 58 -1 122 123 124 -1 125 126 127 -1 120 46 58 -1 58 46 65 -1 120 77 42 -1 120 121 76 -1 120 42 46 -1 22 18 27 -1 1 54 128 -1 46 42 23 -1 47 46 23 -1 66 26 129 -1 84 68 37 -1 68 66 37 -1 66 129 37 -1 130 37 129 -1 131 132 123 -1 133 134 135 -1 136 137 123 -1 138 130 129 -1 24 28 25 -1 28 27 25 -1 25 139 26 -1 25 27 114 -1 25 114 139 -1 138 129 131 -1 140 74 141 -1 138 131 122 -1 138 122 40 -1 42 77 43 -1 142 143 21 -1 73 144 145 -1 70 43 77 -1 70 72 146 -1 70 146 43 -1 23 42 44 -1 44 146 12 -1 44 43 146 -1 106 108 147 -1 148 149 150 -1 151 152 96 -1 153 147 154 -1 40 122 41 -1 29 41 33 -1 12 146 56 -1 150 149 155 -1 18 14 19 -1 111 113 156 -1 114 116 139 -1 157 158 159 -1 160 161 34 -1 100 162 155 -1 20 19 163 -1 23 44 18 -1 27 20 114 -1 12 14 18 -1 12 56 13 -1 164 165 166 -1 167 168 169 -1 62 64 170 -1 126 165 164 -1 57 171 85 -1 96 63 172 -1 137 173 174 -1 62 172 63 -1 175 176 134 -1 177 145 178 -1 139 116 136 -1 64 179 91 -1 151 171 152 -1 180 181 182 -1 120 76 77 -1 1 105 2 -1 183 184 185 -1 62 170 172 -1 186 187 188 -1 129 132 131 -1 129 26 132 -1 159 158 189 -1 26 139 136 -1 26 136 132 -1 131 123 122 -1 100 99 190 -1 132 136 123 -1 191 192 51 -1 116 173 136 -1 136 173 137 -1 193 194 195 -1 76 117 70 -1 70 117 71 -1 187 5 4 -1 151 196 19 -1 138 197 130 -1 15 50 144 -1 128 198 82 -1 153 119 118 -1 1 128 81 -1 114 20 163 -1 19 196 163 -1 14 13 85 -1 14 85 19 -1 151 19 85 -1 151 85 171 -1 199 200 167 -1 106 147 201 -1 114 163 115 -1 156 202 31 -1 174 91 93 -1 196 172 115 -1 196 115 163 -1 116 115 170 -1 111 102 197 -1 116 170 173 -1 172 170 115 -1 151 96 196 -1 152 97 96 -1 6 33 7 -1 203 178 204 -1 29 33 30 -1 87 205 184 -1 8 100 155 -1 137 174 206 -1 83 207 208 -1 101 209 210 -1 211 212 213 -1 124 7 41 -1 214 91 174 -1 108 107 215 -1 30 6 17 -1 33 41 7 -1 141 153 118 -1 123 137 206 -1 161 216 217 -1 123 206 124 -1 7 206 99 -1 124 206 7 -1 206 174 93 -1 206 93 99 -1 7 100 8 -1 99 93 190 -1 16 6 149 -1 83 84 207 -1 16 149 148 -1 199 31 98 -1 8 155 149 -1 6 8 149 -1 218 3 219 -1 173 170 174 -1 192 220 198 -1 117 119 221 -1 170 214 174 -1 170 64 214 -1 64 91 214 -1 190 93 92 -1 222 176 175 -1 50 49 178 -1 216 223 224 -1 200 225 226 -1 30 17 98 -1 55 75 121 -1 55 15 144 -1 227 218 219 -1 196 96 172 -1 228 189 143 -1 122 124 41 -1 153 201 147 -1 229 34 165 -1 230 162 100 -1 230 100 190 -1 231 232 216 -1 35 233 234 -1 199 98 200 -1 235 101 210 -1 212 82 236 -1 237 226 238 -1 212 236 195 -1 229 160 34 -1 239 237 240 -1 181 241 242 -1 0 2 222 -1 243 221 119 -1 111 156 169 -1 34 161 217 -1 229 165 126 -1 3 224 219 -1 16 148 244 -1 219 224 223 -1 207 242 204 -1 0 245 109 -1 246 195 247 -1 109 245 52 -1 0 109 54 -1 113 112 202 -1 101 38 102 -1 141 201 153 -1 164 248 249 -1 15 10 50 -1 55 144 75 -1 121 75 76 -1 76 75 118 -1 250 160 125 -1 10 48 50 -1 84 95 207 -1 37 39 95 -1 84 37 95 -1 130 38 37 -1 130 197 38 -1 40 112 197 -1 138 40 197 -1 156 31 167 -1 251 219 252 -1 76 118 117 -1 50 178 145 -1 51 110 109 -1 71 117 221 -1 187 218 227 -1 94 182 253 -1 40 29 202 -1 40 202 112 -1 29 31 202 -1 34 36 165 -1 17 254 98 -1 16 254 17 -1 16 244 254 -1 200 168 167 -1 207 204 208 -1 50 145 144 -1 204 242 241 -1 231 255 256 -1 207 95 253 -1 207 253 242 -1 181 242 253 -1 181 253 182 -1 215 107 53 -1 257 215 53 -1 215 175 134 -1 257 175 215 -1 257 53 52 -1 257 52 245 -1 222 175 257 -1 235 39 38 -1 135 134 176 -1 222 257 245 -1 0 222 245 -1 106 258 107 -1 125 127 259 -1 260 203 204 -1 54 110 198 -1 111 103 102 -1 211 87 86 -1 87 261 262 -1 87 262 88 -1 183 250 261 -1 250 262 261 -1 128 82 81 -1 229 126 160 -1 183 160 250 -1 125 160 126 -1 126 164 127 -1 164 249 127 -1 94 39 210 -1 140 141 75 -1 141 118 75 -1 263 246 255 -1 49 208 178 -1 208 204 178 -1 177 178 203 -1 73 75 144 -1 140 75 74 -1 177 73 145 -1 177 74 73 -1 260 204 241 -1 260 181 264 -1 260 241 181 -1 94 253 95 -1 235 210 39 -1 180 264 181 -1 209 182 94 -1 209 180 182 -1 235 38 101 -1 102 38 197 -1 35 265 233 -1 111 197 112 -1 243 119 153 -1 258 53 107 -1 133 215 134 -1 133 108 215 -1 188 266 254 -1 226 252 238 -1 51 53 258 -1 51 109 52 -1 186 188 244 -1 184 246 263 -1 80 105 1 -1 80 82 212 -1 80 212 211 -1 113 202 156 -1 199 167 31 -1 266 98 254 -1 200 98 266 -1 133 147 108 -1 188 254 244 -1 183 161 160 -1 211 213 87 -1 87 213 205 -1 87 184 261 -1 183 261 184 -1 86 88 267 -1 183 185 161 -1 188 227 266 -1 165 36 157 -1 165 157 166 -1 157 268 166 -1 164 166 268 -1 195 194 269 -1 263 255 231 -1 194 240 237 -1 209 94 210 -1 270 103 220 -1 260 177 203 -1 200 266 227 -1 188 187 227 -1 212 246 213 -1 213 246 205 -1 184 205 246 -1 216 232 223 -1 141 74 201 -1 260 74 177 -1 51 192 110 -1 133 154 147 -1 185 263 161 -1 185 184 263 -1 36 35 234 -1 74 106 201 -1 209 192 180 -1 180 192 191 -1 243 153 154 -1 54 198 128 -1 156 167 169 -1 218 271 3 -1 233 189 158 -1 101 270 209 -1 209 270 220 -1 209 220 192 -1 192 198 110 -1 82 198 236 -1 101 103 270 -1 272 198 220 -1 272 236 198 -1 212 195 246 -1 272 220 103 -1 111 239 103 -1 272 193 236 -1 236 193 195 -1 195 269 256 -1 187 271 218 -1 161 231 216 -1 161 263 231 -1 239 193 103 -1 272 103 193 -1 239 240 193 -1 193 240 194 -1 35 216 265 -1 35 217 216 -1 34 217 35 -1 36 234 233 -1 36 233 158 -1 157 36 158 -1 159 189 228 -1 200 226 168 -1 111 169 239 -1 169 237 239 -1 169 273 237 -1 169 168 273 -1 168 226 273 -1 194 274 256 -1 269 194 256 -1 200 227 225 -1 227 251 225 -1 227 219 251 -1 187 4 3 -1 187 3 271 -1 195 256 247 -1 247 256 255 -1 246 247 255 -1 237 238 274 -1 237 273 226 -1 194 237 274 -1 274 238 232 -1 231 274 232 -1 231 256 274 -1 225 252 226 -1 225 251 252 -1 219 223 252 -1 265 216 224 -1 265 224 275 -1 233 265 275 -1 238 252 232 -1 223 232 252 -1 3 275 224 -1 3 21 275 -1 189 275 143 -1 233 275 189 -1 275 21 143 -1 9 11 32 -1 49 48 10 -1 60 78 83 -1 60 83 208 -1 208 49 10 -1 60 208 10 -1 32 67 61 -1 9 32 61 -1 9 61 60 -1 10 9 60 -1 60 90 68 -1 191 51 258 -1 264 180 191 -1 264 191 258 -1 106 74 260 -1 106 260 264 -1 106 264 258 -1 276 277 278 -1 279 280 281 -1 282 283 284 -1 285 286 287 -1 288 289 290 -1 291 292 293 -1 294 295 296 -1 297 298 299 -1 300 301 302 -1 303 304 305 -1 306 307 308 -1 309 310 311 -1 291 293 312 -1 313 314 315 -1 316 303 305 -1 317 318 319 -1 300 320 301 -1 321 277 322 -1 323 324 325 -1 309 326 310 -1 327 317 319 -1 328 329 330 -1 331 332 333 -1 334 335 336 -1 337 305 338 -1 338 305 304 -1 294 339 295 -1 301 340 302 -1 306 302 340 -1 341 342 297 -1 326 305 279 -1 326 279 310 -1 343 344 345 -1 341 338 304 -1 346 347 348 -1 349 299 298 -1 326 316 305 -1 326 350 316 -1 351 352 353 -1 288 290 349 -1 354 309 311 -1 326 355 350 -1 356 350 355 -1 338 357 358 -1 279 305 337 -1 328 359 360 -1 358 357 361 -1 309 355 326 -1 279 311 310 -1 362 363 364 -1 365 366 367 -1 368 369 370 -1 371 372 373 -1 374 375 376 -1 317 377 318 -1 341 297 299 -1 378 379 377 -1 349 290 380 -1 349 380 299 -1 289 374 327 -1 381 382 383 -1 354 384 309 -1 385 375 386 -1 309 384 355 -1 341 380 387 -1 341 299 380 -1 341 304 303 -1 388 351 389 -1 390 391 392 -1 341 303 342 -1 393 394 395 -1 344 396 345 -1 397 398 399 -1 400 396 344 -1 401 402 403 -1 279 337 280 -1 381 404 405 -1 387 406 338 -1 341 387 338 -1 407 408 409 -1 301 410 340 -1 408 406 409 -1 278 386 292 -1 411 412 413 -1 414 415 416 -1 407 343 412 -1 417 418 419 -1 407 412 408 -1 420 421 385 -1 314 422 315 -1 306 308 302 -1 316 419 303 -1 302 308 423 -1 407 344 343 -1 338 406 357 -1 424 357 408 -1 408 357 406 -1 425 426 427 -1 411 408 412 -1 287 330 329 -1 424 408 411 -1 290 428 409 -1 337 338 358 -1 424 361 357 -1 415 283 416 -1 415 284 283 -1 429 295 339 -1 337 358 280 -1 279 281 311 -1 311 281 294 -1 354 311 294 -1 430 431 426 -1 282 416 283 -1 432 416 282 -1 429 339 280 -1 294 280 339 -1 433 434 435 -1 384 294 296 -1 436 437 397 -1 354 294 384 -1 438 325 413 -1 381 383 439 -1 400 379 440 -1 307 418 308 -1 421 376 385 -1 308 418 284 -1 340 403 441 -1 442 443 347 -1 307 419 418 -1 350 417 316 -1 429 358 361 -1 343 345 438 -1 316 417 419 -1 433 418 417 -1 444 445 446 -1 356 417 350 -1 356 433 417 -1 290 409 380 -1 336 335 447 -1 420 385 321 -1 401 403 373 -1 448 449 450 -1 396 440 451 -1 426 452 427 -1 453 454 455 -1 300 302 423 -1 303 402 342 -1 288 374 289 -1 308 284 423 -1 401 332 402 -1 423 284 415 -1 372 401 373 -1 306 441 307 -1 375 456 457 -1 307 458 419 -1 307 441 458 -1 459 291 312 -1 303 419 458 -1 287 286 330 -1 371 363 362 -1 374 456 375 -1 460 461 462 -1 289 428 290 -1 463 464 465 -1 340 410 373 -1 451 440 466 -1 371 410 363 -1 460 467 468 -1 469 330 470 -1 321 385 386 -1 458 441 402 -1 471 435 434 -1 298 457 456 -1 472 473 474 -1 368 475 369 -1 420 475 368 -1 476 440 379 -1 420 321 475 -1 288 456 374 -1 477 478 378 -1 372 293 333 -1 276 278 292 -1 276 292 291 -1 371 373 410 -1 321 386 277 -1 278 277 386 -1 421 479 376 -1 331 333 480 -1 466 440 481 -1 482 292 386 -1 482 386 375 -1 298 331 457 -1 385 376 375 -1 483 436 484 -1 450 449 485 -1 486 487 488 -1 479 327 376 -1 387 409 406 -1 374 376 327 -1 477 317 479 -1 479 317 327 -1 477 377 317 -1 477 378 377 -1 289 327 319 -1 383 489 474 -1 372 333 401 -1 476 481 440 -1 396 323 345 -1 451 490 323 -1 466 481 395 -1 429 280 358 -1 389 491 492 -1 466 395 394 -1 285 287 493 -1 477 494 478 -1 371 495 312 -1 450 496 497 -1 297 332 331 -1 429 361 498 -1 289 319 428 -1 499 319 318 -1 428 319 499 -1 371 362 495 -1 315 500 501 -1 400 344 318 -1 344 499 318 -1 312 293 372 -1 371 312 372 -1 400 440 396 -1 502 503 437 -1 396 451 323 -1 407 428 499 -1 407 409 428 -1 380 409 387 -1 407 499 344 -1 301 363 410 -1 301 320 363 -1 411 504 361 -1 424 411 361 -1 361 504 498 -1 292 480 293 -1 297 342 332 -1 505 506 507 -1 482 457 480 -1 508 509 510 -1 482 480 292 -1 482 375 457 -1 293 480 333 -1 331 480 457 -1 288 349 456 -1 378 478 474 -1 349 298 456 -1 340 373 403 -1 401 333 332 -1 297 331 298 -1 342 402 332 -1 306 340 441 -1 441 403 402 -1 303 458 402 -1 494 383 478 -1 511 512 465 -1 446 491 353 -1 411 413 513 -1 411 513 514 -1 381 439 404 -1 505 515 516 -1 517 514 493 -1 436 397 484 -1 518 346 519 -1 520 443 507 -1 360 359 521 -1 453 522 523 -1 467 462 524 -1 421 525 494 -1 426 431 452 -1 526 398 503 -1 383 382 489 -1 336 447 493 -1 494 439 383 -1 476 379 378 -1 511 465 527 -1 362 364 495 -1 383 474 478 -1 472 474 489 -1 526 528 529 -1 477 479 494 -1 476 378 473 -1 378 474 473 -1 530 463 531 -1 476 473 481 -1 400 318 379 -1 377 379 318 -1 532 533 534 -1 451 394 487 -1 451 466 394 -1 451 487 490 -1 345 323 325 -1 345 325 438 -1 412 438 413 -1 343 438 412 -1 325 535 413 -1 323 490 324 -1 394 488 487 -1 486 536 487 -1 487 536 490 -1 490 536 324 -1 429 498 537 -1 429 537 295 -1 325 324 535 -1 538 450 497 -1 513 535 539 -1 285 447 540 -1 541 450 542 -1 460 443 442 -1 351 543 544 -1 535 425 334 -1 370 405 404 -1 518 545 346 -1 370 404 525 -1 368 370 525 -1 439 525 404 -1 321 322 475 -1 368 525 421 -1 420 368 421 -1 494 525 439 -1 421 494 479 -1 471 546 435 -1 460 547 443 -1 346 545 347 -1 548 390 444 -1 501 437 549 -1 526 500 528 -1 324 425 535 -1 413 535 513 -1 535 334 539 -1 486 430 536 -1 328 453 329 -1 324 536 426 -1 550 543 551 -1 324 426 425 -1 536 430 426 -1 334 425 552 -1 425 427 552 -1 553 519 346 -1 411 514 504 -1 513 539 554 -1 526 555 398 -1 513 554 514 -1 463 556 557 -1 334 336 554 -1 539 334 554 -1 504 514 517 -1 504 517 498 -1 554 493 514 -1 498 517 287 -1 498 287 537 -1 517 493 287 -1 285 493 447 -1 334 552 335 -1 328 330 469 -1 558 559 560 -1 561 562 544 -1 501 500 437 -1 529 500 422 -1 563 464 564 -1 468 563 547 -1 483 565 566 -1 467 524 567 -1 520 347 443 -1 568 549 569 -1 570 492 571 -1 390 572 391 -1 568 569 508 -1 433 435 573 -1 543 529 551 -1 467 567 455 -1 574 485 575 -1 336 493 554 -1 530 564 463 -1 295 537 329 -1 557 576 577 -1 578 579 436 -1 559 571 492 -1 566 527 580 -1 581 534 533 -1 384 296 522 -1 384 522 567 -1 295 523 522 -1 295 522 296 -1 295 329 523 -1 537 287 329 -1 581 506 516 -1 432 582 416 -1 285 540 583 -1 534 516 584 -1 285 583 286 -1 356 434 433 -1 355 524 434 -1 356 355 434 -1 355 384 567 -1 355 567 524 -1 566 580 454 -1 506 346 348 -1 388 543 351 -1 572 585 391 -1 328 469 359 -1 520 507 506 -1 550 544 543 -1 471 586 546 -1 551 529 422 -1 538 587 588 -1 529 528 500 -1 564 464 463 -1 389 353 491 -1 589 399 590 -1 591 442 347 -1 470 330 286 -1 315 422 500 -1 512 589 465 -1 592 531 557 -1 520 506 348 -1 455 567 522 -1 366 542 588 -1 557 556 576 -1 533 593 553 -1 460 442 461 -1 581 533 553 -1 581 553 506 -1 581 516 534 -1 594 516 506 -1 594 506 505 -1 453 455 522 -1 593 518 519 -1 593 519 553 -1 553 346 506 -1 591 347 545 -1 505 507 443 -1 520 348 347 -1 468 454 563 -1 546 582 573 -1 595 582 546 -1 546 573 435 -1 471 434 461 -1 462 461 524 -1 461 434 524 -1 592 530 531 -1 397 596 484 -1 547 563 530 -1 597 561 544 -1 483 484 565 -1 390 392 444 -1 559 492 560 -1 460 468 547 -1 502 500 526 -1 562 351 544 -1 388 529 543 -1 388 526 529 -1 502 437 500 -1 578 436 483 -1 578 483 598 -1 469 599 359 -1 501 549 568 -1 578 600 579 -1 600 566 579 -1 453 523 329 -1 601 470 583 -1 470 286 583 -1 527 465 602 -1 436 549 437 -1 436 569 549 -1 469 470 599 -1 328 360 453 -1 436 579 569 -1 569 579 521 -1 569 521 508 -1 508 521 509 -1 579 360 521 -1 521 359 509 -1 599 509 359 -1 594 505 516 -1 592 557 577 -1 518 586 545 -1 591 545 586 -1 591 586 471 -1 591 471 442 -1 442 471 461 -1 443 547 530 -1 538 588 542 -1 603 584 390 -1 584 572 390 -1 460 462 467 -1 572 515 585 -1 446 604 491 -1 365 444 605 -1 603 390 548 -1 502 526 503 -1 392 560 606 -1 463 557 531 -1 467 455 454 -1 467 454 468 -1 388 389 570 -1 391 577 607 -1 454 580 527 -1 365 605 446 -1 444 446 605 -1 444 392 445 -1 584 516 515 -1 584 515 572 -1 505 592 515 -1 443 530 592 -1 505 443 592 -1 391 607 558 -1 562 450 541 -1 561 450 562 -1 352 542 353 -1 351 353 389 -1 388 570 526 -1 526 570 555 -1 437 503 398 -1 437 398 397 -1 566 511 527 -1 566 565 511 -1 454 527 602 -1 454 602 563 -1 538 542 450 -1 445 392 446 -1 530 563 564 -1 556 608 590 -1 446 392 606 -1 515 592 585 -1 538 497 587 -1 446 606 560 -1 446 560 604 -1 574 609 610 -1 392 558 560 -1 392 391 558 -1 497 496 610 -1 496 574 610 -1 391 585 577 -1 592 577 585 -1 450 485 574 -1 450 574 496 -1 389 492 570 -1 555 570 611 -1 570 571 611 -1 398 611 399 -1 555 611 398 -1 397 399 596 -1 484 596 589 -1 484 589 565 -1 511 565 512 -1 565 589 512 -1 602 465 612 -1 602 612 464 -1 602 464 563 -1 576 607 577 -1 558 607 576 -1 449 575 485 -1 492 604 560 -1 492 491 604 -1 559 611 571 -1 596 399 589 -1 559 590 399 -1 559 399 611 -1 558 576 559 -1 465 589 608 -1 612 465 464 -1 559 576 590 -1 589 590 608 -1 576 556 590 -1 463 465 608 -1 463 608 556 -1 281 280 294 -1 418 433 573 -1 282 284 418 -1 282 418 573 -1 573 582 432 -1 432 282 573 -1 352 351 562 -1 352 562 541 -1 365 446 353 -1 365 353 542 -1 352 541 542 -1 542 366 365 -1 566 454 453 -1 566 453 360 -1 360 579 566 -1 483 566 600 -1 598 483 600 -1 598 600 578 -1 613 614 615 -1 616 617 618 -1 619 620 621 -1 622 623 624 -1 625 626 627 -1 628 629 630 -1 631 632 633 -1 634 635 636 -1 637 638 639 -1 640 641 642 -1 643 644 645 -1 646 647 648 -1 649 650 651 -1 652 653 654 -1 655 656 619 -1 657 658 659 -1 650 660 651 -1 657 661 662 -1 663 664 665 -1 666 667 668 -1 669 670 671 -1 672 673 674 -1 675 676 677 -1 678 679 680 -1 681 682 683 -1 684 629 685 -1 686 687 688 -1 689 690 691 -1 692 693 694 -1 695 630 629 -1 696 697 698 -1 650 684 699 -1 700 701 702 -1 703 704 705 -1 706 707 708 -1 709 710 711 -1 712 713 714 -1 715 716 717 -1 714 718 719 -1 720 721 658 -1 629 722 685 -1 671 723 724 -1 725 717 716 -1 726 727 728 -1 729 730 731 -1 732 733 734 -1 735 736 737 -1 738 617 739 -1 695 740 630 -1 741 688 736 -1 742 743 744 -1 745 746 747 -1 626 748 627 -1 749 750 683 -1 751 740 744 -1 752 753 754 -1 755 756 757 -1 751 758 759 -1 654 648 760 -1 761 762 763 -1 723 764 631 -1 751 744 632 -1 614 765 766 -1 723 633 724 -1 646 648 767 -1 768 638 769 -1 770 771 642 -1 637 772 773 -1 774 632 631 -1 650 775 684 -1 745 776 777 -1 778 732 734 -1 740 779 744 -1 616 739 617 -1 741 736 735 -1 780 781 782 -1 761 783 762 -1 784 785 786 -1 665 787 788 -1 776 789 790 -1 791 792 793 -1 794 700 702 -1 743 642 641 -1 714 669 795 -1 796 797 739 -1 670 798 799 -1 795 669 671 -1 714 713 669 -1 800 801 802 -1 803 804 805 -1 671 670 799 -1 806 807 808 -1 713 757 670 -1 809 810 811 -1 799 812 764 -1 669 713 670 -1 713 813 755 -1 713 755 757 -1 706 708 711 -1 814 670 757 -1 814 798 670 -1 815 816 817 -1 818 819 820 -1 810 821 822 -1 823 705 704 -1 824 664 825 -1 666 826 827 -1 828 829 830 -1 699 684 685 -1 831 832 702 -1 774 833 758 -1 749 682 834 -1 835 836 837 -1 838 839 840 -1 788 841 693 -1 842 843 844 -1 813 845 846 -1 652 654 847 -1 814 848 798 -1 625 849 719 -1 751 630 740 -1 761 850 783 -1 851 701 852 -1 668 667 853 -1 854 855 856 -1 795 671 724 -1 857 858 859 -1 860 673 861 -1 862 770 649 -1 863 651 864 -1 864 651 865 -1 712 813 713 -1 862 649 651 -1 866 719 718 -1 867 868 869 -1 870 709 871 -1 666 828 826 -1 863 862 651 -1 649 775 650 -1 723 631 633 -1 649 770 742 -1 649 742 779 -1 872 793 873 -1 649 779 775 -1 874 875 876 -1 650 699 660 -1 877 878 879 -1 866 718 880 -1 693 881 882 -1 695 684 779 -1 775 779 684 -1 883 884 885 -1 886 731 887 -1 778 722 629 -1 728 727 888 -1 889 890 729 -1 877 891 892 -1 751 774 758 -1 893 894 895 -1 770 642 743 -1 742 770 743 -1 768 717 725 -1 743 641 744 -1 742 744 779 -1 633 641 867 -1 640 867 641 -1 632 744 641 -1 633 632 641 -1 695 779 740 -1 890 896 729 -1 751 632 774 -1 724 633 867 -1 628 615 732 -1 897 622 648 -1 814 898 848 -1 671 799 764 -1 899 900 901 -1 671 764 723 -1 902 903 904 -1 778 629 628 -1 866 880 905 -1 695 629 684 -1 906 826 828 -1 907 908 909 -1 659 876 661 -1 751 759 630 -1 910 849 911 -1 912 913 914 -1 809 915 916 -1 614 917 765 -1 918 780 830 -1 824 919 920 -1 921 619 808 -1 922 923 869 -1 817 840 839 -1 720 924 721 -1 697 925 899 -1 817 766 765 -1 831 702 701 -1 835 837 926 -1 927 902 928 -1 929 807 801 -1 930 931 932 -1 933 934 881 -1 883 885 771 -1 935 936 937 -1 655 753 656 -1 938 729 731 -1 758 917 614 -1 715 690 939 -1 940 941 942 -1 943 688 741 -1 777 944 945 -1 946 947 948 -1 639 768 725 -1 758 833 917 -1 614 766 949 -1 847 654 836 -1 906 896 950 -1 755 813 846 -1 951 952 953 -1 831 851 954 -1 955 956 957 -1 958 959 960 -1 778 628 732 -1 865 651 660 -1 845 961 962 -1 774 764 833 -1 774 631 764 -1 789 963 957 -1 764 812 833 -1 964 808 621 -1 965 966 726 -1 759 614 613 -1 712 910 813 -1 799 798 812 -1 814 757 756 -1 877 892 878 -1 778 734 722 -1 967 722 734 -1 910 845 813 -1 968 907 909 -1 798 816 812 -1 812 816 815 -1 798 848 816 -1 969 934 933 -1 814 756 898 -1 970 971 919 -1 628 613 615 -1 831 954 972 -1 697 899 901 -1 973 974 680 -1 816 840 817 -1 975 976 853 -1 928 818 977 -1 978 979 707 -1 980 981 619 -1 630 759 613 -1 628 630 613 -1 736 982 737 -1 758 614 759 -1 922 983 923 -1 614 949 615 -1 833 812 815 -1 732 615 733 -1 833 815 917 -1 741 960 984 -1 985 639 725 -1 817 839 766 -1 856 951 953 -1 986 827 970 -1 878 987 879 -1 681 683 988 -1 720 989 990 -1 991 893 895 -1 992 877 879 -1 993 994 707 -1 995 989 720 -1 996 997 998 -1 999 698 1000 -1 1001 652 847 -1 973 907 968 -1 1002 1003 1004 -1 993 620 994 -1 852 873 1005 -1 918 1006 781 -1 1007 994 620 -1 918 913 1006 -1 776 790 1008 -1 1009 1001 835 -1 883 1010 1004 -1 817 765 917 -1 1011 984 1012 -1 815 817 917 -1 954 1013 1014 -1 616 796 739 -1 1015 871 893 -1 787 804 803 -1 921 808 807 -1 1016 1007 620 -1 658 874 1017 -1 855 1018 886 -1 1019 844 843 -1 986 1020 827 -1 910 1021 845 -1 1022 1023 874 -1 726 1024 1025 -1 1026 947 1027 -1 904 1028 1029 -1 989 1030 889 -1 855 886 856 -1 752 760 941 -1 958 888 959 -1 1005 1031 1032 -1 643 737 1033 -1 979 993 707 -1 1034 665 788 -1 642 1035 868 -1 883 771 1010 -1 683 750 1036 -1 645 968 1037 -1 861 673 672 -1 933 881 805 -1 1038 721 855 -1 845 962 846 -1 797 1025 1039 -1 830 731 730 -1 1038 855 750 -1 668 912 1040 -1 857 901 900 -1 696 925 697 -1 1025 1012 727 -1 1041 823 1021 -1 885 1035 771 -1 662 1042 1043 -1 1044 902 927 -1 619 656 620 -1 690 1045 691 -1 923 983 880 -1 985 834 1046 -1 661 672 674 -1 750 855 854 -1 729 896 730 -1 1019 888 958 -1 711 708 1047 -1 1042 674 673 -1 625 719 626 -1 1048 1031 858 -1 1001 847 835 -1 890 950 896 -1 697 901 1049 -1 1050 1051 1052 -1 1053 1054 1055 -1 712 849 910 -1 640 642 868 -1 932 834 985 -1 645 1037 1056 -1 663 665 1034 -1 831 701 851 -1 1049 859 1057 -1 876 875 1051 -1 1058 636 1059 -1 1060 1047 894 -1 1061 936 769 -1 1062 680 1063 -1 1033 968 644 -1 793 1000 873 -1 1064 1065 1062 -1 863 1004 862 -1 878 1066 987 -1 1050 861 1051 -1 823 1067 1068 -1 1069 689 1070 -1 1026 1027 844 -1 795 1071 718 -1 832 972 794 -1 986 970 1072 -1 1028 656 752 -1 1022 721 930 -1 788 805 841 -1 810 900 821 -1 714 719 849 -1 985 1073 639 -1 639 638 768 -1 926 655 619 -1 922 1074 1075 -1 1032 1031 679 -1 1076 920 971 -1 1077 1078 1079 -1 693 841 805 -1 873 1080 1005 -1 637 639 1073 -1 1044 903 902 -1 946 948 1081 -1 978 879 979 -1 1082 689 691 -1 721 931 930 -1 708 994 1047 -1 1060 709 1047 -1 784 786 1083 -1 931 749 834 -1 1001 945 652 -1 991 895 1044 -1 824 1084 919 -1 863 864 1085 -1 863 1085 1004 -1 871 1060 894 -1 862 1004 1010 -1 1023 1082 874 -1 862 1010 770 -1 770 1010 771 -1 642 771 1035 -1 1086 1087 762 -1 640 868 867 -1 724 867 869 -1 724 869 1071 -1 795 724 1071 -1 1002 1004 1085 -1 789 634 790 -1 1048 908 907 -1 1033 974 968 -1 866 626 719 -1 714 795 718 -1 712 714 849 -1 1048 858 908 -1 910 911 1021 -1 845 1021 961 -1 961 1021 704 -1 1017 876 659 -1 1088 1068 706 -1 984 960 959 -1 800 980 921 -1 797 1039 739 -1 1089 978 1067 -1 977 1090 897 -1 737 982 1091 -1 1038 750 749 -1 919 1084 1092 -1 919 1092 1072 -1 970 919 1072 -1 872 852 701 -1 970 827 971 -1 826 971 827 -1 895 894 904 -1 1061 769 638 -1 1093 1005 1032 -1 700 769 936 -1 700 936 1094 -1 700 1094 701 -1 1061 937 936 -1 928 819 818 -1 995 657 989 -1 935 1094 936 -1 935 1095 1094 -1 1095 701 1094 -1 1095 872 701 -1 892 1096 1097 -1 658 1022 874 -1 1036 854 1078 -1 1024 1039 1025 -1 1048 907 679 -1 617 1098 618 -1 1095 791 793 -1 1095 793 872 -1 999 793 792 -1 1099 827 1020 -1 1100 686 943 -1 1099 667 827 -1 666 827 667 -1 1101 853 667 -1 747 746 926 -1 955 745 1102 -1 993 964 621 -1 955 776 745 -1 1101 1103 853 -1 1103 975 853 -1 745 777 1001 -1 1009 745 1001 -1 902 1104 820 -1 995 720 657 -1 1091 1105 1063 -1 720 658 657 -1 991 1015 893 -1 945 944 1100 -1 658 1017 659 -1 1106 1107 927 -1 683 1108 988 -1 683 1036 1108 -1 749 683 682 -1 681 1109 682 -1 1109 1046 682 -1 682 1046 834 -1 1034 692 1075 -1 1073 1046 1110 -1 1073 1110 1111 -1 637 1073 1111 -1 985 1046 1073 -1 776 1008 777 -1 777 1008 944 -1 1001 777 945 -1 1038 749 931 -1 944 1008 686 -1 1100 944 686 -1 658 721 1022 -1 945 1100 1112 -1 1038 931 721 -1 1022 930 1113 -1 945 1112 796 -1 945 796 616 -1 931 834 932 -1 943 686 688 -1 1100 943 1112 -1 999 696 698 -1 1036 1078 1108 -1 663 1034 1074 -1 943 1011 1112 -1 930 932 1114 -1 930 1114 1113 -1 1113 1114 1069 -1 885 1115 1035 -1 1011 797 1112 -1 1112 797 796 -1 1022 1113 1023 -1 943 741 984 -1 943 984 1011 -1 932 985 725 -1 1011 1012 1025 -1 1011 1025 797 -1 932 725 1114 -1 1114 725 716 -1 1114 716 1069 -1 1069 716 715 -1 984 959 1012 -1 1055 801 1083 -1 1012 959 727 -1 959 888 727 -1 726 1025 727 -1 794 715 717 -1 768 769 700 -1 768 700 717 -1 965 726 728 -1 794 717 700 -1 1026 1019 948 -1 832 794 702 -1 637 1111 772 -1 738 739 1039 -1 637 773 638 -1 773 1061 638 -1 773 1116 1061 -1 1116 937 1061 -1 726 966 1024 -1 872 873 852 -1 1019 843 888 -1 728 888 843 -1 842 728 843 -1 965 728 842 -1 1026 844 1019 -1 893 871 894 -1 1044 895 904 -1 894 1117 1016 -1 1044 904 903 -1 1106 927 928 -1 1106 928 1107 -1 618 646 653 -1 920 919 971 -1 1003 883 1004 -1 794 972 715 -1 996 1092 997 -1 776 1118 789 -1 824 1092 1084 -1 824 997 1092 -1 1008 790 686 -1 686 790 687 -1 688 687 1058 -1 923 880 1071 -1 1115 868 1035 -1 666 668 828 -1 1115 922 868 -1 945 616 618 -1 945 618 652 -1 922 869 868 -1 923 1071 869 -1 880 718 1071 -1 688 1058 736 -1 741 735 960 -1 960 735 643 -1 958 960 643 -1 1076 826 906 -1 1076 971 826 -1 1113 1070 1082 -1 668 1040 828 -1 668 853 912 -1 912 853 976 -1 657 969 1030 -1 763 1087 1119 -1 657 1030 989 -1 657 1120 969 -1 969 1120 662 -1 657 662 1120 -1 657 659 661 -1 1121 1068 1067 -1 1019 958 643 -1 1019 643 645 -1 1019 645 948 -1 972 954 1014 -1 1026 948 947 -1 946 1027 947 -1 1118 963 789 -1 975 1077 976 -1 1108 1078 1077 -1 892 1122 1096 -1 750 854 1036 -1 914 913 918 -1 987 784 806 -1 776 963 1118 -1 720 990 924 -1 721 924 855 -1 1017 874 876 -1 874 1082 875 -1 1113 1082 1023 -1 1113 1069 1070 -1 1069 715 939 -1 1069 939 689 -1 1031 1057 858 -1 715 972 690 -1 831 972 832 -1 969 933 889 -1 687 636 1058 -1 1086 783 1123 -1 871 709 1060 -1 1056 968 909 -1 818 1090 977 -1 836 754 753 -1 1124 1119 1125 -1 859 858 1057 -1 1041 911 625 -1 1043 1042 934 -1 999 1000 793 -1 625 911 849 -1 1041 1021 911 -1 823 704 1021 -1 1015 870 871 -1 955 1102 800 -1 955 800 956 -1 1126 1045 1087 -1 955 957 963 -1 955 963 776 -1 800 747 926 -1 1102 747 800 -1 745 747 1102 -1 1009 835 745 -1 745 835 746 -1 1076 1127 920 -1 954 851 1013 -1 703 705 1088 -1 852 1093 1032 -1 1041 1089 823 -1 760 648 622 -1 1058 982 736 -1 908 916 909 -1 1128 1097 1066 -1 836 760 754 -1 851 1032 1013 -1 957 801 1129 -1 897 941 623 -1 618 1130 646 -1 926 619 981 -1 810 857 900 -1 957 956 800 -1 957 800 802 -1 902 904 1104 -1 1037 968 1056 -1 627 992 1089 -1 1002 1131 1003 -1 737 1091 1132 -1 918 830 829 -1 837 753 655 -1 698 697 1049 -1 818 942 1090 -1 661 861 672 -1 1014 1125 1045 -1 809 811 915 -1 1000 1080 873 -1 860 1055 673 -1 820 752 941 -1 942 941 1090 -1 705 1068 1088 -1 897 647 1133 -1 889 933 804 -1 1034 1075 1074 -1 687 634 636 -1 790 634 687 -1 1054 1134 1055 -1 1042 673 786 -1 921 807 929 -1 969 662 1043 -1 1117 1047 1016 -1 886 951 856 -1 1003 1131 998 -1 1003 998 883 -1 883 998 884 -1 996 998 1131 -1 824 884 997 -1 997 884 998 -1 735 737 643 -1 1075 692 983 -1 969 889 1030 -1 989 938 1018 -1 989 1018 990 -1 1059 1135 982 -1 828 830 896 -1 920 1127 1136 -1 875 850 1051 -1 1070 689 1082 -1 992 978 1089 -1 978 1121 1067 -1 761 763 1137 -1 1137 763 675 -1 885 884 825 -1 824 825 884 -1 824 1136 664 -1 824 920 1136 -1 885 825 1115 -1 1115 825 1074 -1 1074 825 664 -1 663 1074 664 -1 689 939 690 -1 823 1068 705 -1 1121 706 1068 -1 710 1088 711 -1 1054 861 1050 -1 835 926 746 -1 1058 1059 982 -1 1115 1074 922 -1 922 1075 983 -1 664 1136 665 -1 880 983 905 -1 692 905 983 -1 692 1138 905 -1 866 905 891 -1 1076 906 1127 -1 906 950 1127 -1 906 828 896 -1 989 889 938 -1 761 1137 850 -1 1137 1052 850 -1 675 763 1119 -1 675 1119 1139 -1 1124 1139 1119 -1 1124 1062 1139 -1 1064 1062 1124 -1 643 1033 644 -1 990 855 924 -1 990 1018 855 -1 866 891 626 -1 626 891 748 -1 627 748 877 -1 627 877 992 -1 625 627 1089 -1 634 1137 635 -1 1041 625 1089 -1 823 1089 1067 -1 1088 706 711 -1 1053 861 1054 -1 860 861 1053 -1 1051 850 1052 -1 1059 635 1135 -1 1034 788 692 -1 892 891 905 -1 1136 1127 787 -1 1136 787 665 -1 787 803 788 -1 1127 950 890 -1 787 1127 890 -1 787 890 804 -1 889 804 890 -1 938 889 729 -1 1128 878 892 -1 992 879 978 -1 709 711 1047 -1 926 981 980 -1 800 926 980 -1 894 1047 1117 -1 904 1016 1028 -1 904 894 1016 -1 1029 1028 752 -1 820 1029 752 -1 904 1029 820 -1 904 820 1104 -1 976 1077 913 -1 1077 1079 913 -1 902 820 819 -1 902 819 928 -1 692 788 693 -1 892 905 1138 -1 1138 694 1122 -1 692 694 1138 -1 892 1138 1122 -1 938 731 886 -1 1082 1086 875 -1 1128 892 1097 -1 875 1123 850 -1 850 1123 783 -1 809 857 810 -1 875 1086 1123 -1 828 1040 918 -1 828 918 829 -1 1082 691 1086 -1 691 1126 1086 -1 789 1050 1052 -1 789 1052 634 -1 912 914 1040 -1 1096 882 1097 -1 1040 914 918 -1 912 976 913 -1 763 762 1087 -1 634 1052 1137 -1 803 805 788 -1 691 1045 1126 -1 1137 677 635 -1 1119 1087 1140 -1 1137 675 677 -1 1141 952 782 -1 972 1014 690 -1 690 1014 1045 -1 635 677 676 -1 1119 1140 1125 -1 804 933 805 -1 1064 1124 1125 -1 1064 1125 678 -1 636 635 1059 -1 969 1043 934 -1 652 618 653 -1 896 830 730 -1 675 1139 676 -1 897 1090 941 -1 1139 1105 676 -1 938 886 1018 -1 982 1135 1091 -1 661 674 1042 -1 662 661 1042 -1 1062 1105 1139 -1 1062 1063 1105 -1 1062 1065 680 -1 852 1005 1093 -1 851 852 1032 -1 737 1132 974 -1 737 974 1033 -1 876 861 661 -1 876 1051 861 -1 1098 1130 618 -1 1000 698 1049 -1 1000 1049 1080 -1 1098 1142 1130 -1 877 748 891 -1 1128 1066 878 -1 879 964 979 -1 978 707 1121 -1 1121 707 706 -1 708 707 994 -1 1047 994 1007 -1 809 916 908 -1 1064 678 1065 -1 1065 678 680 -1 879 987 964 -1 800 921 929 -1 979 964 993 -1 645 644 968 -1 645 1056 948 -1 948 1056 1081 -1 980 619 921 -1 860 1053 1055 -1 1054 1129 1134 -1 957 1129 1054 -1 957 802 801 -1 782 887 1143 -1 800 929 801 -1 957 1054 1050 -1 789 957 1050 -1 926 837 655 -1 646 654 653 -1 837 836 753 -1 847 836 835 -1 1047 1007 1016 -1 1080 1057 1005 -1 1086 762 783 -1 635 676 1135 -1 1126 1087 1086 -1 676 1105 1135 -1 1135 1105 1091 -1 693 805 881 -1 1091 1063 1132 -1 973 680 679 -1 1066 784 987 -1 987 806 808 -1 987 808 964 -1 993 621 620 -1 1016 620 656 -1 1028 1016 656 -1 752 656 753 -1 1055 1134 1129 -1 1055 1129 801 -1 760 624 941 -1 1140 1087 1045 -1 1140 1045 1125 -1 1014 1013 1125 -1 1125 1013 678 -1 977 1130 1142 -1 1066 785 784 -1 1097 785 1066 -1 619 621 808 -1 1132 1063 680 -1 1132 680 974 -1 973 679 907 -1 1122 694 882 -1 693 882 694 -1 678 1013 1032 -1 678 1032 679 -1 1005 1057 1031 -1 830 780 731 -1 673 1083 786 -1 673 1055 1083 -1 646 767 654 -1 973 968 974 -1 1122 882 1096 -1 809 858 857 -1 809 908 858 -1 1056 916 1081 -1 1056 909 916 -1 1048 679 1031 -1 801 807 1083 -1 818 820 940 -1 806 784 807 -1 784 1083 807 -1 1080 1049 1057 -1 1049 901 859 -1 1144 916 915 -1 1144 1081 916 -1 857 859 901 -1 899 821 900 -1 1144 915 811 -1 897 623 622 -1 918 781 780 -1 1006 1141 781 -1 780 782 1143 -1 731 780 1143 -1 731 1143 887 -1 886 887 951 -1 654 760 836 -1 654 767 648 -1 752 754 760 -1 820 941 940 -1 818 940 942 -1 1130 1133 647 -1 646 1130 647 -1 1130 897 1133 -1 977 897 1130 -1 951 887 952 -1 897 648 647 -1 782 952 887 -1 1141 1145 953 -1 1141 953 952 -1 1141 782 781 -1 760 1146 624 -1 760 622 1146 -1 941 624 623 -1 622 624 1146 -1 785 1097 882 -1 934 1042 786 -1 785 882 881 -1 934 786 785 -1 934 785 881 -1 1145 1141 1006 -1 1006 913 1079 -1 1145 1006 1079 -1 854 856 953 -1 1078 854 953 -1 1079 1078 953 -1 1079 953 1145 -1 1147 1148 1149 -1 1150 1151 1152 -1 1153 1154 1155 -1 1156 1157 1158 -1 1159 1160 1161 -1 1162 1163 1164 -1 1165 1166 1167 -1 1168 1169 1170 -1 1171 1172 1155 -1 1173 1174 1175 -1 1176 1177 1178 -1 1179 1160 1180 -1 1181 1182 1183 -1 1184 1185 1186 -1 1187 1188 1189 -1 1190 1153 1191 -1 1192 1193 1194 -1 1195 1196 1197 -1 1159 1198 1199 -1 1171 1155 1200 -1 1201 1202 1203 -1 1204 1205 1206 -1 1207 1208 1209 -1 1197 1210 1211 -1 1204 1212 1213 -1 1214 1215 1216 -1 1217 1218 1219 -1 1220 1221 1222 -1 1223 1224 1225 -1 1174 1226 1175 -1 1227 1167 1166 -1 1228 1229 1230 -1 1231 1232 1233 -1 1234 1235 1236 -1 1159 1199 1160 -1 1237 1238 1185 -1 1239 1240 1241 -1 1242 1243 1244 -1 1237 1185 1245 -1 1246 1247 1248 -1 1249 1167 1250 -1 1251 1252 1253 -1 1158 1254 1255 -1 1256 1257 1152 -1 1258 1259 1260 -1 1261 1163 1162 -1 1255 1254 1262 -1 1263 1178 1264 -1 1157 1243 1242 -1 1202 1265 1203 -1 1266 1267 1268 -1 1269 1191 1270 -1 1200 1271 1195 -1 1272 1273 1213 -1 1274 1168 1275 -1 1274 1276 1277 -1 1278 1279 1280 -1 1281 1282 1194 -1 1283 1284 1285 -1 1233 1232 1286 -1 1150 1152 1287 -1 1288 1196 1195 -1 1289 1290 1291 -1 1190 1292 1293 -1 1149 1294 1295 -1 1296 1297 1298 -1 1147 1299 1262 -1 1300 1301 1302 -1 1303 1304 1305 -1 1306 1307 1229 -1 1308 1309 1271 -1 1310 1311 1312 -1 1313 1314 1315 -1 1221 1316 1317 -1 1318 1319 1320 -1 1209 1232 1231 -1 1241 1321 1264 -1 1322 1177 1323 -1 1263 1264 1324 -1 1325 1326 1327 -1 1322 1328 1329 -1 1202 1330 1331 -1 1332 1333 1334 -1 1248 1247 1289 -1 1173 1277 1335 -1 1336 1211 1210 -1 1337 1338 1326 -1 1156 1164 1163 -1 1234 1236 1247 -1 1157 1163 1261 -1 1339 1340 1341 -1 1239 1241 1264 -1 1342 1305 1304 -1 1343 1344 1345 -1 1259 1346 1260 -1 1347 1348 1349 -1 1350 1351 1352 -1 1353 1354 1311 -1 1207 1355 1208 -1 1300 1356 1357 -1 1308 1200 1155 -1 1156 1163 1157 -1 1358 1359 1360 -1 1204 1213 1273 -1 1171 1200 1211 -1 1162 1317 1361 -1 1362 1270 1191 -1 1363 1250 1364 -1 1362 1191 1153 -1 1197 1365 1366 -1 1362 1153 1155 -1 1367 1368 1369 -1 1370 1371 1372 -1 1283 1373 1284 -1 1308 1155 1154 -1 1190 1374 1153 -1 1374 1154 1153 -1 1375 1376 1244 -1 1377 1164 1156 -1 1378 1379 1295 -1 1380 1381 1300 -1 1278 1280 1382 -1 1190 1293 1383 -1 1384 1341 1340 -1 1190 1383 1374 -1 1233 1307 1385 -1 1386 1378 1387 -1 1388 1389 1179 -1 1390 1304 1391 -1 1365 1342 1304 -1 1392 1255 1262 -1 1228 1393 1325 -1 1308 1154 1394 -1 1395 1335 1396 -1 1278 1397 1279 -1 1288 1195 1271 -1 1310 1353 1311 -1 1371 1250 1363 -1 1398 1399 1400 -1 1401 1402 1403 -1 1404 1395 1265 -1 1251 1354 1353 -1 1308 1271 1200 -1 1308 1394 1309 -1 1260 1346 1405 -1 1374 1406 1154 -1 1154 1406 1394 -1 1208 1355 1407 -1 1300 1357 1323 -1 1408 1210 1366 -1 1409 1209 1410 -1 1262 1254 1148 -1 1411 1412 1392 -1 1147 1270 1299 -1 1176 1413 1414 -1 1415 1260 1198 -1 1277 1416 1335 -1 1417 1331 1385 -1 1376 1312 1294 -1 1188 1399 1189 -1 1369 1368 1418 -1 1147 1262 1148 -1 1258 1415 1419 -1 1420 1259 1258 -1 1171 1211 1336 -1 1149 1148 1294 -1 1220 1222 1289 -1 1157 1261 1201 -1 1217 1219 1421 -1 1412 1336 1210 -1 1292 1379 1378 -1 1422 1423 1249 -1 1204 1273 1205 -1 1390 1391 1234 -1 1373 1424 1238 -1 1377 1248 1289 -1 1347 1343 1348 -1 1234 1247 1246 -1 1222 1317 1164 -1 1244 1376 1294 -1 1156 1425 1248 -1 1426 1232 1209 -1 1377 1156 1248 -1 1156 1158 1255 -1 1335 1416 1396 -1 1156 1255 1425 -1 1248 1425 1427 -1 1246 1248 1427 -1 1190 1428 1292 -1 1425 1255 1392 -1 1425 1392 1427 -1 1408 1427 1412 -1 1234 1246 1408 -1 1390 1234 1408 -1 1246 1427 1408 -1 1392 1412 1427 -1 1393 1230 1346 -1 1391 1304 1303 -1 1390 1408 1366 -1 1390 1366 1304 -1 1207 1429 1319 -1 1165 1167 1423 -1 1384 1430 1341 -1 1197 1366 1210 -1 1408 1412 1210 -1 1431 1432 1433 -1 1411 1336 1412 -1 1199 1198 1260 -1 1365 1304 1366 -1 1365 1434 1342 -1 1147 1269 1270 -1 1196 1434 1197 -1 1230 1405 1346 -1 1197 1434 1365 -1 1195 1197 1211 -1 1221 1435 1316 -1 1157 1201 1243 -1 1265 1417 1436 -1 1202 1417 1265 -1 1221 1437 1438 -1 1203 1265 1395 -1 1404 1173 1395 -1 1173 1335 1395 -1 1310 1312 1439 -1 1173 1274 1277 -1 1274 1275 1276 -1 1201 1203 1243 -1 1282 1440 1441 -1 1375 1203 1395 -1 1147 1149 1269 -1 1388 1180 1442 -1 1375 1243 1203 -1 1157 1242 1158 -1 1375 1244 1243 -1 1443 1351 1350 -1 1269 1295 1379 -1 1176 1444 1381 -1 1375 1395 1396 -1 1244 1294 1148 -1 1276 1445 1416 -1 1277 1276 1416 -1 1375 1396 1376 -1 1171 1336 1172 -1 1416 1445 1310 -1 1446 1422 1249 -1 1416 1310 1439 -1 1447 1448 1449 -1 1450 1278 1382 -1 1300 1381 1301 -1 1274 1175 1168 -1 1420 1223 1346 -1 1381 1444 1451 -1 1169 1175 1226 -1 1445 1205 1273 -1 1276 1205 1445 -1 1354 1452 1311 -1 1453 1454 1344 -1 1272 1445 1273 -1 1272 1310 1445 -1 1296 1298 1455 -1 1456 1238 1457 -1 1428 1191 1269 -1 1458 1421 1446 -1 1411 1299 1172 -1 1207 1319 1355 -1 1426 1208 1389 -1 1426 1209 1208 -1 1459 1460 1461 -1 1329 1357 1356 -1 1228 1230 1393 -1 1202 1331 1417 -1 1455 1329 1356 -1 1222 1221 1317 -1 1158 1242 1254 -1 1242 1244 1148 -1 1242 1148 1254 -1 1159 1462 1198 -1 1392 1262 1299 -1 1411 1392 1299 -1 1439 1312 1376 -1 1415 1198 1463 -1 1386 1292 1378 -1 1312 1295 1294 -1 1415 1463 1419 -1 1312 1311 1452 -1 1344 1454 1345 -1 1228 1325 1306 -1 1312 1452 1295 -1 1269 1149 1295 -1 1199 1464 1160 -1 1160 1464 1180 -1 1378 1295 1452 -1 1411 1172 1336 -1 1313 1315 1350 -1 1362 1172 1270 -1 1168 1175 1169 -1 1270 1172 1299 -1 1388 1179 1180 -1 1388 1442 1465 -1 1200 1195 1211 -1 1362 1155 1172 -1 1428 1269 1379 -1 1428 1379 1292 -1 1190 1191 1428 -1 1272 1353 1310 -1 1347 1466 1343 -1 1272 1213 1252 -1 1272 1252 1353 -1 1213 1212 1467 -1 1213 1467 1252 -1 1388 1465 1286 -1 1251 1353 1252 -1 1252 1467 1253 -1 1354 1387 1378 -1 1354 1378 1452 -1 1251 1468 1354 -1 1468 1387 1354 -1 1337 1469 1338 -1 1384 1340 1470 -1 1293 1292 1386 -1 1471 1472 1358 -1 1237 1473 1214 -1 1339 1263 1324 -1 1209 1231 1410 -1 1416 1439 1376 -1 1241 1458 1370 -1 1207 1209 1409 -1 1316 1435 1410 -1 1409 1410 1435 -1 1331 1231 1233 -1 1331 1233 1385 -1 1317 1316 1361 -1 1258 1260 1415 -1 1331 1330 1361 -1 1474 1475 1315 -1 1476 1477 1478 -1 1331 1361 1231 -1 1185 1456 1186 -1 1261 1361 1330 -1 1261 1162 1361 -1 1201 1330 1202 -1 1184 1479 1480 -1 1201 1261 1330 -1 1306 1325 1327 -1 1199 1260 1405 -1 1228 1306 1229 -1 1404 1265 1436 -1 1199 1405 1464 -1 1220 1289 1291 -1 1420 1346 1259 -1 1442 1464 1405 -1 1442 1180 1464 -1 1162 1164 1317 -1 1442 1405 1230 -1 1316 1410 1231 -1 1223 1393 1346 -1 1377 1289 1164 -1 1222 1164 1289 -1 1481 1482 1278 -1 1388 1426 1389 -1 1234 1391 1235 -1 1388 1286 1426 -1 1442 1230 1229 -1 1465 1442 1229 -1 1417 1483 1436 -1 1417 1385 1483 -1 1286 1229 1307 -1 1465 1229 1286 -1 1318 1355 1319 -1 1266 1352 1351 -1 1174 1483 1226 -1 1174 1436 1483 -1 1426 1286 1232 -1 1404 1436 1174 -1 1233 1286 1307 -1 1385 1307 1306 -1 1404 1174 1173 -1 1173 1175 1274 -1 1449 1472 1484 -1 1396 1416 1376 -1 1356 1302 1301 -1 1184 1440 1282 -1 1401 1333 1402 -1 1296 1455 1257 -1 1420 1224 1223 -1 1276 1275 1205 -1 1226 1483 1327 -1 1169 1338 1485 -1 1486 1487 1488 -1 1489 1297 1490 -1 1328 1323 1357 -1 1391 1333 1491 -1 1280 1492 1493 -1 1220 1433 1494 -1 1320 1429 1495 -1 1223 1225 1393 -1 1281 1496 1183 -1 1474 1315 1314 -1 1237 1245 1281 -1 1393 1225 1325 -1 1188 1497 1399 -1 1306 1327 1483 -1 1385 1306 1483 -1 1226 1327 1326 -1 1456 1498 1186 -1 1389 1407 1499 -1 1169 1326 1338 -1 1500 1397 1482 -1 1169 1226 1326 -1 1169 1485 1170 -1 1300 1302 1356 -1 1237 1281 1473 -1 1266 1497 1352 -1 1305 1501 1402 -1 1502 1503 1504 -1 1460 1217 1461 -1 1237 1214 1238 -1 1458 1240 1461 -1 1218 1358 1488 -1 1446 1421 1422 -1 1214 1373 1238 -1 1505 1266 1399 -1 1283 1161 1499 -1 1460 1472 1471 -1 1316 1231 1361 -1 1498 1447 1186 -1 1506 1507 1508 -1 1225 1337 1325 -1 1371 1363 1372 -1 1325 1337 1326 -1 1391 1303 1402 -1 1509 1423 1422 -1 1459 1322 1510 -1 1502 1504 1481 -1 1247 1236 1511 -1 1239 1264 1178 -1 1490 1256 1479 -1 1441 1315 1194 -1 1321 1372 1512 -1 1513 1347 1349 -1 1459 1510 1298 -1 1514 1475 1474 -1 1515 1267 1466 -1 1152 1455 1356 -1 1516 1482 1504 -1 1409 1438 1429 -1 1350 1315 1151 -1 1486 1494 1432 -1 1369 1279 1397 -1 1183 1517 1518 -1 1214 1216 1373 -1 1217 1471 1358 -1 1322 1323 1328 -1 1159 1519 1462 -1 1462 1519 1520 -1 1159 1161 1519 -1 1179 1499 1161 -1 1179 1161 1160 -1 1179 1389 1499 -1 1389 1208 1407 -1 1245 1282 1281 -1 1207 1409 1429 -1 1409 1435 1438 -1 1221 1438 1435 -1 1220 1494 1221 -1 1221 1494 1437 -1 1220 1291 1433 -1 1291 1290 1433 -1 1247 1511 1290 -1 1247 1290 1289 -1 1236 1235 1491 -1 1236 1491 1511 -1 1391 1491 1235 -1 1391 1402 1333 -1 1303 1305 1402 -1 1290 1511 1433 -1 1318 1521 1407 -1 1459 1240 1239 -1 1370 1372 1321 -1 1522 1523 1367 -1 1285 1519 1161 -1 1380 1323 1177 -1 1298 1484 1460 -1 1398 1189 1399 -1 1398 1400 1524 -1 1524 1400 1515 -1 1521 1424 1373 -1 1348 1502 1525 -1 1516 1500 1482 -1 1151 1315 1479 -1 1370 1446 1371 -1 1256 1296 1257 -1 1486 1432 1487 -1 1369 1526 1492 -1 1241 1370 1321 -1 1380 1300 1323 -1 1239 1177 1322 -1 1431 1433 1511 -1 1318 1527 1457 -1 1324 1528 1470 -1 1459 1461 1240 -1 1489 1490 1529 -1 1380 1176 1381 -1 1459 1239 1322 -1 1443 1350 1287 -1 1424 1457 1238 -1 1380 1177 1176 -1 1239 1178 1177 -1 1241 1240 1458 -1 1281 1194 1193 -1 1176 1178 1413 -1 1184 1489 1529 -1 1322 1329 1510 -1 1263 1413 1178 -1 1339 1413 1263 -1 1339 1324 1340 -1 1458 1446 1370 -1 1341 1430 1530 -1 1371 1249 1250 -1 1531 1532 1345 -1 1507 1438 1437 -1 1476 1520 1519 -1 1476 1519 1285 -1 1283 1285 1161 -1 1283 1407 1521 -1 1283 1499 1407 -1 1318 1407 1355 -1 1245 1185 1282 -1 1332 1431 1511 -1 1444 1532 1451 -1 1266 1453 1267 -1 1215 1533 1534 -1 1535 1181 1192 -1 1152 1356 1287 -1 1183 1518 1536 -1 1537 1192 1538 -1 1281 1193 1496 -1 1181 1496 1192 -1 1496 1193 1192 -1 1324 1512 1528 -1 1475 1192 1194 -1 1538 1192 1475 -1 1537 1538 1514 -1 1538 1475 1514 -1 1539 1514 1474 -1 1539 1474 1187 -1 1530 1504 1503 -1 1282 1441 1194 -1 1184 1480 1440 -1 1440 1480 1479 -1 1441 1440 1479 -1 1475 1194 1315 -1 1284 1373 1216 -1 1441 1479 1315 -1 1184 1529 1479 -1 1490 1479 1529 -1 1443 1287 1351 -1 1151 1479 1256 -1 1151 1256 1152 -1 1187 1474 1314 -1 1187 1314 1188 -1 1313 1188 1314 -1 1313 1497 1188 -1 1505 1399 1497 -1 1350 1151 1150 -1 1350 1150 1287 -1 1320 1319 1429 -1 1266 1268 1399 -1 1506 1429 1438 -1 1495 1429 1506 -1 1268 1267 1399 -1 1400 1399 1267 -1 1506 1438 1507 -1 1486 1437 1494 -1 1486 1507 1437 -1 1432 1494 1433 -1 1400 1267 1515 -1 1332 1511 1491 -1 1332 1491 1333 -1 1401 1334 1333 -1 1403 1402 1501 -1 1466 1267 1453 -1 1466 1453 1343 -1 1513 1466 1347 -1 1490 1297 1296 -1 1490 1296 1256 -1 1152 1257 1455 -1 1455 1298 1329 -1 1298 1510 1329 -1 1401 1540 1334 -1 1287 1356 1301 -1 1287 1301 1351 -1 1328 1357 1329 -1 1281 1536 1473 -1 1297 1449 1484 -1 1285 1284 1477 -1 1359 1508 1360 -1 1476 1285 1477 -1 1176 1414 1444 -1 1339 1414 1413 -1 1339 1341 1414 -1 1185 1238 1456 -1 1281 1183 1536 -1 1184 1282 1185 -1 1184 1186 1447 -1 1184 1447 1489 -1 1372 1363 1541 -1 1372 1541 1512 -1 1264 1321 1324 -1 1324 1321 1512 -1 1324 1470 1340 -1 1313 1350 1497 -1 1350 1352 1497 -1 1505 1497 1266 -1 1266 1351 1454 -1 1502 1532 1503 -1 1266 1454 1453 -1 1343 1453 1344 -1 1542 1492 1526 -1 1227 1166 1540 -1 1498 1448 1447 -1 1489 1447 1449 -1 1489 1449 1297 -1 1448 1359 1472 -1 1449 1448 1472 -1 1460 1484 1472 -1 1217 1358 1218 -1 1460 1471 1217 -1 1461 1217 1421 -1 1458 1461 1421 -1 1509 1422 1219 -1 1422 1421 1219 -1 1371 1446 1249 -1 1297 1484 1298 -1 1459 1298 1460 -1 1543 1544 1545 -1 1522 1543 1545 -1 1522 1367 1543 -1 1283 1521 1373 -1 1318 1424 1521 -1 1318 1457 1424 -1 1498 1527 1546 -1 1498 1546 1448 -1 1318 1320 1527 -1 1456 1457 1527 -1 1456 1527 1498 -1 1448 1546 1508 -1 1448 1508 1359 -1 1472 1359 1358 -1 1486 1360 1507 -1 1486 1488 1360 -1 1358 1360 1488 -1 1218 1488 1487 -1 1219 1218 1487 -1 1431 1487 1432 -1 1473 1518 1547 -1 1431 1548 1487 -1 1332 1548 1431 -1 1332 1165 1548 -1 1332 1334 1166 -1 1332 1166 1165 -1 1509 1487 1548 -1 1509 1219 1487 -1 1509 1548 1165 -1 1509 1165 1423 -1 1249 1423 1167 -1 1364 1250 1167 -1 1301 1454 1351 -1 1301 1531 1454 -1 1381 1531 1301 -1 1381 1451 1531 -1 1454 1531 1345 -1 1348 1343 1345 -1 1531 1451 1532 -1 1444 1503 1532 -1 1348 1345 1532 -1 1348 1532 1502 -1 1525 1502 1481 -1 1481 1504 1482 -1 1414 1530 1444 -1 1444 1530 1503 -1 1530 1516 1504 -1 1414 1341 1530 -1 1544 1530 1430 -1 1544 1516 1530 -1 1544 1500 1516 -1 1543 1500 1544 -1 1320 1495 1527 -1 1495 1546 1527 -1 1495 1506 1508 -1 1495 1508 1546 -1 1507 1360 1508 -1 1334 1540 1166 -1 1401 1403 1540 -1 1543 1367 1500 -1 1545 1544 1430 -1 1545 1430 1549 -1 1384 1549 1430 -1 1181 1550 1182 -1 1550 1183 1182 -1 1535 1550 1181 -1 1181 1183 1496 -1 1477 1284 1551 -1 1478 1477 1551 -1 1284 1534 1551 -1 1216 1215 1534 -1 1284 1216 1534 -1 1214 1547 1215 -1 1214 1473 1547 -1 1349 1525 1450 -1 1481 1278 1450 -1 1525 1481 1450 -1 1482 1397 1278 -1 1500 1552 1397 -1 1500 1369 1552 -1 1367 1369 1500 -1 1551 1534 1533 -1 1536 1518 1473 -1 1215 1518 1517 -1 1215 1547 1518 -1 1369 1397 1552 -1 1280 1493 1382 -1 1279 1492 1280 -1 1369 1492 1279 -1 1369 1418 1526 -1 1348 1525 1349 -1 1553 1554 1555 -1 1556 1557 1558 -1 1559 1560 1561 -1 1562 1563 1564 -1 1565 1566 1567 -1 1568 1569 1570 -1 1571 1572 1567 -1 1573 1574 1575 -1 1553 1576 1577 -1 1578 1579 1580 -1 1581 1582 1583 -1 1584 1585 1586 -1 1587 1588 1589 -1 1590 1591 1592 -1 1561 1560 1593 -1 1594 1595 1596 -1 1597 1598 1599 -1 1600 1601 1602 -1 1603 1604 1605 -1 1606 1607 1608 -1 1590 1609 1591 -1 1610 1611 1612 -1 1613 1606 1614 -1 1615 1616 1617 -1 1607 1618 1619 -1 1620 1621 1622 -1 1623 1624 1625 -1 1626 1627 1568 -1 1578 1628 1579 -1 1629 1630 1631 -1 1632 1633 1634 -1 1635 1636 1637 -1 1638 1636 1635 -1 1579 1639 1640 -1 1641 1642 1643 -1 1644 1645 1646 -1 1647 1648 1649 -1 1610 1650 1611 -1 1579 1628 1651 -1 1652 1653 1654 -1 1655 1656 1618 -1 1657 1658 1659 -1 1660 1661 1662 -1 1652 1663 1653 -1 1602 1601 1664 -1 1665 1666 1667 -1 1668 1669 1670 -1 1671 1672 1673 -1 1674 1675 1676 -1 1677 1678 1649 -1 1679 1612 1611 -1 1680 1681 1638 -1 1679 1682 1612 -1 1683 1647 1684 -1 1685 1686 1687 -1 1585 1688 1586 -1 1689 1690 1691 -1 1692 1672 1671 -1 1693 1694 1695 -1 1696 1697 1698 -1 1699 1700 1701 -1 1702 1603 1583 -1 1703 1704 1643 -1 1705 1628 1578 -1 1706 1707 1708 -1 1709 1710 1711 -1 1711 1599 1707 -1 1712 1713 1714 -1 1680 1715 1655 -1 1716 1717 1718 -1 1719 1720 1721 -1 1722 1578 1580 -1 1723 1567 1572 -1 1724 1725 1726 -1 1727 1728 1729 -1 1562 1730 1731 -1 1732 1733 1580 -1 1734 1591 1609 -1 1637 1678 1677 -1 1571 1735 1572 -1 1736 1634 1737 -1 1635 1677 1738 -1 1661 1619 1662 -1 1639 1651 1739 -1 1652 1740 1663 -1 1674 1741 1675 -1 1703 1742 1743 -1 1722 1629 1631 -1 1744 1685 1687 -1 1745 1728 1746 -1 1716 1747 1676 -1 1748 1597 1710 -1 1707 1749 1708 -1 1650 1656 1750 -1 1586 1751 1752 -1 1698 1697 1753 -1 1754 1755 1756 -1 1727 1729 1757 -1 1568 1645 1644 -1 1623 1556 1558 -1 1584 1586 1752 -1 1758 1716 1676 -1 1724 1759 1760 -1 1681 1618 1607 -1 1691 1761 1762 -1 1610 1763 1764 -1 1620 1755 1621 -1 1581 1706 1708 -1 1765 1696 1698 -1 1766 1767 1768 -1 1709 1711 1605 -1 1769 1761 1691 -1 1587 1589 1770 -1 1577 1771 1772 -1 1773 1774 1775 -1 1715 1738 1628 -1 1664 1601 1776 -1 1777 1671 1778 -1 1779 1626 1688 -1 1780 1781 1763 -1 1782 1783 1784 -1 1785 1786 1739 -1 1662 1619 1787 -1 1670 1572 1735 -1 1724 1726 1759 -1 1692 1788 1789 -1 1780 1763 1682 -1 1790 1766 1791 -1 1745 1746 1792 -1 1793 1625 1794 -1 1573 1575 1795 -1 1796 1797 1798 -1 1799 1800 1592 -1 1801 1779 1688 -1 1758 1675 1741 -1 1801 1688 1585 -1 1802 1557 1803 -1 1722 1631 1804 -1 1632 1634 1805 -1 1701 1751 1806 -1 1711 1707 1706 -1 1705 1804 1655 -1 1594 1807 1595 -1 1745 1792 1808 -1 1727 1746 1728 -1 1754 1684 1809 -1 1810 1748 1710 -1 1811 1720 1719 -1 1812 1747 1654 -1 1813 1730 1814 -1 1815 1816 1629 -1 1671 1673 1817 -1 1818 1603 1702 -1 1686 1819 1748 -1 1582 1608 1619 -1 1820 1821 1822 -1 1699 1669 1823 -1 1799 1592 1798 -1 1824 1590 1712 -1 1663 1709 1646 -1 1825 1627 1674 -1 1826 1827 1828 -1 1728 1829 1729 -1 1830 1831 1713 -1 1752 1701 1700 -1 1651 1649 1739 -1 1824 1832 1609 -1 1745 1829 1728 -1 1559 1832 1560 -1 1833 1684 1678 -1 1793 1794 1834 -1 1577 1835 1836 -1 1837 1805 1838 -1 1839 1840 1760 -1 1841 1842 1843 -1 1768 1844 1845 -1 1846 1561 1593 -1 1847 1848 1625 -1 1661 1582 1619 -1 1680 1638 1635 -1 1824 1560 1832 -1 1664 1776 1849 -1 1606 1708 1850 -1 1851 1611 1750 -1 1613 1638 1681 -1 1646 1709 1605 -1 1576 1555 1734 -1 1852 1600 1835 -1 1575 1853 1819 -1 1660 1662 1781 -1 1594 1843 1807 -1 1724 1760 1854 -1 1780 1682 1735 -1 1770 1588 1768 -1 1855 1754 1809 -1 1666 1856 1857 -1 1554 1858 1555 -1 1575 1800 1853 -1 1639 1848 1847 -1 1574 1800 1575 -1 1685 1830 1686 -1 1859 1596 1595 -1 1860 1861 1862 -1 1745 1700 1829 -1 1773 1782 1784 -1 1734 1832 1559 -1 1668 1823 1669 -1 1654 1747 1863 -1 1713 1831 1593 -1 1586 1864 1570 -1 1712 1573 1713 -1 1865 1805 1837 -1 1866 1859 1773 -1 1812 1867 1825 -1 1867 1627 1825 -1 1598 1778 1868 -1 1670 1735 1869 -1 1706 1603 1605 -1 1813 1814 1870 -1 1744 1654 1863 -1 1692 1871 1672 -1 1669 1572 1670 -1 1688 1626 1864 -1 1820 1872 1863 -1 1873 1674 1627 -1 1873 1627 1626 -1 1693 1564 1694 -1 1626 1568 1864 -1 1577 1836 1554 -1 1795 1575 1819 -1 1688 1864 1586 -1 1777 1692 1671 -1 1812 1653 1867 -1 1812 1654 1653 -1 1712 1574 1573 -1 1581 1603 1706 -1 1740 1687 1810 -1 1584 1752 1700 -1 1652 1687 1740 -1 1840 1789 1760 -1 1686 1810 1687 -1 1650 1787 1618 -1 1745 1808 1700 -1 1808 1584 1700 -1 1723 1565 1567 -1 1586 1570 1751 -1 1699 1829 1700 -1 1729 1829 1823 -1 1810 1710 1709 -1 1729 1823 1668 -1 1699 1823 1829 -1 1686 1830 1795 -1 1874 1875 1802 -1 1573 1795 1713 -1 1830 1713 1795 -1 1705 1655 1715 -1 1758 1676 1675 -1 1655 1618 1681 -1 1563 1876 1642 -1 1592 1591 1798 -1 1665 1667 1737 -1 1679 1611 1851 -1 1562 1860 1862 -1 1877 1878 1833 -1 1826 1594 1596 -1 1650 1618 1656 -1 1650 1764 1787 -1 1826 1879 1594 -1 1880 1881 1818 -1 1763 1612 1682 -1 1610 1612 1763 -1 1650 1750 1611 -1 1680 1635 1715 -1 1610 1764 1650 -1 1568 1570 1864 -1 1868 1778 1817 -1 1867 1645 1568 -1 1867 1568 1627 -1 1882 1726 1858 -1 1653 1663 1645 -1 1867 1653 1645 -1 1821 1783 1822 -1 1663 1646 1645 -1 1740 1709 1663 -1 1652 1654 1687 -1 1744 1687 1654 -1 1827 1767 1766 -1 1686 1748 1810 -1 1740 1810 1709 -1 1680 1655 1681 -1 1705 1578 1804 -1 1722 1804 1578 -1 1722 1580 1733 -1 1883 1697 1884 -1 1732 1815 1733 -1 1732 1580 1885 -1 1569 1881 1751 -1 1570 1569 1751 -1 1579 1651 1639 -1 1752 1751 1701 -1 1600 1791 1601 -1 1886 1765 1698 -1 1701 1806 1565 -1 1699 1701 1565 -1 1751 1881 1806 -1 1880 1806 1881 -1 1880 1566 1806 -1 1565 1806 1566 -1 1669 1565 1723 -1 1699 1565 1669 -1 1669 1723 1572 -1 1860 1838 1689 -1 1818 1604 1603 -1 1702 1583 1887 -1 1581 1583 1603 -1 1689 1691 1861 -1 1566 1660 1567 -1 1811 1593 1831 -1 1660 1583 1661 -1 1660 1887 1583 -1 1661 1583 1582 -1 1567 1660 1781 -1 1571 1567 1781 -1 1686 1795 1819 -1 1685 1831 1830 -1 1597 1819 1888 -1 1748 1819 1597 -1 1819 1853 1888 -1 1766 1768 1791 -1 1799 1853 1800 -1 1712 1590 1574 -1 1574 1590 1800 -1 1888 1853 1889 -1 1888 1889 1598 -1 1613 1614 1638 -1 1883 1762 1621 -1 1614 1850 1817 -1 1668 1670 1869 -1 1780 1735 1571 -1 1780 1571 1781 -1 1764 1781 1662 -1 1764 1763 1781 -1 1613 1681 1607 -1 1890 1804 1631 -1 1890 1750 1656 -1 1655 1804 1656 -1 1890 1656 1804 -1 1891 1851 1750 -1 1891 1630 1892 -1 1891 1892 1851 -1 1890 1631 1750 -1 1811 1831 1720 -1 1736 1838 1805 -1 1891 1750 1631 -1 1891 1631 1630 -1 1744 1721 1720 -1 1722 1733 1629 -1 1815 1629 1733 -1 1711 1706 1605 -1 1599 1749 1707 -1 1651 1628 1893 -1 1708 1749 1850 -1 1566 1887 1660 -1 1579 1640 1580 -1 1580 1640 1885 -1 1639 1847 1640 -1 1847 1885 1640 -1 1581 1708 1608 -1 1581 1608 1582 -1 1606 1608 1708 -1 1873 1741 1674 -1 1607 1619 1608 -1 1568 1644 1569 -1 1613 1607 1606 -1 1569 1644 1818 -1 1569 1818 1881 -1 1590 1592 1800 -1 1644 1646 1604 -1 1644 1604 1818 -1 1597 1888 1598 -1 1646 1605 1604 -1 1880 1818 1702 -1 1799 1797 1889 -1 1796 1724 1854 -1 1799 1889 1853 -1 1880 1887 1566 -1 1880 1702 1887 -1 1598 1868 1749 -1 1598 1749 1599 -1 1889 1778 1598 -1 1597 1599 1711 -1 1597 1711 1710 -1 1868 1817 1850 -1 1868 1850 1749 -1 1671 1817 1778 -1 1797 1777 1889 -1 1777 1778 1889 -1 1799 1798 1797 -1 1796 1894 1797 -1 1797 1894 1777 -1 1692 1894 1788 -1 1777 1894 1692 -1 1606 1850 1614 -1 1614 1817 1673 -1 1636 1614 1673 -1 1638 1614 1636 -1 1764 1662 1787 -1 1619 1618 1787 -1 1860 1895 1838 -1 1715 1635 1738 -1 1636 1877 1637 -1 1666 1896 1897 -1 1736 1805 1634 -1 1636 1672 1877 -1 1636 1673 1672 -1 1647 1649 1678 -1 1635 1637 1677 -1 1705 1715 1628 -1 1628 1738 1893 -1 1893 1738 1677 -1 1683 1754 1756 -1 1871 1809 1898 -1 1672 1871 1878 -1 1587 1596 1859 -1 1825 1674 1676 -1 1587 1742 1588 -1 1877 1833 1637 -1 1704 1899 1641 -1 1874 1802 1785 -1 1798 1591 1725 -1 1798 1725 1724 -1 1796 1798 1724 -1 1796 1854 1894 -1 1894 1854 1789 -1 1788 1894 1789 -1 1874 1739 1649 -1 1825 1676 1747 -1 1812 1825 1747 -1 1692 1840 1871 -1 1744 1863 1721 -1 1744 1720 1685 -1 1716 1718 1821 -1 1692 1789 1840 -1 1685 1720 1831 -1 1713 1593 1714 -1 1712 1714 1593 -1 1712 1593 1560 -1 1877 1672 1878 -1 1824 1712 1560 -1 1824 1609 1590 -1 1637 1833 1678 -1 1893 1677 1649 -1 1651 1893 1649 -1 1639 1739 1848 -1 1847 1625 1793 -1 1775 1807 1900 -1 1820 1863 1747 -1 1820 1822 1900 -1 1871 1898 1878 -1 1874 1648 1647 -1 1858 1726 1555 -1 1591 1555 1726 -1 1901 1587 1859 -1 1591 1726 1725 -1 1562 1731 1860 -1 1898 1809 1878 -1 1878 1809 1684 -1 1833 1878 1684 -1 1647 1678 1684 -1 1773 1859 1774 -1 1774 1859 1595 -1 1852 1790 1600 -1 1901 1859 1866 -1 1768 1643 1844 -1 1901 1902 1587 -1 1587 1902 1742 -1 1902 1743 1742 -1 1587 1827 1596 -1 1826 1596 1827 -1 1703 1743 1704 -1 1882 1759 1726 -1 1854 1760 1789 -1 1903 1633 1616 -1 1683 1874 1647 -1 1730 1693 1904 -1 1562 1693 1730 -1 1553 1577 1554 -1 1564 1563 1899 -1 1813 1731 1730 -1 1813 1865 1731 -1 1813 1870 1617 -1 1905 1852 1835 -1 1813 1617 1865 -1 1865 1617 1632 -1 1870 1615 1617 -1 1587 1770 1827 -1 1828 1790 1879 -1 1826 1828 1879 -1 1906 1857 1907 -1 1703 1643 1742 -1 1742 1643 1588 -1 1827 1770 1767 -1 1770 1768 1767 -1 1828 1827 1766 -1 1828 1766 1790 -1 1802 1875 1908 -1 1874 1785 1739 -1 1704 1641 1643 -1 1846 1593 1811 -1 1909 1841 1843 -1 1909 1843 1905 -1 1905 1843 1879 -1 1909 1905 1835 -1 1909 1835 1841 -1 1836 1858 1554 -1 1734 1609 1832 -1 1553 1555 1576 -1 1734 1555 1591 -1 1905 1879 1852 -1 1852 1879 1790 -1 1882 1858 1836 -1 1716 1821 1747 -1 1882 1836 1602 -1 1882 1602 1910 -1 1882 1910 1759 -1 1910 1839 1759 -1 1839 1760 1759 -1 1911 1840 1839 -1 1911 1886 1840 -1 1886 1871 1840 -1 1886 1855 1871 -1 1855 1809 1871 -1 1642 1845 1844 -1 1904 1693 1695 -1 1562 1564 1693 -1 1912 1563 1562 -1 1912 1562 1862 -1 1865 1895 1860 -1 1865 1860 1731 -1 1616 1632 1617 -1 1616 1633 1632 -1 1865 1838 1895 -1 1865 1837 1838 -1 1865 1632 1805 -1 1790 1791 1600 -1 1802 1908 1557 -1 1775 1783 1782 -1 1683 1684 1754 -1 1874 1649 1648 -1 1786 1848 1739 -1 1623 1625 1786 -1 1786 1625 1848 -1 1625 1834 1794 -1 1576 1734 1559 -1 1785 1802 1803 -1 1820 1747 1821 -1 1872 1721 1863 -1 1719 1721 1872 -1 1773 1775 1782 -1 1775 1595 1807 -1 1774 1595 1775 -1 1594 1879 1843 -1 1564 1913 1694 -1 1770 1589 1588 -1 1588 1643 1768 -1 1576 1771 1577 -1 1841 1835 1577 -1 1836 1835 1602 -1 1737 1667 1914 -1 1641 1899 1563 -1 1576 1559 1561 -1 1643 1642 1844 -1 1600 1602 1835 -1 1602 1664 1910 -1 1910 1664 1839 -1 1620 1756 1755 -1 1775 1900 1822 -1 1843 1842 1807 -1 1807 1842 1900 -1 1641 1563 1642 -1 1811 1719 1842 -1 1811 1842 1772 -1 1811 1772 1771 -1 1846 1811 1771 -1 1841 1772 1842 -1 1841 1577 1772 -1 1576 1561 1771 -1 1846 1771 1561 -1 1911 1839 1664 -1 1563 1862 1876 -1 1860 1689 1861 -1 1784 1783 1718 -1 1775 1822 1783 -1 1820 1900 1872 -1 1872 1900 1842 -1 1719 1872 1842 -1 1862 1861 1876 -1 1736 1737 1915 -1 1758 1717 1716 -1 1821 1718 1783 -1 1768 1845 1791 -1 1791 1845 1776 -1 1791 1776 1601 -1 1911 1664 1849 -1 1736 1915 1906 -1 1785 1803 1786 -1 1776 1845 1916 -1 1886 1849 1765 -1 1911 1849 1886 -1 1642 1917 1845 -1 1845 1917 1916 -1 1776 1916 1765 -1 1776 1765 1849 -1 1696 1916 1917 -1 1694 1913 1918 -1 1886 1698 1855 -1 1786 1803 1556 -1 1623 1786 1556 -1 1564 1899 1913 -1 1642 1876 1919 -1 1642 1919 1917 -1 1917 1919 1883 -1 1917 1883 1884 -1 1696 1917 1884 -1 1765 1916 1696 -1 1696 1884 1697 -1 1736 1906 1769 -1 1695 1694 1918 -1 1861 1919 1876 -1 1861 1920 1919 -1 1861 1691 1920 -1 1838 1690 1689 -1 1838 1769 1690 -1 1736 1769 1838 -1 1906 1907 1769 -1 1737 1857 1915 -1 1915 1857 1906 -1 1737 1914 1857 -1 1874 1921 1658 -1 1667 1666 1914 -1 1666 1857 1914 -1 1803 1557 1556 -1 1753 1755 1922 -1 1698 1753 1922 -1 1754 1698 1922 -1 1855 1698 1754 -1 1754 1922 1755 -1 1620 1921 1756 -1 1683 1756 1921 -1 1620 1658 1921 -1 1683 1921 1874 -1 1874 1658 1875 -1 1875 1658 1908 -1 1883 1919 1920 -1 1883 1920 1762 -1 1920 1691 1762 -1 1769 1691 1690 -1 1883 1621 1697 -1 1697 1621 1755 -1 1753 1697 1755 -1 1907 1657 1769 -1 1769 1657 1659 -1 1657 1908 1658 -1 1657 1856 1557 -1 1657 1557 1908 -1 1621 1762 1761 -1 1621 1761 1622 -1 1769 1659 1761 -1 1659 1622 1761 -1 1620 1622 1659 -1 1620 1659 1658 -1 1857 1856 1657 -1 1907 1857 1657 -1 1666 1897 1856 -1 1557 1856 1558 -1 1558 1856 1897 -1 1912 1862 1563 -1 1923 1924 1925 -1 1926 1927 1928 -1 1929 1930 1931 -1 1932 1933 1934 -1 1935 1936 1937 -1 1938 1939 1940 -1 1941 1942 1943 -1 1944 1945 1946 -1 1947 1948 1949 -1 1950 1951 1952 -1 1953 1954 1955 -1 1956 1957 1958 -1 1959 1960 1961 -1 1962 1937 1936 -1 1941 1963 1942 -1 1964 1965 1966 -1 1967 1968 1969 -1 1963 1970 1948 -1 1943 1971 1972 -1 1973 1974 1975 -1 1976 1977 1978 -1 1979 1980 1981 -1 1923 1925 1982 -1 1954 1983 1984 -1 1985 1986 1987 -1 1988 1989 1971 -1 1938 1990 1939 -1 1991 1992 1989 -1 1993 1994 1995 -1 1996 1997 1998 -1 1999 2000 2001 -1 2002 2003 2004 -1 2005 2006 2007 -1 1998 2008 2009 -1 1982 2010 2011 -1 1947 1949 2012 -1 2013 2014 2015 -1 2016 1966 2017 -1 1953 1955 1965 -1 2018 1962 2019 -1 2020 2021 1985 -1 1944 2022 2023 -1 1949 1950 2012 -1 2024 2025 2003 -1 2018 2020 1937 -1 2026 2027 2028 -1 2029 2030 1946 -1 1973 2031 1974 -1 2032 2033 2026 -1 2018 2019 2034 -1 2002 2035 2024 -1 1947 2036 2037 -1 2038 2039 1983 -1 2040 2041 2042 -1 2043 2044 2045 -1 2013 2015 2030 -1 2015 2014 2046 -1 2047 2048 2049 -1 2023 1957 2050 -1 1947 2037 1994 -1 2051 2052 2053 -1 1929 2042 2041 -1 2016 1964 1966 -1 2054 1978 2055 -1 2056 2057 1973 -1 1945 1943 2058 -1 1926 2048 2047 -1 1952 2059 2060 -1 1963 1948 1994 -1 2061 2062 1953 -1 1924 2063 1925 -1 2064 2029 2000 -1 1944 1946 2065 -1 2066 2067 2068 -1 1994 2037 1995 -1 2069 2040 1961 -1 1944 2023 1970 -1 1959 1961 1980 -1 1923 1982 1991 -1 2012 2070 2036 -1 2033 2071 2072 -1 2051 1976 2054 -1 2073 2052 2051 -1 2074 1999 1955 -1 2075 2076 2077 -1 1996 2078 1997 -1 2005 2079 2080 -1 2081 2082 1928 -1 2033 2072 2083 -1 1945 2084 1946 -1 2085 2086 2052 -1 1938 1940 2087 -1 2065 1946 2088 -1 2089 2090 2044 -1 1944 1970 1941 -1 2091 2044 2092 -1 2074 2093 2094 -1 2064 2013 2030 -1 2095 2096 2097 -1 1993 1942 1963 -1 1993 1963 1994 -1 1941 1970 1963 -1 2098 2001 2000 -1 1955 2001 1965 -1 2095 2099 2096 -1 2100 2101 2094 -1 1977 2072 2071 -1 1947 1994 1948 -1 1948 1970 2050 -1 2032 2071 2033 -1 2031 2051 2008 -1 2062 2102 2103 -1 2078 2104 1997 -1 1949 2050 1956 -1 1949 1948 2050 -1 2023 2050 1970 -1 2105 1930 2106 -1 1956 2050 1957 -1 1944 2065 2022 -1 2081 2107 2082 -1 2012 1952 2060 -1 2105 1931 1930 -1 2094 2093 2105 -1 2108 2109 2110 -1 2012 1950 1952 -1 1950 2111 1951 -1 2112 1935 2095 -1 1959 1980 2113 -1 2076 2059 2077 -1 2045 2106 1930 -1 2057 2085 2073 -1 2061 1964 1927 -1 2064 2000 2114 -1 2051 2054 2115 -1 1978 1977 2071 -1 1973 2073 2031 -1 2016 2017 2058 -1 2020 2034 2021 -1 2116 2003 2025 -1 1997 2117 1998 -1 2118 2119 2120 -1 1995 2037 1924 -1 2114 2094 2101 -1 1995 1924 1923 -1 2080 2079 2010 -1 1946 2030 2088 -1 2051 2115 2008 -1 1935 2099 2095 -1 2084 2029 1946 -1 1993 1995 1988 -1 1924 2037 2036 -1 1924 2036 2068 -1 1938 2087 1990 -1 1980 2042 1981 -1 2121 1990 2087 -1 2122 2019 1962 -1 2002 2123 2124 -1 1947 2012 2036 -1 2038 2125 2126 -1 2018 2034 2020 -1 2019 2127 1960 -1 1952 1951 2059 -1 2019 1960 2034 -1 2112 2128 1935 -1 2056 1973 2129 -1 2066 2076 2130 -1 2075 2130 2076 -1 2096 2123 2004 -1 2131 2132 2133 -1 1959 2034 1960 -1 1959 2021 2034 -1 2043 1930 1929 -1 2061 1965 1964 -1 2134 2079 2007 -1 1976 1978 2054 -1 1966 1965 2001 -1 1944 1941 1945 -1 1999 2001 1955 -1 2082 2107 2083 -1 2074 2094 2114 -1 2074 2114 1999 -1 1967 2026 1968 -1 2135 2085 2057 -1 2112 1939 2136 -1 2105 2093 1931 -1 2112 2136 2128 -1 2018 1937 1962 -1 2043 1929 2092 -1 1939 2131 1940 -1 2035 2102 2049 -1 2137 1932 1934 -1 2064 2030 2029 -1 2098 2017 1966 -1 2114 2000 1999 -1 2061 2049 2062 -1 2114 2101 2013 -1 2064 2114 2013 -1 2112 2095 2138 -1 1935 2128 1936 -1 1982 2080 2010 -1 2012 2060 2070 -1 1941 1943 1945 -1 1935 1937 2099 -1 2020 2099 1937 -1 2119 2139 2133 -1 2074 1955 1954 -1 2076 2060 2059 -1 2140 1932 2141 -1 2142 2120 2056 -1 2035 2048 1934 -1 2108 2045 2090 -1 1993 1988 1971 -1 1998 2031 2008 -1 1973 1975 2129 -1 2118 2120 2142 -1 2143 2056 2120 -1 2143 2119 2135 -1 2143 2120 2119 -1 2143 2057 2056 -1 2032 2055 1978 -1 2144 1975 1974 -1 2115 2055 2145 -1 2140 2053 2086 -1 2117 2144 1974 -1 1993 1943 1942 -1 2077 2059 2146 -1 2077 2146 2147 -1 1973 2057 2073 -1 2148 2146 2059 -1 2149 2147 2146 -1 2148 2059 1951 -1 2124 2103 2102 -1 2150 2151 2152 -1 1945 2058 2084 -1 1933 2035 1934 -1 1934 2048 1926 -1 2070 2068 2036 -1 2066 2130 2067 -1 2118 2087 2139 -1 2087 1940 2139 -1 2002 2024 2003 -1 2112 2138 1939 -1 1939 2138 2131 -1 2038 1983 2125 -1 1997 2104 2117 -1 2083 2107 2010 -1 2085 2052 2073 -1 2073 2051 2031 -1 2030 2015 2153 -1 2118 2139 2119 -1 1961 2042 1980 -1 2108 2150 2152 -1 1940 2133 2139 -1 2134 2007 2154 -1 2155 2134 2154 -1 2135 2133 2156 -1 2135 2119 2133 -1 2143 2135 2057 -1 2005 2007 2079 -1 2135 2156 2157 -1 2135 2157 2085 -1 2155 2154 2158 -1 1982 1925 2080 -1 2005 2080 1925 -1 1989 1992 2159 -1 2081 2159 1992 -1 2117 1974 1998 -1 1991 1989 1988 -1 1996 1998 2009 -1 2016 1972 2159 -1 1989 2159 1972 -1 2100 2045 2152 -1 2100 2094 2105 -1 1998 1974 2031 -1 1989 1972 1971 -1 2009 2008 2115 -1 2007 2006 2154 -1 2157 2156 2160 -1 1995 1991 1988 -1 1995 1923 1991 -1 2005 1925 2063 -1 2005 2063 2006 -1 2062 2103 2125 -1 2085 2157 2086 -1 2154 2006 2161 -1 2158 2154 2161 -1 2158 2161 2162 -1 2051 2053 1976 -1 2067 2006 2063 -1 2067 2161 2006 -1 2052 2086 2053 -1 1924 2068 2067 -1 1924 2067 2063 -1 2130 2161 2067 -1 2162 2161 2130 -1 1940 2131 2133 -1 2133 2132 2025 -1 2133 2025 2156 -1 2131 2138 2116 -1 2131 2116 2132 -1 2095 2097 2138 -1 2138 2097 2116 -1 2116 2025 2132 -1 2140 2141 1977 -1 2066 2068 2070 -1 2116 2097 2004 -1 2116 2004 2003 -1 2061 1953 1965 -1 2156 2025 2160 -1 2024 2160 2025 -1 2066 2070 2060 -1 2066 2060 2076 -1 2108 2110 2150 -1 2096 2004 2097 -1 2020 1985 2099 -1 1967 2032 2026 -1 1985 2096 2099 -1 2115 2054 2055 -1 1985 1987 2096 -1 2096 1987 2123 -1 2002 2004 2123 -1 1987 2126 2123 -1 2079 2027 2010 -1 2123 2126 2124 -1 2043 2092 2044 -1 2157 2160 2163 -1 2157 2163 2086 -1 2024 1933 2160 -1 2160 1933 2163 -1 2024 2035 1933 -1 2086 2163 1932 -1 2140 2086 1932 -1 2163 1933 1932 -1 2137 1934 1926 -1 2002 2124 2102 -1 2002 2102 2035 -1 2124 2126 2103 -1 2035 2049 2048 -1 1960 2127 2069 -1 2062 2049 2102 -1 2061 2047 2049 -1 1981 1929 1931 -1 1996 2009 2164 -1 2145 1969 2164 -1 2165 2164 1969 -1 2145 2055 1967 -1 2145 1967 1969 -1 1967 2055 2032 -1 2021 1986 1985 -1 1959 2113 2021 -1 2021 2113 1986 -1 1960 2069 1961 -1 2038 2126 1986 -1 1987 1986 2126 -1 2039 1986 2113 -1 2038 1986 2039 -1 1969 1968 2166 -1 2113 1980 1979 -1 2039 2113 1979 -1 1961 2040 2042 -1 2026 2028 2167 -1 1968 2026 2167 -1 1953 2125 1983 -1 2033 2027 2026 -1 1981 2042 1929 -1 2079 2028 2027 -1 1929 2168 2092 -1 2013 2169 2014 -1 1929 2041 2168 -1 2103 2126 2125 -1 2134 2028 2079 -1 2039 1979 1984 -1 2039 1984 1983 -1 1926 1928 2082 -1 2137 1926 2082 -1 1953 2062 2125 -1 1953 1983 1954 -1 1926 2047 1927 -1 2137 2141 1932 -1 2045 2044 2090 -1 1954 1984 2093 -1 2061 1927 2047 -1 2074 1954 2093 -1 2159 1928 1927 -1 2081 1928 2159 -1 1979 1981 1931 -1 1979 1931 1984 -1 2016 1927 1964 -1 2016 2159 1927 -1 2033 2083 2010 -1 2033 2010 2027 -1 2093 1984 1931 -1 2011 2010 2107 -1 2081 1992 2107 -1 1992 2011 2107 -1 2100 2105 2106 -1 1991 2011 1992 -1 2030 2153 2088 -1 1991 1982 2011 -1 2043 2045 1930 -1 2108 2090 2109 -1 2091 2092 2168 -1 2091 2089 2044 -1 2108 2152 2045 -1 2089 2170 2090 -1 2109 2090 2170 -1 2098 1966 2001 -1 2100 2152 2151 -1 2100 2151 2101 -1 2101 2151 2169 -1 2101 2169 2013 -1 2016 2058 1972 -1 2098 2084 2058 -1 2098 2058 2017 -1 1943 1972 2058 -1 2098 2000 2084 -1 2084 2000 2029 -1 1993 1971 1943 -1 2015 2046 2153 -1 2065 2088 2153 -1 2171 2169 2150 -1 2150 2169 2151 -1 1976 2140 1977 -1 1976 2053 2140 -1 2041 2172 2168 -1 2032 1978 2071 -1 2009 2115 2145 -1 2009 2145 2164 -1 2165 1969 2166 -1 1977 2141 2072 -1 2137 2082 2072 -1 2137 2072 2141 -1 2082 2083 2072 -1 2040 2172 2041 -1 2100 2106 2045 -1 2109 2170 2173 -1 2110 2109 2173 -1 2174 2175 2176 -1 2177 2178 2179 -1 2180 2181 2182 -1 2183 2184 2185 -1 2186 2187 2188 -1 2189 2190 2191 -1 2192 2193 2194 -1 2195 2196 2197 -1 2198 2199 2200 -1 2189 2191 2201 -1 2202 2203 2204 -1 2205 2206 2207 -1 2208 2209 2210 -1 2206 2211 2212 -1 2213 2214 2215 -1 2216 2217 2218 -1 2219 2220 2221 -1 2222 2223 2224 -1 2219 2221 2225 -1 2226 2227 2228 -1 2229 2230 2231 -1 2232 2233 2234 -1 2235 2236 2237 -1 2198 2180 2238 -1 2239 2240 2241 -1 2242 2243 2244 -1 2245 2246 2247 -1 2248 2249 2250 -1 2251 2189 2252 -1 2191 2253 2254 -1 2219 2225 2232 -1 2255 2256 2257 -1 2258 2259 2225 -1 2260 2196 2261 -1 2262 2263 2264 -1 2265 2266 2267 -1 2220 2268 2221 -1 2198 2238 2269 -1 2174 2229 2175 -1 2270 2228 2262 -1 2271 2272 2273 -1 2174 2274 2275 -1 2248 2250 2276 -1 2277 2255 2278 -1 2226 2279 2227 -1 2248 2280 2281 -1 2232 2225 2233 -1 2238 2182 2282 -1 2283 2284 2285 -1 2286 2187 2287 -1 2288 2289 2290 -1 2291 2259 2258 -1 2292 2293 2294 -1 2295 2296 2297 -1 2298 2299 2300 -1 2301 2302 2303 -1 2304 2305 2306 -1 2235 2176 2175 -1 2307 2308 2309 -1 2310 2311 2312 -1 2231 2313 2192 -1 2314 2315 2214 -1 2233 2225 2259 -1 2316 2317 2318 -1 2319 2320 2321 -1 2322 2323 2324 -1 2325 2326 2327 -1 2328 2321 2227 -1 2329 2309 2330 -1 2331 2332 2333 -1 2264 2334 2335 -1 2336 2337 2338 -1 2339 2340 2188 -1 2331 2192 2341 -1 2342 2270 2343 -1 2344 2345 2346 -1 2289 2340 2290 -1 2272 2347 2348 -1 2349 2256 2255 -1 2350 2351 2352 -1 2341 2192 2194 -1 2353 2211 2354 -1 2182 2355 2282 -1 2356 2251 2357 -1 2358 2359 2323 -1 2356 2202 2204 -1 2196 2360 2209 -1 2276 2250 2361 -1 2315 2362 2215 -1 2208 2363 2364 -1 2365 2323 2322 -1 2291 2366 2367 -1 2219 2284 2202 -1 2258 2225 2368 -1 2369 2370 2371 -1 2372 2373 2374 -1 2365 2358 2323 -1 2375 2376 2377 -1 2331 2378 2231 -1 2379 2380 2309 -1 2333 2332 2381 -1 2186 2188 2382 -1 2180 2383 2181 -1 2291 2367 2259 -1 2384 2246 2385 -1 2386 2327 2302 -1 2387 2388 2389 -1 2238 2282 2269 -1 2390 2391 2392 -1 2260 2360 2196 -1 2242 2244 2393 -1 2394 2395 2396 -1 2386 2397 2327 -1 2219 2356 2220 -1 2296 2377 2398 -1 2399 2400 2337 -1 2401 2356 2204 -1 2219 2202 2356 -1 2355 2349 2402 -1 2403 2404 2405 -1 2330 2309 2308 -1 2356 2357 2220 -1 2274 2176 2406 -1 2357 2407 2268 -1 2383 2407 2408 -1 2409 2410 2411 -1 2307 2412 2308 -1 2288 2413 2289 -1 2375 2414 2415 -1 2416 2277 2417 -1 2221 2268 2418 -1 2419 2420 2421 -1 2198 2422 2199 -1 2300 2423 2424 -1 2281 2280 2425 -1 2221 2368 2225 -1 2426 2285 2234 -1 2220 2357 2268 -1 2221 2418 2368 -1 2304 2271 2273 -1 2291 2258 2199 -1 2427 2419 2421 -1 2428 2333 2381 -1 2200 2258 2368 -1 2429 2430 2431 -1 2432 2392 2433 -1 2200 2199 2258 -1 2434 2317 2316 -1 2200 2418 2180 -1 2384 2435 2436 -1 2200 2368 2418 -1 2437 2438 2439 -1 2233 2259 2367 -1 2440 2197 2441 -1 2287 2302 2442 -1 2198 2200 2180 -1 2403 2423 2300 -1 2195 2261 2196 -1 2367 2443 2444 -1 2422 2291 2199 -1 2198 2269 2445 -1 2198 2445 2422 -1 2446 2447 2448 -1 2449 2326 2450 -1 2451 2452 2186 -1 2357 2252 2407 -1 2418 2407 2383 -1 2418 2268 2407 -1 2180 2182 2238 -1 2412 2453 2308 -1 2454 2455 2234 -1 2456 2457 2458 -1 2383 2459 2181 -1 2402 2277 2460 -1 2435 2461 2462 -1 2463 2287 2442 -1 2418 2383 2180 -1 2197 2196 2209 -1 2390 2464 2465 -1 2466 2467 2398 -1 2399 2337 2437 -1 2454 2234 2444 -1 2468 2469 2470 -1 2252 2189 2201 -1 2471 2342 2343 -1 2216 2218 2432 -1 2472 2473 2189 -1 2459 2292 2256 -1 2235 2474 2475 -1 2329 2476 2477 -1 2478 2479 2480 -1 2412 2322 2324 -1 2403 2299 2205 -1 2355 2402 2460 -1 2282 2460 2481 -1 2321 2482 2228 -1 2409 2478 2480 -1 2483 2484 2485 -1 2331 2333 2378 -1 2378 2229 2231 -1 2475 2486 2406 -1 2487 2285 2426 -1 2226 2488 2230 -1 2446 2183 2447 -1 2276 2361 2489 -1 2489 2490 2280 -1 2331 2231 2192 -1 2276 2489 2280 -1 2384 2491 2435 -1 2492 2250 2249 -1 2492 2249 2493 -1 2204 2493 2249 -1 2439 2438 2458 -1 2204 2203 2493 -1 2401 2249 2248 -1 2401 2204 2249 -1 2248 2276 2280 -1 2241 2494 2363 -1 2428 2237 2236 -1 2495 2496 2224 -1 2248 2281 2472 -1 2401 2248 2472 -1 2497 2498 2359 -1 2251 2252 2357 -1 2487 2283 2285 -1 2216 2406 2217 -1 2232 2285 2284 -1 2283 2203 2284 -1 2428 2236 2333 -1 2329 2372 2379 -1 2301 2306 2442 -1 2426 2234 2455 -1 2402 2255 2277 -1 2367 2366 2443 -1 2499 2264 2500 -1 2232 2234 2285 -1 2463 2442 2501 -1 2202 2284 2203 -1 2356 2472 2251 -1 2401 2472 2356 -1 2191 2190 2253 -1 2219 2232 2284 -1 2251 2472 2189 -1 2502 2503 2504 -1 2206 2505 2354 -1 2506 2507 2508 -1 2471 2253 2190 -1 2454 2509 2455 -1 2318 2317 2195 -1 2454 2510 2509 -1 2454 2443 2510 -1 2510 2443 2511 -1 2301 2512 2302 -1 2438 2337 2497 -1 2344 2513 2424 -1 2454 2444 2443 -1 2233 2444 2234 -1 2233 2367 2444 -1 2181 2459 2349 -1 2514 2515 2516 -1 2329 2477 2351 -1 2280 2517 2425 -1 2327 2518 2302 -1 2212 2519 2207 -1 2498 2335 2520 -1 2521 2522 2523 -1 2435 2297 2267 -1 2495 2224 2458 -1 2348 2524 2525 -1 2428 2526 2237 -1 2422 2527 2291 -1 2446 2528 2183 -1 2422 2445 2527 -1 2182 2181 2349 -1 2412 2380 2522 -1 2263 2362 2314 -1 2390 2218 2529 -1 2244 2469 2393 -1 2383 2408 2459 -1 2409 2530 2393 -1 2222 2531 2223 -1 2355 2460 2282 -1 2182 2349 2355 -1 2471 2532 2253 -1 2390 2465 2391 -1 2532 2533 2254 -1 2489 2534 2381 -1 2535 2485 2536 -1 2345 2424 2537 -1 2416 2460 2277 -1 2538 2539 2540 -1 2406 2486 2217 -1 2541 2504 2542 -1 2543 2354 2505 -1 2544 2478 2350 -1 2545 2410 2385 -1 2327 2326 2518 -1 2538 2278 2255 -1 2546 2547 2548 -1 2549 2396 2179 -1 2544 2350 2550 -1 2407 2551 2408 -1 2552 2243 2536 -1 2319 2209 2320 -1 2288 2553 2178 -1 2313 2488 2342 -1 2369 2554 2555 -1 2408 2556 2292 -1 2408 2551 2556 -1 2483 2557 2558 -1 2559 2448 2447 -1 2365 2522 2521 -1 2560 2387 2561 -1 2463 2286 2287 -1 2510 2511 2562 -1 2304 2479 2271 -1 2528 2184 2183 -1 2563 2456 2419 -1 2449 2564 2484 -1 2375 2377 2296 -1 2190 2425 2194 -1 2565 2566 2486 -1 2235 2175 2236 -1 2378 2333 2236 -1 2378 2175 2229 -1 2378 2236 2175 -1 2514 2567 2420 -1 2280 2332 2517 -1 2280 2490 2332 -1 2490 2381 2332 -1 2331 2341 2332 -1 2517 2332 2341 -1 2472 2425 2473 -1 2281 2425 2472 -1 2174 2176 2274 -1 2517 2341 2194 -1 2517 2194 2425 -1 2473 2425 2190 -1 2174 2568 2229 -1 2471 2194 2193 -1 2569 2563 2427 -1 2471 2190 2194 -1 2231 2230 2313 -1 2570 2536 2243 -1 2229 2568 2230 -1 2192 2313 2342 -1 2192 2342 2193 -1 2189 2473 2190 -1 2252 2201 2551 -1 2252 2551 2407 -1 2551 2571 2556 -1 2245 2385 2246 -1 2459 2408 2292 -1 2559 2572 2573 -1 2349 2459 2256 -1 2349 2255 2402 -1 2292 2294 2256 -1 2375 2415 2376 -1 2293 2446 2448 -1 2294 2293 2448 -1 2277 2278 2574 -1 2403 2205 2404 -1 2294 2257 2256 -1 2538 2255 2257 -1 2575 2576 2577 -1 2294 2448 2573 -1 2572 2578 2579 -1 2294 2573 2257 -1 2342 2488 2270 -1 2257 2573 2539 -1 2396 2580 2179 -1 2538 2257 2539 -1 2387 2581 2388 -1 2559 2573 2448 -1 2470 2469 2244 -1 2572 2579 2539 -1 2449 2450 2582 -1 2572 2539 2573 -1 2247 2583 2298 -1 2226 2228 2488 -1 2417 2277 2574 -1 2462 2295 2297 -1 2416 2417 2584 -1 2538 2540 2278 -1 2278 2540 2574 -1 2435 2267 2266 -1 2358 2496 2359 -1 2585 2586 2587 -1 2390 2392 2218 -1 2441 2319 2321 -1 2588 2589 2590 -1 2328 2433 2440 -1 2537 2405 2379 -1 2384 2385 2591 -1 2260 2592 2360 -1 2514 2420 2531 -1 2328 2227 2279 -1 2323 2520 2324 -1 2537 2423 2405 -1 2442 2302 2512 -1 2395 2593 2260 -1 2495 2359 2496 -1 2555 2547 2546 -1 2524 2394 2594 -1 2403 2300 2299 -1 2595 2596 2597 -1 2488 2228 2270 -1 2571 2528 2556 -1 2263 2314 2334 -1 2598 2450 2326 -1 2462 2461 2470 -1 2334 2214 2213 -1 2449 2483 2558 -1 2344 2424 2345 -1 2465 2599 2316 -1 2600 2215 2324 -1 2601 2602 2395 -1 2304 2463 2501 -1 2546 2597 2603 -1 2222 2496 2604 -1 2598 2605 2450 -1 2350 2411 2373 -1 2409 2393 2469 -1 2205 2505 2206 -1 2544 2272 2479 -1 2320 2209 2208 -1 2275 2433 2328 -1 2434 2606 2317 -1 2489 2361 2534 -1 2489 2381 2490 -1 2235 2237 2474 -1 2176 2475 2406 -1 2235 2475 2176 -1 2274 2406 2216 -1 2428 2607 2526 -1 2428 2381 2607 -1 2230 2488 2313 -1 2215 2453 2324 -1 2437 2337 2438 -1 2471 2193 2342 -1 2274 2432 2275 -1 2191 2254 2201 -1 2568 2275 2279 -1 2174 2275 2568 -1 2201 2571 2551 -1 2226 2568 2279 -1 2226 2230 2568 -1 2471 2343 2532 -1 2601 2586 2602 -1 2253 2532 2254 -1 2201 2254 2571 -1 2533 2184 2254 -1 2571 2254 2184 -1 2390 2529 2608 -1 2571 2184 2528 -1 2369 2555 2575 -1 2345 2537 2372 -1 2390 2608 2464 -1 2556 2528 2293 -1 2556 2293 2292 -1 2432 2218 2392 -1 2293 2528 2446 -1 2434 2316 2599 -1 2465 2318 2391 -1 2465 2316 2318 -1 2399 2447 2183 -1 2432 2433 2275 -1 2275 2328 2279 -1 2465 2464 2599 -1 2609 2610 2447 -1 2559 2447 2610 -1 2328 2440 2441 -1 2440 2318 2197 -1 2440 2391 2318 -1 2441 2197 2319 -1 2559 2610 2569 -1 2559 2569 2572 -1 2572 2569 2578 -1 2577 2611 2415 -1 2610 2563 2569 -1 2328 2441 2321 -1 2578 2569 2427 -1 2318 2195 2197 -1 2344 2245 2247 -1 2564 2597 2596 -1 2197 2209 2319 -1 2307 2309 2380 -1 2353 2560 2561 -1 2404 2612 2380 -1 2613 2470 2461 -1 2614 2217 2486 -1 2614 2486 2566 -1 2529 2218 2217 -1 2274 2216 2432 -1 2543 2615 2354 -1 2440 2392 2391 -1 2440 2433 2392 -1 2555 2546 2616 -1 2399 2185 2400 -1 2399 2183 2185 -1 2617 2518 2483 -1 2618 2208 2364 -1 2609 2399 2437 -1 2609 2447 2399 -1 2609 2437 2439 -1 2495 2458 2438 -1 2610 2439 2457 -1 2609 2439 2610 -1 2610 2457 2563 -1 2457 2439 2458 -1 2343 2270 2619 -1 2563 2457 2456 -1 2563 2419 2427 -1 2343 2619 2620 -1 2343 2620 2532 -1 2263 2482 2476 -1 2533 2620 2621 -1 2532 2620 2533 -1 2184 2621 2185 -1 2533 2621 2184 -1 2227 2321 2228 -1 2241 2363 2210 -1 2482 2320 2618 -1 2270 2499 2619 -1 2321 2320 2482 -1 2263 2228 2482 -1 2262 2228 2263 -1 2370 2577 2371 -1 2270 2262 2499 -1 2265 2267 2467 -1 2600 2334 2213 -1 2600 2335 2334 -1 2621 2338 2400 -1 2185 2621 2400 -1 2400 2338 2337 -1 2336 2498 2497 -1 2336 2497 2337 -1 2434 2599 2622 -1 2301 2485 2306 -1 2498 2520 2359 -1 2495 2497 2359 -1 2495 2438 2497 -1 2262 2264 2499 -1 2263 2334 2264 -1 2594 2394 2396 -1 2334 2314 2214 -1 2396 2586 2580 -1 2619 2499 2500 -1 2619 2500 2620 -1 2264 2623 2500 -1 2330 2362 2476 -1 2264 2335 2623 -1 2621 2500 2338 -1 2618 2320 2208 -1 2621 2620 2500 -1 2336 2338 2623 -1 2338 2500 2623 -1 2336 2335 2498 -1 2336 2623 2335 -1 2222 2224 2496 -1 2323 2359 2520 -1 2348 2347 2524 -1 2396 2624 2586 -1 2456 2458 2224 -1 2456 2224 2223 -1 2456 2223 2420 -1 2456 2420 2419 -1 2421 2420 2567 -1 2625 2525 2312 -1 2598 2626 2605 -1 2208 2210 2363 -1 2482 2618 2363 -1 2618 2364 2363 -1 2482 2363 2476 -1 2263 2476 2362 -1 2617 2483 2485 -1 2314 2362 2315 -1 2214 2315 2215 -1 2600 2213 2215 -1 2302 2518 2303 -1 2600 2520 2335 -1 2600 2324 2520 -1 2570 2530 2535 -1 2476 2363 2494 -1 2434 2622 2606 -1 2317 2606 2261 -1 2317 2261 2195 -1 2290 2340 2312 -1 2613 2469 2468 -1 2326 2557 2518 -1 2545 2374 2411 -1 2545 2411 2410 -1 2476 2494 2477 -1 2409 2469 2410 -1 2411 2374 2373 -1 2385 2469 2591 -1 2410 2469 2385 -1 2545 2385 2627 -1 2603 2429 2431 -1 2494 2352 2477 -1 2351 2477 2352 -1 2605 2628 2629 -1 2215 2362 2308 -1 2630 2631 2632 -1 2541 2542 2633 -1 2325 2327 2634 -1 2397 2634 2327 -1 2409 2411 2478 -1 2326 2558 2557 -1 2350 2478 2411 -1 2350 2373 2351 -1 2635 2452 2451 -1 2636 2395 2394 -1 2451 2186 2382 -1 2452 2386 2187 -1 2330 2308 2362 -1 2452 2187 2186 -1 2613 2491 2591 -1 2384 2591 2491 -1 2286 2188 2187 -1 2295 2414 2296 -1 2339 2188 2286 -1 2339 2286 2625 -1 2304 2637 2479 -1 2329 2330 2476 -1 2271 2479 2272 -1 2215 2308 2453 -1 2288 2312 2553 -1 2638 2535 2530 -1 2348 2525 2273 -1 2613 2435 2491 -1 2564 2582 2639 -1 2450 2605 2640 -1 2344 2346 2545 -1 2641 2642 2347 -1 2564 2596 2484 -1 2537 2424 2423 -1 2239 2209 2360 -1 2588 2265 2589 -1 2635 2451 2643 -1 2635 2644 2452 -1 2222 2645 2531 -1 2644 2634 2397 -1 2452 2644 2397 -1 2452 2397 2386 -1 2339 2625 2312 -1 2646 2606 2647 -1 2537 2379 2372 -1 2646 2260 2606 -1 2638 2530 2480 -1 2239 2360 2592 -1 2570 2393 2530 -1 2595 2484 2596 -1 2365 2521 2358 -1 2646 2647 2601 -1 2585 2587 2601 -1 2577 2415 2371 -1 2211 2561 2212 -1 2403 2405 2423 -1 2301 2617 2485 -1 2307 2380 2412 -1 2613 2468 2470 -1 2451 2648 2643 -1 2451 2382 2648 -1 2382 2340 2649 -1 2241 2352 2494 -1 2645 2650 2515 -1 2289 2649 2340 -1 2462 2554 2295 -1 2651 2611 2630 -1 2652 2326 2325 -1 2652 2598 2326 -1 2449 2558 2326 -1 2301 2518 2617 -1 2524 2636 2394 -1 2301 2303 2518 -1 2483 2518 2557 -1 2382 2188 2340 -1 2613 2461 2435 -1 2339 2312 2340 -1 2288 2290 2312 -1 2553 2312 2311 -1 2525 2310 2312 -1 2524 2310 2525 -1 2524 2311 2310 -1 2604 2496 2358 -1 2524 2594 2311 -1 2553 2179 2178 -1 2386 2302 2187 -1 2187 2302 2287 -1 2625 2286 2463 -1 2625 2463 2273 -1 2304 2501 2305 -1 2304 2273 2463 -1 2653 2395 2260 -1 2304 2306 2637 -1 2637 2306 2535 -1 2637 2535 2638 -1 2449 2484 2483 -1 2625 2273 2525 -1 2595 2552 2484 -1 2595 2597 2552 -1 2272 2348 2273 -1 2546 2548 2552 -1 2222 2604 2581 -1 2546 2552 2597 -1 2641 2347 2272 -1 2555 2548 2547 -1 2462 2548 2555 -1 2462 2555 2554 -1 2369 2577 2370 -1 2641 2272 2550 -1 2544 2550 2272 -1 2555 2616 2575 -1 2369 2575 2577 -1 2369 2295 2554 -1 2613 2591 2469 -1 2344 2385 2245 -1 2344 2627 2385 -1 2637 2638 2480 -1 2636 2593 2395 -1 2601 2653 2260 -1 2637 2480 2479 -1 2344 2247 2513 -1 2570 2242 2393 -1 2470 2244 2243 -1 2345 2374 2545 -1 2654 2650 2655 -1 2409 2480 2530 -1 2345 2545 2346 -1 2646 2601 2260 -1 2260 2261 2606 -1 2344 2545 2627 -1 2345 2372 2374 -1 2524 2347 2636 -1 2347 2642 2636 -1 2544 2479 2478 -1 2636 2642 2592 -1 2636 2592 2593 -1 2641 2240 2642 -1 2656 2430 2639 -1 2369 2371 2414 -1 2414 2371 2415 -1 2239 2642 2240 -1 2239 2592 2642 -1 2369 2414 2295 -1 2375 2296 2414 -1 2350 2352 2550 -1 2260 2593 2592 -1 2389 2523 2519 -1 2372 2351 2373 -1 2641 2550 2240 -1 2550 2241 2240 -1 2239 2241 2210 -1 2239 2210 2209 -1 2384 2436 2266 -1 2384 2266 2588 -1 2588 2266 2265 -1 2384 2588 2246 -1 2246 2588 2590 -1 2246 2590 2247 -1 2247 2590 2583 -1 2597 2639 2430 -1 2247 2298 2513 -1 2550 2352 2241 -1 2329 2351 2372 -1 2389 2388 2523 -1 2329 2379 2309 -1 2412 2324 2453 -1 2521 2604 2358 -1 2531 2420 2223 -1 2513 2298 2300 -1 2470 2552 2548 -1 2513 2300 2424 -1 2435 2266 2436 -1 2543 2505 2298 -1 2298 2505 2299 -1 2205 2299 2505 -1 2206 2354 2211 -1 2379 2405 2380 -1 2205 2207 2404 -1 2206 2212 2207 -1 2353 2561 2211 -1 2657 2658 2659 -1 2507 2576 2508 -1 2301 2442 2512 -1 2442 2306 2305 -1 2442 2305 2501 -1 2306 2485 2535 -1 2601 2395 2653 -1 2651 2630 2632 -1 2484 2536 2485 -1 2484 2552 2536 -1 2470 2243 2552 -1 2462 2470 2548 -1 2435 2462 2297 -1 2570 2535 2536 -1 2570 2243 2242 -1 2405 2404 2380 -1 2380 2612 2522 -1 2412 2522 2322 -1 2365 2322 2522 -1 2207 2612 2404 -1 2207 2519 2612 -1 2212 2389 2519 -1 2519 2522 2612 -1 2519 2523 2522 -1 2212 2561 2387 -1 2212 2387 2389 -1 2521 2523 2388 -1 2521 2388 2604 -1 2604 2388 2581 -1 2560 2655 2387 -1 2387 2655 2581 -1 2655 2645 2581 -1 2560 2654 2655 -1 2655 2650 2645 -1 2222 2581 2645 -1 2514 2645 2515 -1 2514 2531 2645 -1 2546 2575 2616 -1 2546 2603 2575 -1 2597 2429 2603 -1 2265 2467 2660 -1 2297 2296 2267 -1 2296 2398 2267 -1 2467 2267 2398 -1 2661 2504 2541 -1 2430 2502 2661 -1 2652 2626 2598 -1 2450 2640 2582 -1 2288 2178 2177 -1 2553 2311 2179 -1 2395 2602 2586 -1 2395 2586 2624 -1 2601 2587 2586 -1 2508 2658 2662 -1 2585 2663 2586 -1 2594 2549 2311 -1 2311 2549 2179 -1 2594 2396 2549 -1 2395 2624 2396 -1 2449 2582 2564 -1 2564 2639 2597 -1 2597 2430 2429 -1 2577 2576 2507 -1 2575 2603 2431 -1 2575 2431 2576 -1 2577 2507 2611 -1 2415 2611 2651 -1 2605 2582 2640 -1 2605 2629 2582 -1 2582 2629 2656 -1 2582 2656 2639 -1 2506 2630 2611 -1 2506 2611 2507 -1 2431 2659 2508 -1 2431 2508 2576 -1 2177 2179 2580 -1 2586 2663 2664 -1 2586 2664 2580 -1 2656 2502 2430 -1 2431 2661 2659 -1 2431 2430 2661 -1 2629 2628 2502 -1 2629 2502 2656 -1 2502 2504 2661 -1 2661 2541 2657 -1 2661 2657 2659 -1 2665 2633 2542 -1 2506 2508 2662 -1 2502 2628 2503 -1 2541 2633 2666 -1 2541 2666 2657 -1 2657 2667 2658 -1 2508 2659 2658 -1 2506 2631 2630 -1 2506 2662 2631 -1 2543 2298 2583 -1 2583 2590 2589 -1 2589 2265 2660 -1 2660 2583 2589 -1 2668 2669 2670 -1 2671 2672 2673 -1 2674 2675 2676 -1 2677 2678 2679 -1 2680 2681 2682 -1 2683 2684 2685 -1 2686 2687 2688 -1 2689 2690 2691 -1 2692 2693 2694 -1 2695 2696 2697 -1 2698 2699 2700 -1 2701 2702 2680 -1 2703 2704 2705 -1 2706 2707 2708 -1 2709 2710 2711 -1 2712 2713 2714 -1 2715 2716 2702 -1 2717 2718 2719 -1 2720 2721 2722 -1 2723 2724 2725 -1 2726 2727 2711 -1 2728 2729 2730 -1 2731 2732 2670 -1 2733 2734 2735 -1 2736 2670 2732 -1 2737 2738 2739 -1 2740 2741 2710 -1 2742 2743 2744 -1 2680 2745 2746 -1 2747 2748 2749 -1 2750 2751 2752 -1 2753 2754 2755 -1 2756 2757 2758 -1 2756 2759 2757 -1 2760 2761 2762 -1 2717 2736 2763 -1 2717 2719 2736 -1 2717 2740 2709 -1 2754 2764 2765 -1 2717 2763 2740 -1 2766 2669 2668 -1 2763 2767 2701 -1 2763 2701 2740 -1 2726 2710 2741 -1 2719 2768 2668 -1 2769 2770 2771 -1 2772 2727 2773 -1 2774 2775 2776 -1 2777 2687 2778 -1 2779 2780 2781 -1 2726 2741 2733 -1 2701 2682 2741 -1 2779 2782 2783 -1 2701 2741 2740 -1 2769 2784 2770 -1 2681 2741 2682 -1 2681 2733 2741 -1 2715 2702 2767 -1 2767 2702 2701 -1 2785 2707 2706 -1 2786 2787 2788 -1 2789 2790 2791 -1 2792 2770 2784 -1 2701 2680 2682 -1 2793 2794 2795 -1 2769 2766 2784 -1 2716 2796 2702 -1 2680 2702 2796 -1 2680 2746 2681 -1 2797 2798 2669 -1 2799 2800 2801 -1 2802 2803 2804 -1 2805 2806 2807 -1 2808 2735 2809 -1 2810 2735 2808 -1 2726 2733 2735 -1 2767 2732 2731 -1 2719 2668 2736 -1 2769 2797 2669 -1 2715 2767 2731 -1 2810 2811 2695 -1 2812 2813 2692 -1 2692 2671 2814 -1 2815 2816 2817 -1 2695 2697 2773 -1 2818 2713 2819 -1 2792 2784 2820 -1 2821 2822 2823 -1 2784 2766 2668 -1 2784 2668 2768 -1 2824 2798 2825 -1 2826 2719 2827 -1 2793 2828 2829 -1 2826 2768 2719 -1 2668 2670 2736 -1 2830 2751 2831 -1 2717 2709 2718 -1 2832 2833 2834 -1 2824 2669 2798 -1 2726 2711 2710 -1 2705 2835 2672 -1 2769 2669 2766 -1 2836 2752 2837 -1 2671 2694 2672 -1 2677 2689 2838 -1 2839 2840 2675 -1 2824 2670 2669 -1 2714 2744 2743 -1 2824 2731 2670 -1 2763 2736 2732 -1 2763 2732 2767 -1 2841 2842 2791 -1 2843 2824 2825 -1 2843 2731 2824 -1 2715 2731 2843 -1 2839 2675 2844 -1 2728 2834 2829 -1 2709 2711 2845 -1 2747 2749 2775 -1 2709 2740 2710 -1 2846 2847 2848 -1 2792 2849 2850 -1 2779 2734 2780 -1 2789 2791 2845 -1 2851 2793 2852 -1 2711 2848 2789 -1 2772 2696 2846 -1 2830 2831 2850 -1 2829 2721 2720 -1 2799 2823 2853 -1 2802 2804 2852 -1 2854 2855 2856 -1 2857 2675 2840 -1 2858 2859 2860 -1 2683 2801 2684 -1 2790 2841 2791 -1 2756 2758 2861 -1 2827 2791 2842 -1 2797 2862 2798 -1 2863 2864 2698 -1 2730 2729 2865 -1 2822 2866 2867 -1 2868 2833 2787 -1 2869 2870 2871 -1 2849 2872 2873 -1 2695 2866 2821 -1 2810 2695 2773 -1 2831 2751 2750 -1 2799 2821 2823 -1 2874 2743 2875 -1 2718 2845 2791 -1 2849 2876 2872 -1 2830 2850 2849 -1 2792 2771 2770 -1 2792 2850 2771 -1 2792 2820 2849 -1 2820 2876 2849 -1 2820 2826 2876 -1 2826 2877 2876 -1 2878 2690 2879 -1 2826 2827 2877 -1 2827 2842 2877 -1 2784 2768 2826 -1 2820 2784 2826 -1 2719 2791 2827 -1 2719 2718 2791 -1 2709 2845 2718 -1 2789 2847 2790 -1 2789 2848 2847 -1 2772 2846 2848 -1 2711 2789 2845 -1 2772 2711 2727 -1 2772 2848 2711 -1 2880 2798 2862 -1 2728 2881 2729 -1 2821 2866 2822 -1 2723 2882 2724 -1 2756 2781 2759 -1 2690 2860 2691 -1 2737 2883 2884 -1 2802 2793 2795 -1 2885 2886 2801 -1 2829 2828 2881 -1 2712 2743 2887 -1 2864 2888 2889 -1 2810 2890 2811 -1 2891 2863 2892 -1 2830 2849 2873 -1 2786 2893 2868 -1 2830 2873 2751 -1 2877 2872 2876 -1 2894 2895 2896 -1 2790 2885 2841 -1 2854 2856 2897 -1 2898 2807 2688 -1 2705 2899 2686 -1 2842 2897 2856 -1 2677 2838 2678 -1 2900 2901 2902 -1 2790 2847 2885 -1 2723 2855 2882 -1 2708 2903 2904 -1 2854 2897 2905 -1 2673 2906 2839 -1 2829 2720 2794 -1 2854 2905 2799 -1 2671 2907 2814 -1 2772 2697 2696 -1 2685 2695 2821 -1 2908 2870 2909 -1 2846 2886 2847 -1 2726 2773 2727 -1 2693 2672 2694 -1 2851 2892 2865 -1 2708 2904 2910 -1 2750 2752 2836 -1 2737 2803 2802 -1 2894 2896 2899 -1 2911 2712 2912 -1 2913 2914 2818 -1 2686 2899 2687 -1 2700 2699 2753 -1 2915 2708 2910 -1 2765 2764 2916 -1 2815 2917 2813 -1 2851 2918 2892 -1 2786 2788 2908 -1 2841 2897 2842 -1 2841 2885 2897 -1 2847 2886 2885 -1 2737 2739 2919 -1 2846 2696 2886 -1 2772 2773 2697 -1 2696 2920 2886 -1 2726 2735 2773 -1 2681 2780 2734 -1 2681 2734 2733 -1 2685 2696 2695 -1 2898 2837 2752 -1 2681 2781 2780 -1 2681 2746 2781 -1 2745 2759 2746 -1 2746 2759 2781 -1 2745 2921 2759 -1 2844 2922 2907 -1 2903 2923 2924 -1 2857 2822 2676 -1 2802 2852 2793 -1 2925 2900 2902 -1 2764 2926 2916 -1 2858 2753 2859 -1 2689 2927 2690 -1 2708 2928 2903 -1 2877 2842 2856 -1 2853 2823 2857 -1 2730 2892 2863 -1 2754 2929 2764 -1 2851 2881 2828 -1 2897 2885 2905 -1 2885 2801 2800 -1 2903 2930 2904 -1 2760 2861 2919 -1 2765 2901 2931 -1 2799 2905 2800 -1 2885 2800 2905 -1 2886 2920 2801 -1 2852 2804 2932 -1 2805 2723 2725 -1 2705 2686 2835 -1 2851 2828 2793 -1 2869 2860 2690 -1 2891 2892 2933 -1 2869 2871 2934 -1 2787 2833 2832 -1 2869 2878 2870 -1 2762 2748 2783 -1 2878 2935 2913 -1 2854 2799 2853 -1 2730 2936 2832 -1 2786 2908 2909 -1 2898 2836 2837 -1 2878 2909 2870 -1 2908 2871 2870 -1 2908 2788 2871 -1 2934 2788 2787 -1 2934 2871 2788 -1 2720 2722 2794 -1 2762 2749 2748 -1 2855 2937 2856 -1 2683 2799 2801 -1 2684 2801 2920 -1 2684 2920 2685 -1 2676 2822 2867 -1 2685 2920 2696 -1 2810 2773 2735 -1 2832 2936 2698 -1 2728 2730 2832 -1 2729 2881 2865 -1 2730 2865 2892 -1 2730 2863 2936 -1 2936 2863 2698 -1 2671 2839 2844 -1 2851 2865 2881 -1 2851 2852 2932 -1 2867 2866 2811 -1 2938 2887 2703 -1 2918 2933 2892 -1 2809 2735 2734 -1 2779 2809 2734 -1 2779 2781 2782 -1 2782 2781 2756 -1 2757 2759 2921 -1 2737 2884 2803 -1 2803 2884 2804 -1 2939 2690 2927 -1 2919 2861 2758 -1 2689 2940 2927 -1 2898 2777 2836 -1 2815 2941 2917 -1 2919 2758 2883 -1 2742 2744 2942 -1 2939 2935 2879 -1 2943 2942 2744 -1 2943 2744 2914 -1 2935 2943 2914 -1 2935 2914 2913 -1 2875 2743 2742 -1 2874 2703 2887 -1 2874 2887 2743 -1 2712 2714 2743 -1 2938 2712 2887 -1 2944 2712 2938 -1 2714 2914 2744 -1 2714 2713 2914 -1 2818 2914 2713 -1 2863 2945 2864 -1 2911 2713 2712 -1 2944 2912 2712 -1 2786 2909 2819 -1 2786 2819 2893 -1 2775 2749 2776 -1 2786 2868 2787 -1 2787 2832 2700 -1 2944 2692 2813 -1 2912 2917 2941 -1 2912 2941 2893 -1 2868 2893 2941 -1 2868 2941 2721 -1 2815 2722 2941 -1 2722 2721 2941 -1 2812 2816 2815 -1 2815 2817 2722 -1 2722 2817 2946 -1 2817 2816 2774 -1 2817 2774 2947 -1 2817 2947 2946 -1 2947 2738 2946 -1 2794 2722 2946 -1 2794 2946 2738 -1 2794 2738 2795 -1 2761 2738 2947 -1 2761 2739 2738 -1 2737 2795 2738 -1 2868 2721 2833 -1 2833 2721 2834 -1 2728 2832 2834 -1 2705 2704 2899 -1 2829 2834 2721 -1 2728 2829 2881 -1 2793 2829 2794 -1 2737 2802 2795 -1 2760 2739 2761 -1 2760 2919 2739 -1 2737 2919 2883 -1 2883 2758 2948 -1 2757 2948 2758 -1 2883 2948 2949 -1 2884 2883 2949 -1 2757 2950 2948 -1 2950 2949 2948 -1 2938 2703 2693 -1 2909 2818 2819 -1 2677 2940 2689 -1 2951 2940 2677 -1 2951 2677 2785 -1 2951 2785 2706 -1 2934 2787 2700 -1 2934 2700 2952 -1 2705 2672 2693 -1 2672 2835 2673 -1 2673 2835 2906 -1 2854 2853 2882 -1 2854 2882 2855 -1 2671 2673 2839 -1 2911 2912 2893 -1 2683 2685 2821 -1 2953 2922 2674 -1 2938 2693 2692 -1 2944 2938 2692 -1 2692 2694 2671 -1 2812 2692 2814 -1 2894 2899 2704 -1 2944 2813 2912 -1 2912 2813 2917 -1 2812 2815 2813 -1 2671 2844 2907 -1 2844 2674 2922 -1 2816 2814 2907 -1 2812 2814 2816 -1 2816 2907 2922 -1 2816 2922 2774 -1 2747 2811 2890 -1 2775 2922 2953 -1 2774 2922 2775 -1 2761 2774 2776 -1 2761 2947 2774 -1 2874 2875 2894 -1 2874 2704 2703 -1 2874 2894 2704 -1 2747 2775 2953 -1 2703 2705 2693 -1 2762 2776 2749 -1 2747 2890 2748 -1 2700 2954 2858 -1 2808 2748 2890 -1 2808 2809 2748 -1 2779 2748 2809 -1 2779 2783 2748 -1 2761 2776 2762 -1 2760 2762 2783 -1 2760 2783 2861 -1 2782 2861 2783 -1 2782 2756 2861 -1 2911 2893 2819 -1 2869 2690 2878 -1 2832 2698 2700 -1 2807 2806 2688 -1 2805 2725 2806 -1 2686 2688 2806 -1 2686 2806 2835 -1 2725 2906 2806 -1 2906 2835 2806 -1 2898 2687 2777 -1 2725 2724 2906 -1 2724 2955 2906 -1 2724 2882 2955 -1 2882 2840 2955 -1 2906 2955 2839 -1 2839 2955 2840 -1 2844 2675 2674 -1 2882 2853 2840 -1 2853 2857 2840 -1 2857 2676 2675 -1 2953 2674 2676 -1 2683 2821 2799 -1 2857 2823 2822 -1 2953 2676 2867 -1 2747 2953 2867 -1 2898 2688 2687 -1 2747 2867 2811 -1 2695 2811 2866 -1 2896 2778 2687 -1 2899 2896 2687 -1 2810 2808 2890 -1 2878 2913 2818 -1 2878 2818 2909 -1 2911 2819 2713 -1 2864 2945 2888 -1 2698 2753 2699 -1 2878 2879 2935 -1 2869 2934 2952 -1 2678 2859 2956 -1 2678 2956 2957 -1 2930 2958 2904 -1 2679 2959 2928 -1 2765 2957 2956 -1 2939 2879 2690 -1 2931 2901 2928 -1 2838 2860 2678 -1 2706 2708 2915 -1 2677 2679 2707 -1 2677 2707 2785 -1 2700 2858 2952 -1 2700 2753 2954 -1 2698 2889 2753 -1 2698 2864 2889 -1 2678 2860 2859 -1 2889 2754 2753 -1 2954 2753 2858 -1 2960 2929 2754 -1 2889 2960 2754 -1 2707 2679 2928 -1 2753 2755 2859 -1 2904 2958 2961 -1 2903 2962 2930 -1 2903 2924 2962 -1 2963 2962 2924 -1 2925 2924 2900 -1 2859 2755 2765 -1 2754 2765 2755 -1 2926 2964 2916 -1 2900 2924 2923 -1 2707 2928 2708 -1 2900 2903 2928 -1 2900 2923 2903 -1 2678 2957 2679 -1 2679 2957 2959 -1 2859 2765 2956 -1 2959 2957 2928 -1 2916 2902 2901 -1 2916 2964 2902 -1 2765 2931 2957 -1 2931 2928 2957 -1 2765 2916 2901 -1 2900 2928 2901 -1 2860 2869 2952 -1 2860 2838 2689 -1 2952 2858 2860 -1 2860 2689 2691 -1 2752 2751 2873 -1 2807 2898 2752 -1 2807 2752 2873 -1 2807 2873 2872 -1 2805 2807 2872 -1 2723 2805 2872 -1 2723 2872 2877 -1 2723 2877 2856 -1 2937 2855 2723 -1 2937 2723 2856 -1 2965 2966 2967 -1 2968 2969 2970 -1 2971 2972 2973 -1 2974 2975 2968 -1 2973 2967 2976 -1 2969 2977 2978 -1 2979 2969 2971 -1 2969 2980 2977 -1 2981 2982 2980 -1 2968 2980 2969 -1 2982 2977 2980 -1 2973 2978 2965 -1 2973 2976 2983 -1 2982 2978 2977 -1 2972 2969 2978 -1 2975 2981 2968 -1 2981 2980 2968 -1 2974 2968 2970 -1 2971 2969 2972 -1 2972 2978 2973 -1 2982 2984 2978 -1 2978 2984 2965 -1 2971 2973 2983 -1 2973 2965 2967 -1 2985 2986 2987 -1 2988 2989 2990 -1 2991 2992 2993 -1 2994 2995 2996 -1 2996 2997 2998 -1 2999 2988 2986 -1 3000 2994 2991 -1 2987 2990 3001 -1 3002 3003 3004 -1 2994 3005 2995 -1 2985 2999 2986 -1 3006 2985 3007 -1 2987 2988 2990 -1 2988 3003 2989 -1 2988 3004 3003 -1 3000 3005 2994 -1 2994 2992 2991 -1 2992 2999 2993 -1 3008 3007 2985 -1 3006 2993 2999 -1 2994 2996 2998 -1 2994 2998 2992 -1 3008 2985 3009 -1 3006 2999 2985 -1 2998 3004 2999 -1 2992 2998 2999 -1 2998 3002 3004 -1 2999 3004 2988 -1 3009 2985 3010 -1 2985 2987 3010 -1 2987 2986 2988 -1 3011 3012 3013 -1 3014 3015 3016 -1 3017 3013 3018 -1 3019 3020 3012 -1 3013 3021 3018 -1 3022 3023 3024 -1 3013 3012 3021 -1 3025 3026 3027 -1 3028 3029 3023 -1 3030 3031 3024 -1 3019 3032 3020 -1 3015 3033 3034 -1 3035 3023 3022 -1 3020 3030 3029 -1 3020 3029 3021 -1 3028 3035 3026 -1 3036 3024 3037 -1 3025 3021 3028 -1 3015 3038 3033 -1 3017 3011 3013 -1 3025 3028 3026 -1 3019 3012 3011 -1 3027 3039 3040 -1 3041 3033 3038 -1 3017 3018 3042 -1 3042 3018 3025 -1 3043 3025 3027 -1 3032 3014 3016 -1 3032 3016 3020 -1 3012 3020 3021 -1 3025 3018 3021 -1 3027 3026 3039 -1 3044 3041 3038 -1 3020 3016 3030 -1 3016 3015 3034 -1 3016 3034 3031 -1 3016 3031 3030 -1 3028 3021 3029 -1 3028 3023 3035 -1 3030 3024 3029 -1 3029 3024 3023 -1 3031 3037 3024 -1 3022 3024 3036 -1 3031 3033 3045 -1 3031 3034 3033 -1 3031 3045 3037 -1 3037 3045 3046 -1 3041 3047 3033 -1 3047 3045 3033 -1 3048 3045 3047 -1 3049 3050 3051 -1 3052 3053 3054 -1 3055 3056 3057 -1 3058 3059 3060 -1 3061 3058 3062 -1 3057 3056 3063 -1 3052 3064 3053 -1 3061 3062 3065 -1 3062 3066 3067 -1 3068 3069 3070 -1 3071 3072 3073 -1 3074 3075 3076 -1 3068 3077 3069 -1 3052 3054 3078 -1 3068 3059 3079 -1 3057 3080 3081 -1 3082 3077 3081 -1 3083 3070 3084 -1 3061 3079 3059 -1 3057 3079 3065 -1 3074 3053 3064 -1 3083 3084 3071 -1 3057 3063 3080 -1 3058 3066 3062 -1 3052 3078 3085 -1 3069 3077 3070 -1 3062 3067 3055 -1 3086 3056 3055 -1 3084 3087 3088 -1 3089 3056 3086 -1 3086 3055 3067 -1 3090 3085 3078 -1 3062 3055 3065 -1 3061 3059 3058 -1 3080 3082 3081 -1 3082 3091 3077 -1 3055 3057 3065 -1 3061 3065 3079 -1 3068 3079 3077 -1 3079 3081 3077 -1 3057 3081 3079 -1 3049 3051 3092 -1 3093 3088 3087 -1 3091 3093 3087 -1 3077 3087 3070 -1 3091 3087 3077 -1 3068 3070 3094 -1 3060 3095 3085 -1 3058 3060 3085 -1 3060 3059 3064 -1 3060 3064 3095 -1 3068 3064 3059 -1 3068 3094 3064 -1 3058 3085 3066 -1 3051 3072 3071 -1 3053 3076 3054 -1 3074 3094 3070 -1 3084 3070 3087 -1 3084 3088 3051 -1 3096 3054 3076 -1 3051 3088 3092 -1 3083 3074 3070 -1 3074 3064 3094 -1 3052 3085 3095 -1 3083 3071 3075 -1 3052 3095 3064 -1 3097 3072 3050 -1 3049 3098 3050 -1 3097 3073 3072 -1 3051 3050 3072 -1 3084 3051 3071 -1 3075 3096 3076 -1 3083 3075 3074 -1 3074 3076 3053 -1 3099 3100 3101 -1 3102 3103 3104 -1 3105 3104 3103 -1 3099 3106 3107 -1 3105 3108 3104 -1 3109 3110 3111 -1 3112 3113 3114 -1 3100 3115 3101 -1 3106 3113 3107 -1 3116 3109 3111 -1 3106 3102 3104 -1 3116 3117 3118 -1 3114 3113 3119 -1 3116 3118 3109 -1 3112 3110 3120 -1 3121 3102 3101 -1 3121 3101 3115 -1 3122 3123 3119 -1 3121 3103 3102 -1 3106 3101 3102 -1 3099 3101 3106 -1 3122 3104 3123 -1 3106 3104 3122 -1 3099 3107 3100 -1 3100 3107 3124 -1 3106 3122 3119 -1 3106 3119 3113 -1 3120 3107 3113 -1 3125 3120 3109 -1 3112 3120 3113 -1 3120 3124 3107 -1 3125 3124 3120 -1 3126 3127 3117 -1 3128 3117 3127 -1 3128 3118 3117 -1 3116 3129 3117 -1 3120 3110 3109 -1 3130 3118 3128 -1 3125 3118 3130 -1 3116 3111 3129 -1 3125 3109 3118 -1 3131 3132 3133 -1 3134 3132 3135 -1 3136 3137 3138 -1 3139 3131 3140 -1 3141 3132 3142 -1 3131 3134 3135 -1 3141 3143 3132 -1 3139 3140 3144 -1 3134 3136 3132 -1 3133 3132 3143 -1 3131 3133 3140 -1 3145 3131 3139 -1 3139 3144 3146 -1 3145 3139 3146 -1 3142 3132 3136 -1 3131 3135 3132 -1 3131 3147 3134 -1 3134 3137 3136 -1 3136 3148 3149 -1 3136 3138 3148 -1 3142 3136 3149 -1 3150 3151 3152 -1 3153 3154 3155 -1 3153 3156 3152 -1 3153 3157 3156 -1 3156 3158 3159 -1 3158 3160 3159 -1 3161 3162 3163 -1 3150 3154 3151 -1 3156 3157 3164 -1 3156 3164 3158 -1 3153 3152 3151 -1 3165 3154 3166 -1 3162 3167 3163 -1 3168 3158 3162 -1 3164 3169 3158 -1 3158 3169 3162 -1 3168 3160 3158 -1 3170 3168 3162 -1 3166 3150 3171 -1 3166 3154 3150 -1 3153 3151 3154 -1 3150 3152 3172 -1 3169 3173 3167 -1 3156 3159 3152 -1 3174 3168 3170 -1 3164 3173 3169 -1 3169 3167 3162 -1 3170 3162 3161 -1 3175 3176 3177 -1 3178 3179 3180 -1 3176 3181 3182 -1 3183 3184 3185 -1 3184 3186 3180 -1 3187 3180 3188 -1 3189 3190 3191 -1 3185 3176 3192 -1 3184 3180 3193 -1 3187 3188 3191 -1 3194 3182 3189 -1 3187 3193 3180 -1 3175 3195 3176 -1 3178 3180 3196 -1 3179 3188 3180 -1 3190 3187 3191 -1 3192 3176 3195 -1 3175 3177 3197 -1 3184 3193 3190 -1 3177 3182 3194 -1 3198 3191 3188 -1 3185 3184 3176 -1 3176 3184 3181 -1 3176 3182 3177 -1 3182 3181 3189 -1 3184 3190 3181 -1 3189 3181 3190 -1 3186 3196 3180 -1 3190 3193 3187 -1 3189 3191 3199 -1 3199 3191 3200 -1 3198 3188 3179 -1 3201 3202 3203 -1 3204 3205 3206 -1 3207 3208 3209 -1 3210 3211 3212 -1 3213 3208 3214 -1 3210 3215 3211 -1 3213 3214 3216 -1 3217 3211 3218 -1 3219 3220 3221 -1 3222 3223 3224 -1 3219 3225 3220 -1 3226 3225 3227 -1 3228 3221 3220 -1 3218 3211 3215 -1 3212 3206 3205 -1 3201 3229 3230 -1 3210 3212 3205 -1 3231 3232 3233 -1 3234 3224 3223 -1 3222 3224 3235 -1 3222 3235 3216 -1 3225 3236 3230 -1 3235 3224 3237 -1 3238 3239 3240 -1 3235 3237 3241 -1 3235 3241 3216 -1 3242 3210 3205 -1 3222 3216 3214 -1 3240 3239 3204 -1 3229 3220 3230 -1 3213 3243 3208 -1 3219 3221 3244 -1 3223 3233 3232 -1 3222 3203 3233 -1 3222 3233 3223 -1 3242 3245 3210 -1 3222 3208 3203 -1 3222 3214 3208 -1 3213 3246 3243 -1 3212 3226 3227 -1 3202 3231 3233 -1 3219 3227 3225 -1 3247 3210 3245 -1 3202 3233 3203 -1 3207 3201 3208 -1 3201 3203 3208 -1 3209 3208 3243 -1 3209 3243 3246 -1 3225 3230 3220 -1 3238 3240 3248 -1 3249 3250 3245 -1 3242 3249 3245 -1 3247 3245 3251 -1 3238 3249 3239 -1 3252 3206 3227 -1 3249 3205 3239 -1 3242 3205 3249 -1 3204 3239 3205 -1 3212 3227 3206 -1 3247 3251 3215 -1 3247 3215 3210 -1 3212 3211 3226 -1 3217 3226 3211 -1 3217 3236 3226 -1 3248 3240 3253 -1 3240 3254 3253 -1 3240 3204 3254 -1 3204 3255 3254 -1 3255 3256 3254 -1 3257 3254 3256 -1 3204 3206 3255 -1 3252 3255 3206 -1 3252 3256 3255 -1 3252 3244 3256 -1 3257 3256 3258 -1 3252 3227 3219 -1 3252 3219 3244 -1 3259 3217 3218 -1 3259 3231 3217 -1 3231 3236 3217 -1 3202 3236 3231 -1 3226 3236 3225 -1 3202 3230 3236 -1 3201 3230 3202 -1 3260 3244 3221 -1 3260 3221 3261 -1 3261 3221 3228 -1 3229 3228 3220 -1 3229 3262 3228 -1 3207 3229 3201 -1 3228 3262 3263 -1 3209 3264 3262 -1 3264 3263 3262 -1 3207 3262 3229 -1 3207 3209 3262 -1 3265 3266 3267 -1 3268 3269 3270 -1 3271 3272 3273 -1 3274 3275 3268 -1 3268 3270 3276 -1 3274 3277 3275 -1 3272 3269 3273 -1 3278 3268 3275 -1 3268 3279 3277 -1 3274 3268 3277 -1 3268 3273 3269 -1 3278 3271 3268 -1 3268 3271 3273 -1 3278 3272 3271 -1 3276 3270 3269 -1 3280 3281 3282 -1 3280 3282 3283 -1 3283 3282 3284 -1 3285 3286 3287 -1 3288 3289 3290 -1 3285 3288 3291 -1 3292 3293 3294 -1 3285 3287 3289 -1 3292 3295 3293 -1 3294 3293 3287 -1 3292 3294 3296 -1 3294 3286 3285 -1 3285 3289 3288 -1 3294 3287 3286 -1 3285 3291 3297 -1 3298 3291 3288 -1 3294 3285 3297 -1 3288 3290 3299 -1 3298 3288 3299 -1 3300 3301 3302 -1 3303 3301 3304 -1 3303 3304 3305 -1 3306 3307 3308 -1 3306 3309 3307 -1 3303 3305 3310 -1 3311 3312 3313 -1 3306 3302 3309 -1 3311 3314 3312 -1 3303 3310 3314 -1 3315 3306 3308 -1 3315 3316 3306 -1 3315 3308 3311 -1 3317 3302 3306 -1 3317 3318 3302 -1 3302 3303 3318 -1 3302 3301 3303 -1 3300 3304 3301 -1 3311 3308 3307 -1 3311 3307 3309 -1 3311 3309 3314 -1 3309 3318 3303 -1 3309 3303 3314 -1 3305 3319 3310 -1 3320 3321 3322 -1 3321 3323 3322 -1 3320 3324 3325 -1 3320 3326 3321 -1 3321 3327 3323 -1 3320 3322 3324 -1 3328 3329 3330 -1 3328 3331 3329 -1 3332 3333 3334 -1 3328 3330 3335 -1 3332 3336 3333 -1 3332 3334 3336 -1 3333 3336 3337 -1 3336 3338 3339 -1 3335 3339 3338 -1 3340 3335 3338 -1 3336 3339 3337 -1 3339 3335 3330 -1 3339 3330 3329 -1 3339 3329 3341 -1 3339 3341 3342 -1 3343 3344 3345 -1 3343 3345 3346 -1 3347 3348 3344 -1 3348 3349 3344 -1 3350 3343 3346 -1 3343 3351 3352 -1 3343 3352 3344 -1 3353 3345 3344 -1 3353 3344 3349 -1 3352 3347 3344 -1 3347 3354 3348 -1">
    <Coordinate point="-3.49706 -2.65434 -6.25814 -3.48915 -2.45885 -6.24919 -3.38001 -2.64466 -6.29079 -4.19714 -1.02189 -5.93111 -4.33427 -0.989811 -5.96864 -4.34966 -0.806708 -5.98182 -4.39438 -1.42026 -6.61524 -4.18972 -1.62383 -6.61258 -4.18965 -1.41963 -6.61547 -4.55348 -3.59941 -6.69696 -4.55535 -3.60326 -6.58268 -4.43366 -3.64183 -6.68397 -3.3706 -3.0514 -6.63914 -3.17754 -2.85164 -6.63022 -3.37221 -2.84042 -6.63326 -4.39477 -3.64399 -6.59499 -4.5638 -1.21354 -6.57669 -4.57033 -1.41636 -6.56018 -3.5715 -2.84344 -6.6391 -3.37365 -2.644 -6.61911 -3.58247 -2.64339 -6.62897 -4.17947 -0.810322 -5.92674 -3.78924 -2.85304 -6.6568 -3.78727 -3.04761 -6.65432 -4.18575 -2.64727 -6.66416 -3.98623 -2.6447 -6.65156 -4.19393 -2.4377 -6.63388 -3.78009 -2.64408 -6.651 -3.98421 -2.83771 -6.66641 -4.57508 -1.83195 -6.57252 -4.56978 -1.62785 -6.57226 -4.56268 -1.62024 -6.32902 -4.39543 -3.46243 -6.66592 -4.3936 -1.62438 -6.61129 -3.58556 -1.22224 -6.12556 -3.73257 -1.19867 -6.02248 -3.61322 -1.01254 -6.12256 -4.60471 -2.64534 -6.59206 -4.56416 -2.43366 -6.32851 -4.57194 -2.64588 -6.3325 -4.58006 -2.03112 -6.5828 -4.3863 -1.83508 -6.60134 -3.78055 -3.25642 -6.65379 -3.5773 -3.25729 -6.64346 -3.57722 -3.05341 -6.64574 -4.16467 -3.0802 -6.67703 -3.99291 -3.25465 -6.66131 -3.98691 -3.0538 -6.66574 -4.54364 -3.58085 -6.39515 -4.58895 -3.458 -6.34232 -4.39257 -3.60045 -6.37972 -3.79874 -2.83925 -6.19606 -3.72697 -2.87608 -6.26032 -3.74833 -3.05173 -6.27807 -3.5859 -2.63852 -6.18508 -4.1979 -3.63862 -6.58757 -3.18145 -3.04776 -6.63298 -2.96711 -2.84133 -6.63205 -4.19897 -3.46004 -6.66212 -4.22747 -3.01172 -6.68634 -4.4006 -3.06082 -6.6947 -4.4064 -3.22945 -6.68863 -3.37243 -2.02033 -6.59918 -3.15608 -2.03091 -6.60089 -3.37257 -1.83104 -6.60989 -4.18926 -3.2641 -6.66772 -4.3921 -2.64781 -6.66428 -4.36257 -3.31669 -6.67648 -4.39828 -2.82267 -6.67739 -4.16904 -2.82568 -6.67509 -3.57588 -3.46487 -6.63367 -3.37178 -3.6578 -6.56179 -3.37661 -3.45873 -6.62906 -4.05725 -3.5459 -6.23859 -3.98585 -3.45492 -6.16555 -3.99851 -3.6389 -6.33083 -3.78668 -3.63347 -6.57661 -3.7807 -3.46591 -6.63795 -4.58253 -3.05019 -6.69618 -4.58813 -2.90954 -6.6876 -3.38625 -2.23733 -6.27225 -3.49202 -2.32121 -6.22898 -3.56366 -2.23005 -6.1442 -4.66327 -3.05215 -6.56205 -4.62685 -2.83536 -6.59463 -3.16853 -2.64518 -6.61204 -3.18864 -2.03807 -6.27222 -3.37377 -1.83026 -6.26663 -3.18323 -1.80732 -6.26065 -4.23322 -2.90057 -6.68506 -4.39068 -2.89198 -6.68443 -3.57636 -1.62422 -6.6191 -3.57119 -1.415 -6.60525 -3.78149 -1.62351 -6.62096 -4.4063 -2.80705 -6.20526 -4.5786 -2.84539 -6.33126 -3.17784 -2.23267 -6.59849 -2.96437 -2.22276 -6.59949 -4.56581 -1.42573 -6.32703 -3.9849 -1.62359 -6.62038 -3.98332 -1.4165 -6.61138 -4.40759 -2.43792 -6.15085 -4.40711 -2.23484 -6.12305 -4.18638 -2.23629 -6.04795 -3.17205 -2.43941 -6.28921 -3.36952 -2.44625 -6.2844 -3.79177 -3.27539 -6.18143 -3.73058 -3.23266 -6.2744 -3.57667 -3.34002 -6.2192 -3.59827 -2.81778 -6.20132 -3.78057 -2.64629 -6.15745 -4.41614 -2.03264 -6.10174 -4.56235 -2.0316 -6.32462 -4.49351 -1.94701 -6.2224 -3.77626 -2.44414 -6.63346 -3.57722 -2.23664 -6.61158 -3.78102 -2.23632 -6.618 -3.56866 -3.6551 -6.56044 -3.78061 -3.67392 -6.32649 -3.57663 -3.67641 -6.32643 -3.98133 -3.47079 -6.64484 -3.98346 -3.63349 -6.58369 -4.39636 -2.02809 -6.60987 -4.19563 -2.02666 -6.60405 -4.19493 -1.83414 -6.60264 -3.16868 -1.21576 -6.26721 -3.38422 -1.01047 -6.26066 -3.16884 -1.01133 -6.26692 -3.57821 -2.43528 -6.16214 -4.38956 -2.43278 -6.64382 -4.59268 -2.43645 -6.6035 -4.40059 -2.23659 -6.6266 -4.18972 -2.23648 -6.61947 -3.37101 -3.2709 -6.18126 -3.40206 -3.19817 -6.26778 -3.15805 -3.16764 -6.25802 -3.98584 -2.23609 -6.61667 -3.98474 -2.03118 -6.61277 -4.59161 -2.23967 -6.59241 -3.98495 -2.44091 -6.63231 -3.9467 -3.61127 -6.20291 -3.77752 -3.63887 -6.18993 -4.1964 -0.598486 -5.917 -3.98061 -0.801855 -5.86573 -4.18332 -3.612 -6.35584 -4.21326 -3.51564 -6.26258 -3.36992 -3.25618 -6.63168 -3.57796 -3.45022 -6.15882 -4.5627 -1.01171 -6.57831 -4.39344 -1.21521 -6.61624 -4.38833 -1.00567 -6.61012 -3.16262 -2.43886 -6.5995 -2.97313 -2.44029 -6.60259 -3.57185 -3.64001 -6.18524 -3.38038 -3.45419 -6.14105 -4.18941 -1.21576 -6.61046 -4.50127 -1.82005 -6.19224 -3.56935 -0.804451 -6.10344 -3.65464 -0.973102 -5.98685 -3.64532 -0.812426 -5.99229 -3.38314 -1.21926 -6.26188 -3.55843 -1.41717 -6.09022 -3.98182 -1.21977 -6.59746 -3.57055 -2.44036 -6.60368 -3.37597 -0.804104 -6.25757 -3.52603 -1.01148 -6.24265 -3.52635 -0.80769 -6.24086 -4.49849 -1.63396 -6.19272 -4.44943 -1.62274 -6.06723 -4.42496 -1.83879 -6.06252 -3.57706 -2.03205 -6.61397 -2.96379 -2.64502 -6.60584 -3.36594 -2.23842 -6.60002 -3.78126 -2.03276 -6.61484 -3.78094 -1.82786 -6.61796 -3.37427 -3.0527 -6.30124 -3.17334 -3.06307 -6.30277 -4.17908 -3.43672 -6.19705 -4.39298 -3.46769 -6.27753 -3.372 -1.62383 -6.61312 -4.15263 -2.84057 -6.18802 -4.2198 -3.0511 -6.27789 -4.23999 -2.86159 -6.26332 -3.37448 -1.41462 -6.25823 -3.45956 -1.62303 -6.21807 -3.46135 -1.46299 -6.21851 -4.5251 -0.803173 -6.2145 -4.37723 -1.01452 -6.13096 -4.52427 -1.01148 -6.21604 -3.78169 -0.81083 -5.95265 -3.78317 -1.41659 -6.60988 -3.98903 -2.83376 -6.1986 -3.98472 -2.6434 -6.15554 -3.98066 -2.07159 -6.02612 -4 -1.96388 -5.98983 -3.7695 -2.04028 -6.02786 -3.38349 -2.44184 -6.60314 -4.56665 -2.23395 -6.32239 -3.78159 -2.43822 -6.09913 -4.49788 -1.46588 -6.2224 -4.44252 -1.41493 -6.10035 -3.77796 -3.46409 -6.15083 -4.5585 -1.82795 -6.32558 -4.29935 -3.3758 -6.2224 -4.39091 -3.27022 -6.28869 -3.46037 -1.81612 -6.22395 -3.98568 -1.82786 -6.61633 -4.60096 -3.04998 -6.35611 -4.59869 -3.26099 -6.34212 -4.19309 -2.64523 -6.16026 -4.39859 -2.64395 -6.176 -3.38315 -2.03171 -6.26936 -3.56545 -2.03159 -6.11338 -3.46952 -2.00065 -6.2224 -3.57707 -1.82858 -6.6199 -3.56842 -3.26101 -6.29344 -3.77827 -1.42333 -5.97704 -3.69613 -1.33466 -6.00406 -4.26668 -1.15961 -6.01403 -4.1856 -1.21389 -5.97435 -3.98395 -2.43947 -6.10208 -3.37614 -3.67986 -6.33878 -3.37813 -2.84164 -6.29464 -3.97876 -1.40906 -5.94381 -3.98096 -1.20748 -5.97339 -4.33373 -1.42189 -5.98307 -4.34236 -1.62157 -5.98303 -4.39346 -1.213 -6.11169 -3.77612 -0.598711 -5.92238 -3.49806 -1.1763 -6.24767 -3.78009 -1.21166 -6.59626 -3.78522 -1.62019 -5.9792 -3.97685 -1.63158 -5.94521 -3.78267 -1.01696 -5.94974 -3.69512 -1.09724 -6.01697 -4.49069 -2.50945 -6.25642 -3.78013 -2.24176 -6.06044 -4.19799 -1.83334 -5.97574 -4.18336 -1.62431 -5.95327 -4.20213 -2.0614 -6.01697 -4.15163 -1.97129 -5.98931 -4.24028 -3.22783 -6.27243 -4.39526 -3.04498 -6.30431 -3.36905 -3.6449 -6.17576 -4.57342 -1.01949 -6.32633 -3.56593 -2.8851 -6.2635 -3.56134 -1.82675 -6.09288 -3.70632 -1.85047 -6.01202 -3.16701 -0.611657 -6.25372 -3.17099 -0.805047 -6.264 -3.16892 -1.41979 -6.27197 -4.30378 -1.28553 -5.99212 -4.18589 -1.41886 -5.95329 -4.38297 -2.89251 -6.26584 -4.57032 -1.21647 -6.32535 -3.69613 -1.67664 -6.00217 -3.81264 -1.82215 -5.98636 -3.57329 -3.04016 -6.30021 -3.82999 -3.04415 -6.21155 -2.96441 -1.2156 -6.27276 -4.18111 -3.27317 -6.19572 -3.36579 -1.62336 -6.26307 -3.16939 -1.62454 -6.27769 -3.55952 -1.62592 -6.08313 -4.13124 -3.04048 -6.20581 -3.83465 -1.22155 -5.98687 -4.50073 -1.19873 -6.22237 -3.14906 -1.819 -6.12372 -3.56227 -0.594198 -6.23609 -3.83674 -1.96061 -5.99597 -4.18942 -2.44132 -6.09194 -4.27771 -1.10296 -6.01828 -3.98335 -2.23578 -6.05757 -4.31878 -1.79046 -5.99076 -3.98174 -1.83226 -5.96936 -3.98714 -1.01725 -5.91503 -2.75803 2.20885 -6.63744 -2.5574 2.02754 -6.62551 -2.55744 2.2189 -6.64123 -1.73982 3.82509 -6.67529 -1.52901 3.84248 -6.6727 -1.56428 3.93827 -6.68209 -2.76073 4.03486 -6.68766 -2.87968 4.00631 -6.68215 -2.76083 3.84344 -6.6695 -0.752575 4.03625 -6.53903 -0.749655 4.06149 -6.33528 -0.945819 4.00285 -6.52183 -1.94007 2.6327 -6.65878 -1.74434 2.63315 -6.66091 -1.74696 2.83196 -6.66229 -2.76155 2.42427 -6.65034 -2.55673 2.42435 -6.64767 -2.75935 2.62854 -6.65324 -1.54665 4.00003 -6.68822 -1.32228 4.04023 -6.58559 -1.53564 4.06819 -6.56071 -2.14966 3.03401 -6.665 -2.14159 2.83713 -6.65774 -1.94439 3.0367 -6.6734 -3.16479 3.44141 -6.66276 -2.9674 3.2482 -6.66338 -2.96693 3.45329 -6.66688 -2.14156 3.44551 -6.65972 -1.94463 3.44468 -6.67771 -1.93855 3.66155 -6.67834 -2.76937 3.44592 -6.66177 -2.55731 3.65219 -6.66058 -2.75635 3.64671 -6.66499 -1.88211 4.02756 -6.69242 -1.85911 3.93827 -6.6822 -1.74032 3.92433 -6.68486 -2.96417 2.62799 -6.64884 -0.759003 2.82433 -6.25245 -0.954406 2.83756 -6.25796 -0.960122 3.03343 -6.24513 -2.15452 3.64118 -6.67274 -1.53546 2.42443 -6.64197 -1.33694 2.63515 -6.62781 -1.53538 2.62831 -6.65139 -3.16526 3.24603 -6.66124 -2.35336 2.01515 -6.63068 -2.55546 1.81264 -6.6162 -0.756528 2.82972 -6.6187 -0.548306 3.02972 -6.59536 -0.749598 3.04403 -6.60371 -1.95164 3.85254 -6.66921 -1.74004 2.42443 -6.65002 -1.14684 4.03651 -6.21171 -1.15155 4.07281 -6.34022 -0.955845 4.06034 -6.34964 -2.35222 2.83297 -6.64647 -2.35254 3.03662 -6.65449 -2.55665 2.83282 -6.64415 -0.549221 3.44547 -6.57231 -0.344095 3.63881 -6.56033 -0.54921 3.63551 -6.55608 -1.74012 3.64935 -6.6738 -1.73989 3.445 -6.6771 -1.39319 3.99744 -6.68504 -2.76421 3.24392 -6.65702 -1.944 3.24135 -6.67372 -2.145 3.23945 -6.66233 -1.14513 3.04612 -6.65018 -1.13453 2.83244 -6.65979 -0.952864 2.83204 -6.64529 -2.34271 3.61448 -6.23196 -2.16936 3.73416 -6.22678 -2.14576 3.63855 -6.23248 -1.94667 2.82354 -6.66778 -2.14935 3.85348 -6.66523 -1.37864 2.62422 -6.11864 -1.45088 2.53012 -6.01828 -1.52373 2.58189 -5.87434 -1.74736 4.01935 -6.69704 -1.9561 4.07711 -6.59299 -2.15041 4.07587 -6.59726 -1.53514 3.44516 -6.67811 -1.52662 3.65004 -6.66774 -0.957605 3.85323 -6.20409 -1.14508 3.85295 -6.21317 -1.33739 3.64192 -6.65421 -3.17063 2.83049 -6.64049 -3.1686 3.03654 -6.65199 -3.37217 2.82186 -6.63575 -1.72923 2.44786 -6.0433 -1.75445 2.35356 -5.96753 -1.92829 2.36851 -5.95208 -2.15567 1.80914 -6.62869 -2.3494 1.613 -6.62605 -2.14866 1.60836 -6.61991 -2.96512 2.83274 -6.65066 -2.76108 2.83266 -6.64817 -2.76045 3.03725 -6.65156 -1.94384 2.42522 -6.6469 -2.1485 2.42357 -6.64521 -1.94034 2.21336 -6.63698 -1.33752 2.42276 -6.62844 -1.33062 2.23145 -6.62589 -1.13792 2.42514 -6.62937 -1.7405 3.03429 -6.66439 -1.73988 1.60782 -6.60572 -1.53553 1.60758 -6.60932 -1.54638 1.82153 -6.59912 -1.73333 4.08481 -6.57178 -2.14514 2.21429 -6.63705 -2.34994 2.22638 -6.6344 -1.74421 3.24594 -6.66322 -1.32024 2.82849 -6.12938 -1.40234 2.6668 -5.9087 -1.98998 2.83486 -6.0739 -1.90256 3.04702 -5.88351 -1.88775 2.8345 -5.89178 -0.54339 2.2236 -6.63434 -0.546785 2.41516 -6.62827 -0.753018 2.22016 -6.63781 -0.960913 2.63289 -6.65473 -1.14268 3.26566 -5.89843 -1.27927 3.19601 -5.87482 -1.34577 3.24779 -5.69885 -1.1483 2.62514 -6.64397 -2.55681 3.0363 -6.65363 -2.35262 3.24065 -6.64732 -2.5561 3.24081 -6.65239 -1.94376 1.60869 -6.61344 -1.94439 1.4041 -6.60906 -1.54555 3.23723 -6.67059 -1.33354 3.03206 -6.66647 -1.33134 3.24151 -6.67548 -1.53358 3.03606 -6.66343 -2.96449 3.03717 -6.65659 -1.14176 3.44229 -6.63264 -1.14148 3.23651 -6.64968 -0.949706 3.24274 -6.60333 -3.16358 3.85541 -6.66169 -2.96673 3.84391 -6.66815 -2.96807 4.08784 -6.60041 -2.35191 3.85338 -6.674 -2.55532 3.85283 -6.67072 -2.35415 3.65202 -6.66222 -2.15087 2.01939 -6.62986 -1.94756 2.02444 -6.62188 -1.15502 2.82954 -6.28992 -2.95747 3.64228 -6.66029 -1.32722 3.44707 -6.66604 -0.548748 3.24073 -6.58296 -0.343271 3.03463 -6.58598 -0.34471 3.2416 -6.58283 -1.53561 2.83219 -6.65456 -1.33333 3.85911 -6.65373 -0.141698 2.83242 -6.58676 -0.140992 3.03709 -6.57553 -2.76322 4.10933 -6.56654 -2.34889 4.08811 -6.58857 -2.14987 4.10785 -6.32754 -2.3524 4.11198 -6.33868 -1.17023 3.41973 -6.15444 -1.11996 3.23628 -6.10832 -0.959801 3.02945 -6.62704 -1.73134 1.8134 -6.6021 -0.958697 2.42428 -6.64467 -2.54613 3.44943 -6.6383 -2.14813 3.84761 -6.22154 -1.92161 3.65342 -6.13833 -1.93606 2.62696 -6.02418 -1.92445 2.67642 -5.97305 -1.75248 2.61885 -5.88417 -0.543833 3.86302 -6.55195 -1.20287 2.17982 -5.89224 -1.2216 2.14781 -5.74477 -1.33661 2.23721 -5.87697 -0.75604 2.62466 -6.6294 -0.13145 3.24403 -6.56957 -1.34193 4.02281 -6.21646 -1.51633 3.85539 -6.0881 -1.53882 4.04439 -6.12027 -2.14717 2.62902 -6.64944 -2.35191 2.62854 -6.6414 -2.36192 3.44141 -6.63413 -2.96544 2.42388 -6.64675 -1.92822 3.8639 -6.19727 -2.14956 4.03898 -6.21519 -1.93132 4.02962 -6.20727 -1.73421 3.63598 -5.68051 -1.69121 3.80312 -5.71324 -1.53761 3.64733 -5.66465 -0.742855 2.42822 -6.63467 -1.75327 4.05236 -6.11193 -1.80963 3.85863 -6.07209 -0.957509 4.03519 -6.20529 -0.750927 4.03392 -6.196 -2.34918 4.05346 -6.21302 -1.13904 1.80359 -6.62578 -1.14471 2.01677 -6.62373 -1.33134 2.01542 -6.61296 -2.35042 1.81238 -6.62975 -1.14937 2.22787 -6.62598 -1.53597 2.2301 -6.62561 -1.53561 2.01636 -6.60618 -1.74292 2.21604 -6.63204 -2.55539 2.62854 -6.64782 -0.961997 2.21811 -6.63275 -2.35072 2.42664 -6.63389 -1.25322 3.49086 -6.13556 -1.20847 3.39616 -5.89742 -1.28086 2.15673 -5.73425 -0.341006 2.63224 -6.60129 -0.549063 2.62838 -6.61686 -0.3462 2.4235 -6.6141 -1.33205 1.81185 -6.61475 -0.548829 2.83289 -6.60954 -1.55443 2.67403 -5.74262 -1.54295 2.83516 -5.69116 -0.758713 3.85809 -6.55814 -1.73926 2.01558 -6.61034 -3.17229 2.63128 -6.64057 -1.38849 2.06934 -5.79393 -1.52888 2.06041 -5.78683 -1.15185 3.84739 -6.60171 -1.33235 2.82963 -6.64339 -1.14112 3.01757 -6.25997 -0.943688 3.18951 -6.23228 -1.19997 3.10482 -6.16818 -1.24932 3.15453 -6.03093 -1.1404 3.64739 -6.61609 -1.997 3.4421 -6.12101 -2.14938 3.44643 -6.23892 -2.00676 3.49386 -6.24303 -0.753726 3.44461 -6.21391 -0.753491 3.64911 -6.20205 -0.549377 3.44484 -6.20755 -1.35259 3.59711 -5.88975 -1.41719 3.57839 -5.72301 -0.964961 3.44015 -6.59075 -0.957996 3.64903 -6.58268 -2.10135 3.23548 -5.88906 -2.1076 3.23837 -6.12411 -0.949276 3.85475 -6.57792 -2.56332 3.64823 -6.22075 -2.47901 3.57729 -6.2293 -2.01192 3.63156 -6.23342 -0.957604 3.64911 -6.21182 -1.52641 4.07845 -6.34298 -1.32898 4.07683 -6.33819 -1.9452 4.09921 -6.32358 -1.94415 1.81209 -6.61374 -1.27806 3.03109 -6.11058 -1.54383 3.66961 -5.88156 -1.26525 2.97157 -6.26996 -1.32264 2.8162 -6.31083 -1.90307 3.63399 -5.89546 -1.85911 3.57977 -5.75888 -2.34568 3.04348 -6.23225 -2.35238 3.24073 -6.23424 -2.18254 3.02445 -6.23586 -0.757962 3.23558 -6.58024 -0.349144 2.8332 -6.59593 -1.15566 4.00889 -6.52415 -1.54304 2.22817 -5.85831 -0.753095 3.44524 -6.57086 -0.543663 4.03056 -6.53909 -1.4076 2.33611 -5.98478 -1.53258 2.35143 -5.96865 -1.34528 2.63024 -6.34096 -1.31606 2.4392 -6.32222 -2.37803 3.71194 -6.22363 -2.55453 4.05221 -6.20972 -1.85911 3.74656 -5.96725 -2.1121 2.62941 -6.12402 -0.982518 3.27752 -6.22238 -1.15701 2.43296 -6.32167 -1.1691 2.62298 -6.31367 -0.344872 3.4457 -6.57531 -2.35254 3.44531 -6.23458 -0.746858 3.64811 -6.56514 -1.32773 3.03788 -5.86884 -1.76605 3.45469 -5.61492 -1.913 3.41886 -5.70146 -1.74046 3.04266 -5.71465 -1.54097 3.04121 -5.68683 -1.73139 2.836 -5.71932 -1.26976 2.26457 -6.12064 -1.37152 2.40379 -6.13602 -1.74312 3.84011 -5.89036 -1.81562 3.69784 -5.80884 -1.28392 3.48342 -5.85548 -1.33541 3.6415 -6.14384 -1.7283 4.07939 -6.33289 -0.756244 3.28094 -6.2233 -0.95397 3.43725 -6.21909 -1.34612 2.82609 -5.87721 -1.40893 2.85535 -5.7499 -1.97688 3.02663 -6.05503 -2.55265 4.1191 -6.34778 -1.31366 2.00558 -5.73956 -1.19973 2.01045 -5.74503 -1.75277 3.24137 -5.63712 -1.94389 3.26504 -5.69686 -1.19057 3.45877 -6.24397 -1.14717 3.65378 -6.22021 -1.48532 3.66861 -6.05946 -2.18805 3.252 -6.23502 -2.75992 4.10991 -6.33103 -0.553187 4.06348 -6.33394 -2.10094 3.0516 -6.131 -1.97548 3.18283 -5.86336 -2.55641 3.85299 -6.2084 -1.73634 2.07192 -5.7951 -1.74599 2.21289 -5.88532 -1.35474 3.43486 -5.70183 -1.53233 3.24037 -5.63648 -2.34773 3.84428 -6.21502 -1.98853 3.44893 -5.86625 -2.50578 3.44437 -6.22928 -2.06243 3.3585 -6.22281 -2.76193 4.03764 -6.20435 -1.2107 3.30226 -5.73755 -1.24861 2.29567 -6.2548 -1.24677 3.47976 -6.24726 -0.745152 3.85876 -6.19226 -1.21275 3.59987 -6.23259 -0.549456 4.0394 -6.19131 -1.617 3.81983 -5.90999 -2.08356 2.79875 -6.17803 -1.69035 2.67946 -5.74669 -1.81143 2.58144 -6.0328 -1.83015 2.78937 -5.79711 -1.86027 3.10881 -5.74616 -1.53664 3.43993 -5.6148 -1.53354 1.82135 -5.73535 -1.5472 1.95885 -5.75646 -1.40077 3.05456 -5.74396 -1.61991 3.79571 -5.71719 -2.35278 -2.64447 -6.62166 -2.14858 -2.64439 -6.61627 -2.35262 -2.44098 -6.61467 -0.548967 -1.79526 -6.26204 -0.345163 -1.79641 -6.2606 -0.548145 -1.83791 -6.12372 -0.956137 -2.64249 -5.97387 -0.753569 -2.84859 -5.96588 -0.962469 -2.84506 -5.96218 -0.481358 -2.0715 -5.53805 -0.377074 -2.06921 -5.5352 -0.392834 -2.15553 -5.54007 -1.33065 -3.64821 -6.13314 -1.53587 -3.64528 -6.12224 -1.34041 -3.43656 -6.0814 -2.55799 -2.65381 -6.62242 -2.76566 -2.84271 -6.63232 -2.55391 -2.84009 -6.63661 -2.14272 -3.24975 -6.63933 -2.35175 -3.25658 -6.65292 -2.14843 -3.46116 -6.64893 -1.31846 -1.82644 -6.0893 -1.39385 -1.59096 -5.99042 -1.28952 -1.63219 -6.06967 -2.96504 -0.807528 -6.2675 -2.76061 -0.807213 -6.27117 -2.76029 -1.01117 -6.27657 -2.35599 -3.65031 -6.60356 -2.35246 -3.46124 -6.65495 -2.55315 -3.65472 -6.58196 -1.23339 -0.796319 -6.17398 -1.24809 -0.677947 -6.02927 -1.20745 -0.599913 -6.11876 -0.549177 -1.85436 -5.88896 -0.489515 -1.91072 -5.73535 -0.549468 -2.02681 -5.6647 -2.95937 -3.45832 -6.64474 -3.1715 -3.25713 -6.63224 -3.1743 -3.46447 -6.63094 -0.729159 -1.8646 -6.11456 -0.662926 -1.88828 -5.97307 -0.684136 -2.04033 -5.90843 -0.872557 -2.52533 -5.99669 -0.75555 -2.64087 -5.96297 -2.14632 -2.23963 -6.26044 -2.14741 -2.03181 -6.27911 -2.03207 -2.20227 -6.24955 -1.97099 -2.23244 -6.09886 -2.0347 -2.37429 -6.11379 -2.55547 -3.2567 -6.12836 -2.76191 -3.25815 -6.08339 -2.55676 -3.05289 -6.06485 -3.04765 -2.43954 -6.25854 -3.06293 -2.25524 -6.25641 -1.53648 -3.46124 -6.64116 -1.54285 -3.25428 -6.6331 -1.73861 -3.45685 -6.64022 -1.77542 -2.30918 -5.97649 -1.73643 -2.43809 -5.91121 -1.92388 -2.30778 -5.97692 -1.56262 -1.42421 -6.04509 -1.464 -1.4238 -5.988 -1.45698 -1.59286 -5.99347 -1.74154 -0.799644 -5.94234 -1.73244 -0.605954 -5.90578 -1.52113 -0.795164 -5.95846 -2.9652 -1.42003 -6.27255 -2.9641 -1.62445 -6.27499 -2.96433 -3.05286 -6.63866 -1.13072 -1.63615 -6.26406 -1.19935 -1.5984 -6.19038 -1.12076 -1.41461 -6.25968 -2.10276 -1.42214 -6.15966 -2.01531 -1.19828 -6.07271 -2.01665 -1.42083 -6.04875 -2.16395 -3.26494 -6.09266 -2.16291 -3.05753 -5.91441 -2.11879 -3.18871 -5.96495 -2.76037 -3.05222 -6.64216 -2.24175 0.202756 -6.11203 -2.15141 0.212789 -5.89759 -2.21048 0.00228332 -6.11451 -2.35223 -0.807525 -6.26923 -2.14273 -0.606412 -6.2645 -2.14732 -0.807842 -6.2678 -0.545468 -3.62236 -6.16339 -0.750259 -3.67627 -6.34654 -0.747739 -3.61407 -6.16474 -0.755078 -3.25668 -6.0618 -0.969975 -3.13303 -6.00759 -0.734651 -3.11898 -6.01355 -0.33546 -3.24689 -6.09052 -0.336492 -3.44679 -6.10934 -0.547277 -3.26133 -6.04421 -1.33195 -3.65917 -6.5843 -1.33468 -3.45816 -6.62624 -1.53642 -3.66527 -6.58224 -2.1487 -1.21136 -6.26436 -2.35199 -1.21568 -6.27775 -2.35254 -1.01211 -6.27304 -1.73973 -3.66837 -6.34131 -1.53593 -3.67084 -6.34052 -2.32581 -2.03319 -6.2669 -2.34414 -1.81396 -6.26804 -1.94408 -3.46029 -6.64441 -1.94468 -3.64966 -6.57798 -2.5561 -1.21552 -6.27619 -0.549926 -1.01141 -6.26225 -0.753726 -1.01109 -6.26086 -0.739258 -0.82097 -6.25816 -2.55443 -2.44696 -6.02034 -2.62458 -2.35923 -5.96936 -2.58525 -2.22516 -5.91383 -2.55705 -2.44052 -6.61764 -2.55191 -2.23114 -6.60491 -2.76131 -2.44004 -6.60869 -1.23017 -1.01456 -6.19065 -1.2189 -1.22402 -6.16782 -1.28094 -1.0127 -6.07039 -0.141228 -1.62422 -6.26934 -0.345894 -1.62367 -6.27717 -2.55673 -3.05302 -6.64768 -1.14222 -1.21272 -6.26304 -2.7599 -3.46029 -6.65453 -2.55705 -3.4614 -6.65743 -2.5561 -3.25697 -6.65504 -0.964572 -2.22737 -6.26798 -0.93099 -2.29415 -6.17244 -1.04265 -2.35523 -6.22968 -1.5361 -3.45556 -6.03921 -2.76022 -1.62422 -6.27514 -2.75143 -1.7435 -6.25284 -2.35293 -3.05176 -6.64667 -0.546641 -2.44199 -5.87851 -0.712907 -2.43516 -5.95973 -0.594769 -2.27492 -5.8007 -1.15222 -3.25478 -6.626 -1.13784 -3.04418 -6.60651 -1.3274 -3.24814 -6.6357 -2.15741 -2.84975 -6.62473 -2.35605 -2.83763 -6.63399 -0.534637 -2.2349 -5.6641 -1.70267 -1.61949 -6.04643 -1.79173 -1.61175 -5.97919 -1.68549 -1.42656 -6.03955 -1.94331 -3.26138 -6.62728 -1.94558 -2.65229 -6.59967 -1.94408 -2.4402 -6.61274 -0.625723 -1.96649 -5.81469 -2.55649 -1.01054 -6.27469 -2.55689 -0.806974 -6.27241 -2.75961 -3.66204 -6.57109 -2.7594 -3.68408 -6.34549 -2.96859 -0.593815 -6.2589 -2.14622 -3.04881 -6.63104 -2.96536 -3.25658 -6.64763 -1.15952 -2.03143 -6.27551 -0.956586 -2.03197 -6.27897 -2.76146 -2.6459 -6.61592 -2.76116 -3.25666 -6.64984 -2.74674 -2.27197 -5.84772 -2.93178 -2.2069 -5.66837 -2.75508 -2.21439 -5.6544 -1.81299 -1.77406 -5.9924 -1.53673 -2.8457 -5.88415 -1.74418 -2.8464 -5.86153 -1.7415 -2.64091 -5.8353 -2.55548 -2.84843 -6.0316 -2.36135 -3.06459 -6.0428 -1.32419 -2.03014 -6.10041 -1.23692 -1.81479 -6.2193 -2.3562 -0.199432 -6.25684 -2.34319 0.0116254 -6.25406 -2.19277 -0.203894 -6.26006 -2.14232 -1.01621 -6.26994 -1.73602 -3.65216 -6.58181 -0.549457 -1.62438 -6.2814 -0.549062 -1.42034 -6.27833 -1.53277 -3.05876 -6.62461 -1.73979 -3.26811 -6.62455 -1.15213 -2.43787 -6.12016 -1.33346 -2.43011 -5.91852 -1.25194 -2.36334 -6.10659 -2.37915 -2.83644 -6.02202 -2.35785 -2.64062 -6.02138 -2.29524 -2.86089 -5.98297 -1.34069 -2.84456 -5.88896 -1.32899 -2.64928 -5.86263 -1.14088 -2.82643 -5.9208 -1.52854 0.00896731 -5.84122 -1.53965 0.215352 -5.85799 -1.33687 0.221085 -5.80445 -1.74036 -3.05215 -6.61549 -1.14757 -3.45046 -6.62201 -1.33766 -3.05946 -6.62162 -1.73787 -2.84192 -6.59978 -1.53679 -2.84765 -6.60658 -1.74256 -2.64845 -6.59905 -0.173015 -2.2287 -5.90188 -0.20952 -2.37834 -5.92952 -0.344715 -2.43395 -5.88918 -1.74056 0.393279 -5.83592 -1.53731 0.393279 -5.856 -0.95812 -3.61287 -6.15361 -2.96223 -3.24221 -6.12803 -2.76092 -3.461 -6.10317 -3.04087 -2.6587 -6.27296 -3.17544 -2.63713 -6.29328 -2.97122 -2.43307 -6.11088 -2.92786 -2.36147 -5.94808 -2.75943 -2.37068 -5.9514 -2.04602 -0.822962 -6.25056 -2.04094 -0.970985 -6.24749 -1.94476 -3.04844 -6.60826 -2.76077 -1.41955 -6.27383 -0.784901 -2.23168 -6.11266 -0.708025 -2.22511 -5.90902 -0.802057 -2.39948 -6.02633 -1.53569 -2.43988 -6.61006 -1.73996 -2.44051 -6.62118 -1.53577 -2.6436 -6.60713 -2.27257 -3.02521 -5.98434 -0.753334 -0.603415 -6.2602 -0.957209 -0.603654 -6.266 -0.957212 -0.398908 -6.26659 -0.948325 -3.66155 -6.56535 -0.949632 -3.45976 -6.60015 -0.774514 -2.0321 -6.11618 -1.32914 -2.84559 -6.60511 -1.32664 -3.67585 -6.33252 -1.72976 -1.83302 -6.04193 -2.04787 -0.666722 -6.11901 -2.07131 -0.584297 -6.11161 -3.16668 -2.23449 -6.28326 -2.761 -1.76288 -6.12523 -2.538 -1.7975 -6.09912 -2.59622 -1.83211 -5.90857 -1.72408 0.00919314 -5.8153 -1.73099 -0.202021 -5.82838 -1.95686 0.00731738 -5.80216 -1.66811 -2.36574 -6.0245 -1.72235 -2.228 -6.05171 -2.96553 -3.66975 -6.57376 -3.17105 -3.66582 -6.57482 -1.73956 -3.6427 -6.12449 -2.1488 -3.64965 -6.58088 -2.35246 -3.66645 -6.34123 -2.14208 -3.67217 -6.34001 -0.148965 -3.16353 -6.24487 -0.260686 -3.04866 -6.2551 -2.16401 -0.401881 -6.26543 -2.10801 -0.4017 -6.11425 -2.0229 -1.83256 -6.25701 -1.97197 -1.83622 -6.09703 -1.95196 -2.03224 -6.10157 -1.53687 -3.26192 -6.06924 -1.54168 -3.11855 -6.03776 -1.33014 -3.11325 -6.02825 -1.94374 -3.64404 -6.12645 -2.16253 -2.84511 -5.90885 -1.94799 -3.05436 -5.86072 -2.96011 -3.64839 -6.15603 -2.96957 -3.45467 -6.11763 -2.76311 -3.65643 -6.14632 -2.5646 -2.03484 -5.89082 -2.64529 -2.04652 -5.71288 -0.957447 -0.807685 -6.26875 -2.34324 -2.42643 -6.0547 -2.55388 -2.63162 -6.02008 -1.739 -3.44954 -6.04513 -1.73055 -3.25975 -6.04625 -0.258391 -2.85116 -6.25425 -0.342806 -2.84787 -6.10684 -0.251412 -2.69731 -6.2467 -2.76788 -2.4703 -6.02154 -0.313745 -2.01242 -5.64611 -1.15493 -2.84905 -6.59228 -1.9471 0.394695 -5.82182 -1.72833 0.214826 -5.82181 -1.95806 0.213698 -5.80175 -0.209547 -2.41029 -6.14723 -0.226209 -2.55927 -6.22243 -0.317974 -2.64097 -6.10079 -1.94236 -3.44897 -6.05668 -2.96536 -2.6425 -6.13248 -1.53779 -0.4017 -5.88144 -1.54344 -0.193159 -5.85839 -1.32616 -0.404332 -5.86277 -1.15115 -3.65736 -6.58076 -1.14513 -3.67881 -6.32878 -3.08976 -2.17017 -6.09627 -3.10051 -2.03022 -5.96236 -3.08724 -2.17685 -5.96853 -1.32224 0.00376238 -5.80463 -1.33047 -0.195959 -5.82312 -1.94462 -2.84839 -6.59879 -2.97617 -2.23709 -5.88361 -2.99569 -3.0565 -6.28598 -2.92286 -3.04434 -6.15859 -1.13876 -2.64879 -5.88684 -2.35287 -3.64172 -6.12548 -2.14736 -3.64154 -6.12876 -2.40882 -1.83702 -6.14822 -2.14738 0.400904 -5.90261 -0.967097 -2.42927 -6.0764 -0.124748 -2.44101 -6.26364 -0.131664 -2.22732 -6.12543 -1.19446 -2.48738 -5.95393 -2.3527 -1.62414 -6.2799 -2.55634 -1.62367 -6.27664 -2.55634 -1.41955 -6.27668 -2.20804 -2.62615 -6.02278 -2.14451 -2.64245 -5.8979 -2.55689 -0.398594 -6.26219 -2.55665 -0.603258 -6.26845 -2.77006 -0.39929 -6.258 -2.48961 -2.23582 -6.04947 -2.07201 -1.24697 -6.17321 -0.280577 -2.28809 -5.80556 -0.331169 -2.24901 -5.64802 -0.226617 -2.16852 -5.75001 -0.957996 -1.41995 -6.27369 -0.958 -1.8277 -6.27477 -0.761293 -1.81929 -6.26625 -1.09494 -0.194116 -6.11907 -1.08062 -0.223125 -6.2561 -1.1569 -0.402881 -6.11336 -2.14867 -2.43957 -6.61104 -2.76838 -2.6393 -6.03502 -2.65062 -1.91299 -5.75255 -2.74719 -2.01133 -5.61017 -2.7707 -1.87781 -5.71214 -2.02219 -0.811801 -6.10877 -1.15569 -2.237 -6.26863 -1.24095 -2.32121 -6.2224 -1.31126 -2.2368 -6.10011 -1.15684 -0.806934 -6.26541 -0.957604 -1.01133 -6.26843 -1.15605 -1.01134 -6.26478 -0.759045 -3.67766 -6.54854 -0.754115 -3.46069 -6.57909 -1.24677 -2.20278 -6.23174 -1.14443 -2.9964 -5.98492 -0.549219 -0.807055 -6.25852 -0.334566 -1.00743 -6.25853 -1.3261 -0.600151 -5.91798 -2.1517 -2.43798 -6.1165 -3.1697 -2.84797 -6.30362 -3.02515 -2.8519 -6.27995 -2.00384 -1.01963 -6.10824 -1.54208 -0.607008 -5.92776 -1.34915 -0.795134 -5.95375 -3.14193 -2.03083 -6.1253 -0.175466 -2.02672 -5.89068 -1.14454 -3.25818 -6.07776 -1.1416 -3.09699 -6.02012 -1.07667 -2.55391 -6.0134 -1.02864 -2.55634 -6.01228 -1.27965 -1.21054 -6.04648 -2.15019 -3.44538 -6.08262 -0.957605 -1.21576 -6.26995 -2.76077 -1.21528 -6.27271 -1.33355 -3.02139 -5.97894 -2.36123 -2.23908 -6.1407 -2.42198 -2.02216 -6.15731 -0.141542 -2.84875 -6.28008 -1.33313 -3.26004 -6.09663 -0.960364 -3.03137 -5.98362 -0.760887 -3.01561 -5.98607 -2.30735 -2.17835 -6.25517 -3.16639 -3.24633 -6.15942 -3.15998 -3.45583 -6.1252 -2.22692 -0.0120788 -6.25128 -2.15946 -0.196685 -6.12271 -0.817881 -2.0396 -6.25484 -3.1664 -3.64899 -6.16949 -3.17854 -3.68984 -6.35104 -2.08102 -0.381077 -5.95175 -3.04582 -2.03869 -5.8428 -0.576721 -3.00346 -5.98953 -1.15719 -1.82656 -6.27209 -0.828123 -2.17453 -6.25267 -2.95785 -3.69096 -6.34791 -0.752861 -1.41924 -6.27527 -0.753886 -1.21536 -6.26942 -1.92865 -0.798528 -5.94596 -1.89731 -1.01304 -5.96569 -0.141914 -3.06404 -6.27561 -0.55192 -2.8444 -5.97891 -2.02427 -2.03133 -6.26031 -2.47244 -2.04802 -6.04404 -1.14239 -0.60487 -6.26419 -0.959332 -3.67329 -6.33315 -2.14788 -1.82739 -6.27782 -2.04534 -1.70887 -6.25642 -0.345264 -1.21544 -6.26445 -0.549769 -1.21583 -6.26971 -1.1159 -0.403692 -6.26397 -0.962827 -0.190851 -6.26669 -0.535616 -2.6452 -5.97127 -0.430311 -2.63139 -5.99436 -2.23957 -2.30063 -6.19993 -1.95809 -0.404246 -5.86514 -1.96051 -0.601737 -5.91532 -1.26309 -0.817808 -6.0651 -2.35302 -3.24927 -6.14631 -2.55855 -3.68344 -6.34326 -2.9738 -1.77059 -6.2533 -1.23285 -0.543354 -5.97835 -2.55303 -1.76158 -6.25397 -0.345264 -1.41955 -6.27084 -3.04508 -2.27374 -6.12406 -1.14378 -3.63682 -6.1437 -1.95339 -2.42668 -5.90491 -2.08822 -2.47848 -5.93309 -0.147686 -2.63943 -6.2727 -1.90557 -1.22064 -5.96484 -0.509936 -3.08466 -6.01025 -1.73206 -0.404977 -5.86241 -2.13767 0.0123235 -5.90302 -1.53445 -2.03593 -6.04537 -1.74222 -2.03055 -6.04173 -1.5299 -1.82895 -6.04231 -1.61205 -2.36542 -6.03304 -1.55119 -2.23214 -6.0461 -1.54057 -2.43619 -5.92348 -1.20386 -0.386149 -5.94794 -1.9539 -0.202734 -5.82294 -1.19803 -1.41771 -6.15673 -1.27803 -1.42533 -6.03877 -0.348687 -3.0519 -6.12049 -2.76084 -0.602865 -6.26399 -1.57488 -1.0145 -6.03861 -1.4845 -1.00052 -5.9723 -1.66405 -0.872582 -6.02589 -1.59945 -0.847336 -6.02229 -1.54285 -3.02022 -5.97576 -0.95741 -3.44936 -6.08641 -0.751312 -3.4605 -6.08534 -2.18113 -1.41234 -6.2621 -2.09612 -1.55577 -6.18774 -1.94415 -3.67316 -6.34162 -2.96457 -1.01211 -6.27385 -2.54913 -3.44985 -6.0986 -2.34912 -3.44207 -6.09538 -2.94857 -2.84822 -6.13644 -2.96799 -1.78314 -6.12252 -3.08874 -1.85065 -5.97113 -2.11235 -0.188175 -5.92228 -1.1628 -0.19002 -5.9174 -2.01285 -1.63649 -6.09874 -1.53589 -2.64596 -5.8428 -3.01145 -3.16757 -6.27034 -1.90265 -1.62341 -5.97929 -1.78315 -1.4161 -5.96582 -0.560107 -3.45641 -6.09234 -1.14589 -3.44241 -6.08904 -0.223944 -2.05424 -5.74328 -1.3741 -1.2179 -5.97818 -2.06298 -0.516897 -5.98483 -2.35278 -0.603179 -6.26789 -2.35269 -0.398363 -6.26689 -1.7851 -3.19105 -5.94297 -1.73511 -3.05589 -5.90188 -0.341717 -1.83799 -6.12278 -0.957367 -1.62391 -6.27393 -1.13305 -2.3674 -6.25269 -0.276771 -2.48225 -6.06895 -1.46924 -1.2156 -5.9835 -0.0844347 -2.27251 -6.25103 0.0556775 -2.23212 -6.26276 -0.754121 -1.6232 -6.27841 -2.14453 -1.62678 -6.2637 -2.35207 -1.42018 -6.27932 -2.55693 -3.65171 -6.1409 -2.96221 -0.401899 -6.25253 -0.455954 -2.89103 -6.01023 -1.24677 -2.05149 -6.2299 -1.69021 -1.21532 -6.03666 -2.11765 -2.36495 -6.23911 -0.959804 -3.25255 -6.0679 -1.93963 -3.21884 -5.94301 -1.87018 -1.77654 -5.99093 -1.68558 -1.0155 -6.03808 -1.7766 -1.00729 -5.96083 -1.91158 -1.41888 -5.96688 -2.76847 -2.8473 -6.04506 -1.65953 -3.12263 -6.02054 -1.37407 -2.31814 -5.98561 -0.335237 -1.84904 -5.87972 -1.37543 -1.00326 -5.96892 -0.366081 -1.91045 -5.73186 -1.48407 -2.31871 -5.98799 -1.37687 -1.41959 -5.98114 -2.7709 -3.05216 -6.0625 -1.55193 -1.6274 -6.04586 -1.96616 -3.3166 -6.02352 -1.56524 -1.2156 -6.04124 -1.7861 -1.21685 -5.96355 -2.95433 -2.02638 -5.65191 -0.200933 -1.8831 -5.95557 -2.64649 -2.16227 -5.73598 -1.13129 0.0106487 -5.89623 -2.92312 -1.88451 -5.72509 -0.464688 -2.15123 -5.54198 -3.3731 1.61195 -6.62439 -3.37334 1.40379 -6.6147 -3.16908 1.60726 -6.62587 -3.23483 0.0553503 -6.23417 -3.37311 0.00876963 -6.23505 -3.37271 0.213277 -6.23473 -3.16469 2.21612 -6.63551 -3.169 2.42475 -6.64081 -3.38158 2.21835 -6.63318 -3.98498 1.19959 -6.60739 -3.78157 0.99587 -6.61101 -3.78062 1.19998 -6.60981 -4.55952 -0.813009 -6.55766 -4.54834 -0.601105 -6.55267 -4.56068 -0.603725 -6.34131 -4.18948 0.798249 -6.59579 -3.98585 0.995398 -6.61012 -4.18551 0.996464 -6.59385 -4.40209 1.60872 -6.15399 -4.39803 1.81387 -6.15456 -4.18917 1.81201 -6.167 -2.96428 0.405778 -6.59182 -3.16845 0.212963 -6.58019 -2.96394 0.213199 -6.58379 -3.57075 2.22519 -6.62547 -3.57667 2.01644 -6.62292 -3.16769 0.595124 -6.59616 -3.37759 0.408525 -6.58832 -3.16865 0.400492 -6.58623 -2.92407 0.804945 -6.21649 -3.17921 0.872419 -6.22662 -3.16884 0.995478 -6.22482 -4.5436 -0.399745 -6.54326 -4.38498 -0.405024 -6.60262 -3.62382 -0.631884 -6.11119 -3.63719 -0.618771 -5.97596 -3.78631 0.00923598 -6.22201 -3.98195 -0.19927 -6.21548 -3.98521 0.00963842 -6.21097 -2.95974 -0.218677 -6.24701 -2.96289 2.20799 -6.63483 -3.16849 2.01144 -6.63115 -3.69613 -0.518209 -6.22849 -3.57761 -0.398751 -6.23354 -3.78072 2.43018 -6.62626 -3.98278 2.42441 -6.62905 -3.98537 2.22086 -6.61867 -4.38683 -0.805053 -6.60106 -3.56733 2.42927 -6.62736 -3.78824 0.788725 -6.60055 -3.78784 0.594042 -6.60399 -3.57691 0.791522 -6.60605 -2.35238 0.99595 -6.60994 -2.55587 0.78771 -6.59907 -2.34989 0.794915 -6.59662 -4.53399 0.194661 -6.52973 -4.54186 0.0105758 -6.5467 -4.38719 0.218149 -6.57131 -3.98514 2.01605 -6.62517 -3.78102 2.22016 -6.61944 -2.14827 1.20006 -6.6021 -2.35238 1.20006 -6.61262 -4.1691 -0.437931 -6.1575 -4.24147 -0.531825 -6.11525 -3.98553 0.995243 -6.20161 -4.18419 0.996207 -6.18553 -4.1871 1.20214 -6.18709 -4.50578 0.986651 -6.53407 -4.51485 0.80422 -6.51697 -4.39409 0.9955 -6.5963 -3.7811 -0.60302 -6.58286 -3.5705 -0.607875 -6.57386 -3.57824 -0.394183 -6.56496 -3.37295 0.213041 -6.57656 -4.19933 2.01702 -6.15806 -3.78468 -0.198016 -6.56118 -3.98568 -0.194951 -6.57344 -3.97889 -0.394782 -6.57001 -4.18596 0.399338 -6.56128 -4.19475 0.217836 -6.56739 -3.98576 0.213514 -6.57498 -4.40668 1.60771 -6.6138 -4.50068 1.60809 -6.51215 -4.49504 1.44218 -6.51137 -3.98369 -0.437864 -6.14545 -4.18949 -0.195891 -6.20503 -3.37863 0.993829 -6.22277 -3.57738 0.996107 -6.21942 -3.57372 1.19891 -6.22025 -3.57659 1.19975 -6.60932 -3.57722 0.995635 -6.61114 -3.37279 1.19975 -6.60896 -3.90024 -0.331105 -6.2277 -4.18965 1.60758 -6.61223 -4.42036 1.39321 -6.59282 -4.18917 1.40363 -6.60982 -3.9814 1.60673 -6.1872 -3.98365 1.81232 -6.1792 -2.35207 1.40386 -6.61966 -3.57746 1.40347 -6.61104 -3.78149 1.40434 -6.61221 -3.54021 0.202374 -6.22987 -3.50397 0.370881 -6.22828 -3.99085 -1.01817 -6.59713 -3.99091 -0.808317 -6.59846 -4.18085 -0.813245 -6.59402 -3.98639 0.796001 -6.59205 -3.57754 1.60735 -6.61658 -3.1717 1.19994 -6.22263 -3.3787 1.19204 -6.22213 -3.57387 0.583173 -6.60346 -2.76126 0.00325741 -6.19854 -2.53311 -0.0331352 -6.24366 -2.69257 -0.0759625 -6.23292 -3.17809 1.8149 -6.62655 -3.37406 1.80716 -6.63103 -3.57183 2.63159 -6.63313 -2.55681 1.19959 -6.6174 -2.5561 0.995872 -6.61419 -2.96539 0.578527 -6.59779 -2.76875 0.590649 -6.59326 -2.75825 0.783664 -6.59952 -2.96491 0.794099 -6.59664 -2.13632 0.586634 -5.92215 -1.95928 0.791753 -5.85131 -1.95596 0.589015 -5.83809 -3.8052 -0.433206 -6.1773 -3.79939 -0.203053 -6.22326 -4.53738 -0.399729 -6.199 -4.38089 -0.607861 -6.13294 -4.53479 -0.599615 -6.20681 -4.18918 0.0086927 -6.58012 -3.18703 0.222099 -6.23734 -3.78157 2.62894 -6.63266 -4.42083 1.20478 -6.57936 -4.48875 1.25257 -6.42651 -4.49343 1.1413 -6.4995 -2.76092 2.0173 -6.62023 -3.16884 1.40418 -6.61366 -2.96512 1.60837 -6.61693 -3.60468 0.410474 -6.22404 -3.77297 0.392506 -6.21835 -3.58642 0.58675 -6.22366 -3.57706 1.8113 -6.61638 -3.02218 0.602526 -6.23468 -2.97642 0.402629 -6.19397 -3.04977 0.46834 -6.22991 -4.50608 2.02883 -6.52854 -4.39453 2.01566 -6.62129 -4.50972 2.21224 -6.50946 -3.77637 0.00102368 -6.56904 -3.98458 0.00932196 -6.57469 -3.37373 2.42506 -6.63962 -3.3701 2.6335 -6.63196 -2.76069 1.19983 -6.61347 -2.76053 1.40426 -6.61715 -2.9648 1.40332 -6.61243 -3.17037 -0.133377 -6.21403 -3.17192 -0.227107 -6.23862 -3.37225 -0.194486 -6.2357 -4.40051 0.587784 -6.56298 -4.4029 0.793761 -6.583 -4.54142 0.00987974 -6.19248 -4.54672 0.210884 -6.34482 -4.53846 0.220241 -6.18598 -3.37358 1.40371 -6.21858 -3.38259 0.799061 -6.22507 -3.16602 0.772179 -6.22979 -3.16293 1.4007 -6.2217 -3.57974 -0.19753 -6.55676 -3.37789 0.00070588 -6.56824 -3.57673 -1.26884e-05 -6.56642 -3.29382 0.733097 -6.22841 -3.36811 0.583404 -6.22961 -3.97883 0.583665 -6.58852 -3.97703 0.401702 -6.59136 -4.52029 1.60737 -6.19675 -4.51308 1.81498 -6.3421 -4.51327 1.81751 -6.19966 -3.18034 0.795137 -6.59472 -3.78133 2.0162 -6.62616 -3.3785 -0.195138 -6.564 -3.16884 0.00829715 -6.5752 -2.95511 1.19516 -6.22338 -2.96423 1.41519 -6.22324 -2.74776 1.21693 -6.18342 -4.40515 2.22351 -6.61148 -2.39768 0.230656 -6.20768 -2.55614 0.214273 -6.18887 -2.55687 0.399736 -6.18194 -3.98427 -0.603493 -6.58742 -2.30925 0.185322 -6.24689 -2.34263 0.395852 -6.19112 -3.15777 -0.00383361 -6.19878 -2.97691 0.215572 -6.18505 -2.95883 0.00270604 -6.18755 -2.55649 1.40371 -6.61919 -2.55673 1.60852 -6.61562 -4.55587 0.0130788 -6.34493 -3.17086 0.401648 -6.23218 -3.16955 0.587802 -6.23215 -4.18395 0.796478 -6.17664 -4.18097 0.585155 -6.18053 -4.40049 0.793117 -6.15704 -4.19285 0.584367 -6.56871 -3.38067 2.01509 -6.6328 -3.7936 1.81451 -6.19131 -3.97884 2.01649 -6.17867 -4.18996 2.21992 -6.61635 -4.18925 2.01636 -6.62303 -2.0187 1.20139 -6.08019 -1.93481 1.19575 -5.90307 -1.95724 1.00669 -5.87971 -3.57754 1.40402 -6.2128 -3.78738 1.61306 -6.19545 -3.57691 1.60813 -6.20696 -4.39305 -0.400689 -6.18878 -3.37326 0.995635 -6.60347 -3.16002 1.19602 -6.60148 -4.19352 1.1915 -6.60018 -2.7599 1.8117 -6.61228 -2.96433 1.81217 -6.62118 -3.00819 0.759392 -6.2307 -2.93486 0.582356 -6.19736 -2.76225 1.40481 -6.12358 -3.78235 0.21312 -6.58065 -4.3939 -0.203658 -6.59337 -4.5393 -0.199086 -6.53173 -4.39926 1.82102 -6.62439 -4.50254 1.82213 -6.52873 -3.78173 1.60821 -6.61585 -3.77595 -0.38949 -6.56706 -3.37109 0.791058 -6.60124 -3.16473 0.994065 -6.59704 -2.11455 0.78894 -5.94138 -2.75279 -0.206095 -6.2525 -2.5569 -0.208877 -6.2533 -4.51725 2.01915 -6.18208 -4.51066 2.02094 -6.33841 -4.51828 2.21834 -6.18075 -3.36524 0.580999 -6.59856 -4.18957 -0.603415 -6.58614 -4.56023 -0.19448 -6.34155 -4.18933 1.81185 -6.62102 -4.52935 0.40053 -6.52657 -4.39453 0.398788 -6.56449 -3.78062 1.81201 -6.61562 -3.98482 1.81225 -6.61895 -2.96079 0.998856 -6.22456 -2.77305 0.993255 -6.1978 -4.18782 -1.00422 -6.59845 -2.95633 0.996578 -6.59412 -3.78133 0.386009 -6.60182 -1.74792 1.19966 -5.80995 -3.78042 -0.808823 -6.59699 -3.98498 1.1999 -6.20501 -3.99248 1.41058 -6.19531 -4.18933 1.60711 -6.17461 -4.39136 -0.193694 -6.18687 -3.98521 1.40363 -6.61693 -4.40544 0.00303043 -6.58853 -3.98576 1.60829 -6.61953 -2.9728 2.01817 -6.6284 -4.5398 0.391954 -6.32428 -2.55959 1.20404 -6.10794 -4.52197 1.4026 -6.19686 -4.51972 1.19834 -6.19887 -4.51424 1.1975 -6.33317 -4.18964 2.42404 -6.61718 -4.52085 0.580544 -6.51732 -3.57891 0.398909 -6.59687 -4.51832 0.797117 -6.34852 -4.53066 0.587798 -6.34202 -2.96254 1.20362 -6.59481 -3.69613 -0.156247 -6.22822 -3.57723 -0.195347 -6.23167 -4.19356 -0.391343 -6.58792 -3.10388 0.179439 -6.21238 -2.77054 0.796274 -6.17897 -2.76029 0.995477 -6.60882 -3.78212 1.40402 -6.20352 -3.98561 0.213199 -6.20574 -4.1818 0.402439 -6.18421 -3.98454 0.400681 -6.20463 -2.76077 0.587566 -6.17148 -2.761 1.60774 -6.61251 -2.57112 0.0406406 -6.20851 -2.76199 0.203629 -6.18571 -3.37304 0.400493 -6.23065 -4.19516 0.0140759 -6.19369 -4.38462 0.00240148 -6.17937 -3.7807 1.19975 -6.21323 -3.57465 0.793255 -6.222 -3.78157 0.790972 -6.21019 -3.78118 0.99532 -6.21122 -4.40644 -0.601364 -6.59248 -4.19722 -0.201361 -6.58682 -2.14851 1.40363 -6.60627 -3.16908 -0.1959 -6.57111 -2.94085 1.61466 -6.19417 -3.99654 0.79039 -6.19399 -3.99233 0.593067 -6.19799 -3.98189 -0.501373 -5.97236 -3.169 -0.3993 -6.24413 -3.37311 -0.39993 -6.23977 -4.42036 -0.808309 -6.11592 -3.57217 0.004853 -6.2315 -3.69613 -0.0574067 -6.22782 -2.22131 0.594911 -6.08919 -2.18378 0.798091 -6.10522 -3.57738 0.214135 -6.58108 -3.78126 0.587169 -6.21211 -2.96472 0.00939961 -6.57755 -4.52065 1.0016 -6.19717 -4.39375 1.19874 -6.16526 -4.39383 0.99595 -6.1673 -3.77731 0.21286 -6.22061 -3.6357 0.231409 -6.22566 -4.50495 1.6142 -6.32867 -1.75378 0.79132 -5.80054 -1.74533 0.585187 -5.81128 -4.5141 0.994118 -6.34074 -4.53405 0.397284 -6.18226 -3.72331 -0.54436 -6.13819 -2.97944 -0.12526 -6.21627 -4.1854 0.211344 -6.18631 -4.55629 -0.398589 -6.34186 -2.13665 1.00787 -6.11176 -4.51165 2.21448 -6.34224 -2.34342 0.580723 -6.18212 -2.5561 0.791284 -6.17423 -2.35191 0.790892 -6.1756 -2.82888 -0.109923 -6.2225 -4.5244 0.583159 -6.1788 -4.52275 0.784488 -6.18561 -4.39922 0.59246 -6.15659 -4.18173 1.40067 -6.18183 -3.458 0.65828 -6.22723 -4.50485 1.40295 -6.32822 -3.37311 1.60813 -6.21299 -2.3523 0.995239 -6.17875 -3.98395 -0.594928 -5.87682 -4.56213 -0.809583 -6.3292 -4.53611 -0.195148 -6.19889 -2.15783 1.41504 -6.18641 -2.01536 1.40519 -6.09917 -2.24636 0.401575 -6.08362 -1.75251 0.997541 -5.80372 -4.39936 0.216247 -6.16474 -3.16939 1.60837 -6.21642 -3.66211 0.0771224 -6.22682 -2.55696 0.995635 -6.17747 -2.76099 0.40087 -6.17869 -2.55657 0.586701 -6.17436 -4.34116 -0.615057 -5.97144 -3.8136 -0.503329 -5.95503 -3.37071 -0.609727 -6.24812 -4.39035 2.01246 -6.14382 -3.57667 1.81122 -6.20255 -1.52741 0.787409 -5.79816 -2.13632 1.20161 -6.18046 -2.36778 1.21211 -6.17053 -2.37027 1.41236 -6.11499 -4.40108 0.397874 -6.15814 -4.15975 -0.502692 -5.95025 -4.4016 1.4111 -6.15743 -2.55335 1.39499 -6.01676 -2.08634 0.970985 -5.95517 1.02643 -3.3429 -6.22371 0.903147 -3.24006 -6.27003 1.08501 -3.25387 -6.27751 0.9718 -0.892418 -6.01227 0.848833 -1.00863 -5.94389 0.875292 -0.806946 -5.92829 1.2222 -3.59945 -6.20372 1.08739 -3.69096 -6.34556 1.08074 -3.62063 -6.18561 0.047036 -1.82937 -6.25324 0.0572667 -2.02096 -6.18363 -0.0844375 -2.03384 -6.10998 -0.753569 -2.43989 -6.54571 -0.537135 -2.43512 -6.53217 -0.543591 -2.24407 -6.5354 -0.550842 -3.25663 -6.5427 -0.557532 -3.05033 -6.52649 -0.758007 -3.05627 -6.5494 -0.549614 -2.03165 -6.54726 -0.753176 -2.03299 -6.54468 0.883128 -3.46915 -6.55875 1.08599 -3.45674 -6.56487 0.879734 -3.25705 -6.55352 1.09033 -3.44592 -6.16237 0.837967 -3.28941 -6.19559 0.669752 -1.21847 -6.51407 0.8825 -1.21467 -6.51302 0.676899 -1.01404 -6.52819 0.0643947 -2.44124 -6.52839 0.0554149 -2.24376 -6.52442 -0.14935 -2.43755 -6.53016 -0.951769 -3.05152 -6.57842 0.0729502 -2.84819 -6.2676 0.15737 -2.64529 -6.2224 0.172258 -2.76346 -6.2224 1.23802 -3.46088 -6.50506 1.22933 -3.2608 -6.34462 1.2307 -3.25641 -6.50091 0.885286 -3.70414 -6.33974 0.397435 -3.21316 -6.25655 0.278451 -3.24438 -6.27502 0.277633 -3.05913 -6.28383 0.47083 -3.04639 -6.53303 0.679362 -2.8527 -6.51906 0.470795 -2.84764 -6.51968 0.679909 -2.83239 -6.17541 0.675302 -2.64044 -6.12451 0.847168 -2.81764 -6.19291 -0.141304 -2.64501 -6.53258 -0.137431 -2.83718 -6.52813 0.0610027 -2.8477 -6.52142 0.475251 -2.22581 -6.52219 0.271362 -2.03344 -6.52885 0.267989 -2.23289 -6.52096 1.25527 -3.45781 -6.33368 -0.135147 -1.62593 -6.56748 -0.13188 -1.41457 -6.572 -0.346427 -1.63031 -6.57302 0.467259 -2.03905 -6.53385 0.672752 -2.23294 -6.51518 -0.145241 -1.01493 -6.25211 -0.138252 -1.2132 -6.25711 0.266596 -1.82725 -6.52763 0.0610684 -2.03426 -6.5208 0.881507 -1.62438 -5.96589 0.677638 -1.82088 -5.9522 0.676722 -1.62509 -5.93861 1.08221 -0.808315 -6.09831 1.06047 -0.614951 -6.1283 1.16592 -0.813088 -6.34652 -0.544942 -3.45341 -6.57013 0.889517 -1.41826 -6.48958 0.267314 -1.01094 -6.54213 0.0633598 -1.01188 -6.54675 0.26653 -1.2163 -6.55006 0.0585906 -1.22095 -6.25127 0.0624104 -1.01109 -6.24572 0.248738 -1.01462 -6.24277 0.873989 -1.82907 -6.52329 0.880512 -2.02914 -6.50317 1.02991 -1.82917 -6.48336 0.671055 -2.02967 -6.52686 1.09755 -1.01878 -6.50577 0.885206 -1.01687 -6.52224 0.116414 -2.21553 -6.19764 0.25735 -2.23393 -6.07003 0.155851 -2.42945 -6.20769 -0.341008 -3.05678 -6.5284 -0.351764 -3.24984 -6.54583 -0.143186 -3.038 -6.53865 1.20213 -1.61329 -6.30016 1.2077 -1.42319 -6.29297 1.16253 -1.41293 -6.36976 0.061696 -1.61592 -6.55696 1.09424 -1.20948 -6.49831 0.0724612 -3.46356 -6.56716 -0.140581 -3.44781 -6.57086 0.0687067 -3.65829 -6.53678 0.48252 -1.6271 -6.53367 0.26653 -1.62281 -6.5452 0.674972 -1.20564 -5.9625 0.868855 -1.42873 -5.97228 0.678724 -1.4053 -5.94363 -0.341155 -2.23755 -6.52992 -0.135301 -2.23476 -6.52911 -0.135908 -2.02806 -6.52705 -0.137948 -3.2588 -6.55778 0.870742 -2.6422 -6.148 0.319585 -0.80845 -6.11039 0.480256 -0.81411 -5.95906 0.352125 -0.892418 -5.9994 -1.14066 -2.02933 -6.57555 -0.952749 -2.23553 -6.56487 -0.966108 -2.03243 -6.55885 0.89016 -2.43751 -6.49763 1.03562 -2.22451 -6.46898 0.875015 -2.23245 -6.49581 -0.543091 -3.68004 -6.53977 -0.545523 -3.68283 -6.34265 -0.35535 -3.67646 -6.34273 1.05916 -1.62101 -6.47512 1.15197 -1.63666 -6.40167 -0.345106 -1.42003 -6.58496 0.676738 -1.82643 -6.52954 0.472863 -1.82518 -6.53426 -0.551999 -1.63294 -6.56938 1.11191 -1.62233 -6.11193 1.19537 -1.81903 -6.27099 0.469311 -3.67675 -6.53609 0.467947 -3.45119 -6.56754 0.264249 -3.46122 -6.55231 -0.963967 -3.25659 -6.59076 0.226655 -1.6239 -6.06387 0.347908 -1.46609 -5.98883 0.33049 -1.62535 -5.98045 1.10512 -2.49458 -6.49072 -0.134108 -1.81128 -6.25472 -0.142833 -1.88771 -6.11722 0.666017 -2.10109 -6.01684 0.675399 -2.0069 -5.97585 0.925512 -2.07146 -6.00998 -0.952196 -2.44007 -6.56496 -1.14527 -2.64533 -6.58397 -0.959019 -2.64673 -6.5618 -0.34676 -2.63897 -6.52922 0.0657459 -2.44386 -6.26803 0.676956 -1.41964 -6.50962 0.0617808 -2.64502 -6.52748 0.267158 -2.64447 -6.51533 0.267784 -2.44036 -6.51997 0.0619396 -3.0424 -6.54253 0.271135 -3.04524 -6.54232 0.259382 -2.85791 -6.52334 1.08009 -3.68227 -6.54038 0.871454 -3.68344 -6.5393 0.939519 -3.75149 -6.4798 0.679247 -1.61543 -6.51237 -0.347509 -3.63323 -6.15282 0.472993 -3.61566 -6.17943 0.474435 -3.68751 -6.33778 0.265051 -3.67738 -6.34113 0.481724 -1.21496 -6.5355 -0.75365 -2.23633 -6.54964 1.22189 -2.84555 -6.37354 1.22047 -3.05275 -6.37601 1.08512 -3.05215 -6.29014 -1.33298 -2.44035 -6.59575 -1.33699 -2.23793 -6.59317 0.0534498 -1.62496 -6.25697 0.676553 -0.808306 -6.5418 0.472137 -1.01196 -6.53632 1.22495 -3.46648 -6.18945 -0.753491 -1.82778 -6.54965 0.292587 -1.22333 -6.13119 0.345159 -1.00309 -6.13531 0.891382 -1.62593 -6.49398 1.16199 -1.22178 -6.32233 0.0582067 -3.24985 -6.56392 0.0723885 -2.64385 -6.26794 0.26166 -3.66316 -6.53069 -1.3299 -2.64559 -6.59846 -0.141462 -3.66954 -6.34131 0.471191 -3.25705 -6.5508 0.471191 -2.64439 -6.51941 0.0692091 -1.42491 -6.56193 -0.748611 -2.84535 -6.54372 -0.950993 -2.84679 -6.56693 0.856624 -2.00351 -5.98619 1.10467 -1.8317 -6.10292 0.888056 -1.82603 -5.97315 0.998486 -1.76104 -5.99629 -1.5353 -2.23617 -6.61269 1.11514 -2.87057 -6.26463 1.15992 -2.65638 -6.26649 0.465627 -1.62362 -5.94694 0.47521 -1.82575 -5.95268 -0.341604 -1.82004 -6.554 -0.141211 -1.82391 -6.5484 0.881952 -2.23935 -6.0302 0.386144 -2.72944 -6.23074 0.352125 -2.72944 -6.24726 0.269946 -2.64063 -6.16154 0.469615 -1.41774 -5.96103 0.250048 -2.79762 -6.20752 0.875533 -3.44313 -6.14038 0.675338 -3.4526 -6.121 0.0783951 -3.17294 -6.25135 0.0649106 -3.26366 -6.15753 0.665684 -2.44901 -6.08877 1.08484 -2.62355 -6.50253 0.883252 -2.63868 -6.51034 -0.540805 -1.81751 -6.55756 -0.337622 -2.0326 -6.53311 -0.142055 -3.24379 -6.14975 -0.133934 -3.45095 -6.1168 1.0519 -1.22134 -6.14668 1.05339 -1.00649 -6.133 0.060279 -1.82565 -6.52771 1.20144 -2.51392 -6.48511 1.20564 -2.44162 -6.34887 0.482129 -2.8386 -6.16859 0.466752 -2.64619 -6.11279 1.18919 -0.722323 -6.46053 1.20388 -0.799825 -6.32211 0.674669 -3.46627 -6.56209 1.21972 -2.85119 -6.4945 1.095 -2.84606 -6.52178 1.22692 -3.05204 -6.4847 1.07858 -3.05742 -6.52484 1.09224 -3.25135 -6.54597 0.932022 -1.19736 -6.026 0.955334 -1.01695 -6.02005 0.481806 -1.41523 -6.53631 0.21017 -1.18977 -6.24321 -0.752472 -2.64479 -6.54301 0.251817 -3.3221 -6.21008 1.20036 -2.00837 -6.27858 0.272177 -3.2511 -6.56445 0.674606 -3.62377 -6.1799 -0.141413 -3.65974 -6.54252 -0.141307 -1.41971 -6.26374 0.470877 -0.807213 -6.54143 0.266921 -0.80674 -6.54195 0.675935 -2.43996 -6.51333 -0.346322 -2.83632 -6.52731 0.67507 -3.2565 -6.54886 0.0636866 -3.6313 -6.17211 -0.139131 -3.63346 -6.15469 0.0599525 -3.45739 -6.12384 -1.14452 -2.23626 -6.57861 1.23105 -3.66248 -6.51835 -0.349965 -3.67015 -6.53613 0.40599 -3.05136 -6.25915 0.287895 -2.87158 -6.25507 0.39481 -2.87445 -6.25194 -1.14509 -2.44066 -6.58421 0.675199 -3.68705 -6.54583 0.67349 -3.7139 -6.32513 1.23934 -3.63072 -6.33846 1.12951 -1.82857 -6.3767 1.207 -0.603182 -6.34285 0.718861 -3.05294 -6.19169 0.798104 -3.05667 -6.21833 0.182031 -1.33466 -6.22967 0.241894 -1.41159 -6.09245 1.06946 -2.6338 -6.17879 1.1139 -2.43194 -6.38805 0.679927 -3.26621 -6.17376 0.479465 -3.45187 -6.12699 0.477373 -3.25574 -6.17529 0.259426 -2.43023 -6.11139 0.475212 -2.4421 -6.0489 0.882122 -3.61613 -6.18098 1.08897 -0.803518 -6.51486 1.15436 -1.01032 -6.29939 0.87768 -2.44747 -6.07818 0.471821 -2.44044 -6.5214 -0.132238 -1.21137 -6.57315 0.629363 -2.86961 -6.25018 0.885619 -3.0436 -6.53739 1.21953 -2.64142 -6.36767 1.10007 -2.02815 -6.11237 0.678505 -1.01178 -5.89245 0.472272 -1.0139 -5.95027 0.891779 -3.05946 -6.27145 0.0629642 -3.05325 -6.27518 0.150115 -1.62707 -6.19094 0.230852 -1.82545 -6.05291 0.130478 -1.84004 -6.16758 0.0728468 -3.66979 -6.34809 -0.751897 -3.25517 -6.56316 0.0566366 -1.41589 -6.25517 -0.347602 -3.45031 -6.56807 0.680068 -2.64607 -6.50964 -0.95504 -1.81634 -6.55826 1.13693 -2.236 -6.37294 0.264965 -3.61317 -6.18175 1.08217 -1.42114 -6.11557 0.960338 -1.36787 -6.01173 0.233479 -2.03586 -6.06305 1.04353 -2.0202 -6.47832 1.13494 -2.03169 -6.38144 0.498945 -3.05472 -6.19629 -0.549701 -2.63957 -6.52794 -0.552229 -2.84453 -6.5268 0.893857 -2.86385 -6.25517 0.46762 -2.03206 -5.97677 0.556239 -2.1014 -6.00366 0.86604 -0.80859 -6.52537 1.08676 -2.23188 -6.12411 -0.327257 -2.43718 -6.52641 0.675056 -3.04935 -6.53049 0.875355 -2.85719 -6.51996 0.257007 -1.42205 -6.55926 0.0524573 -1.21699 -6.5561 -0.142465 -1.0144 -6.5618 1.07111 -1.41186 -6.48504 1.22428 -2.64944 -6.4886 0.153236 -1.46463 -6.21349 0.676948 -0.598922 -5.88243 0.67398 -0.806491 -5.85685 1.19482 -2.25737 -6.32948 0.270507 -3.43724 -6.15739 -0.145537 -0.801959 -6.25351 0.623918 -3.05238 -6.25981 0.42504 -1.19555 -6.02528 0.512128 -1.21799 -5.97771 0.832288 -1.22011 -5.98491 0.621561 -3.19267 -6.24938 1.05189 -2.81305 -6.20388 1.07569 -2.43681 -6.15094 0.0688836 -2.0333 -6.25326 0.358237 -0.955084 -5.99517 0.393963 -1.0828 -6.04565 0.666859 -2.24038 -6.04833 0.476496 -2.25891 -6.01375 0.340817 -2.01525 -5.98854 0.332448 -1.82561 -5.98211 0.998486 -1.61398 -5.99545 0.964467 -1.91299 -6.00567 -2.14172 0.212736 -6.59518 -2.14301 0.397898 -6.59484 -2.35238 0.213671 -6.58709 -2.14866 -0.807292 -6.5826 -1.9436 -0.60365 -6.59129 -2.14787 -0.602862 -6.57839 -0.753647 -1.41956 -6.58158 -0.753176 -1.21481 -6.58011 -0.95784 -1.2163 -6.57888 -2.55643 -1.02176 -6.55936 -2.35364 -1.21544 -6.58409 -2.35967 -1.00896 -6.5704 -2.1485 -2.23469 -6.60935 -1.944 -2.23633 -6.6212 -2.77167 -2.22477 -6.60058 -2.75424 -2.03895 -6.58832 -1.33292 0.213829 -6.60401 -1.5452 0.207821 -6.60075 -1.53156 0.00754661 -6.59582 -1.14508 0.213105 -6.60687 -1.33416 0.00500109 -6.59901 -1.14433 0.0088027 -6.60135 -1.74988 0.584804 -6.60028 -1.53577 0.586619 -6.61239 -1.53506 0.791444 -6.61136 -1.53694 0.995713 -6.62067 -1.73988 1.19927 -6.6166 -1.74044 0.996347 -6.61034 -1.52978 -1.00317 -6.59368 -1.33722 -1.00685 -6.59284 -1.34164 -0.808093 -6.59579 -1.33071 0.791522 -6.61845 -1.14395 0.587974 -6.61522 -1.14509 0.791997 -6.62055 -1.34 -1.83613 -6.59268 -1.32792 -2.03273 -6.59747 -1.13263 -1.83227 -6.57104 -1.5363 0.399358 -6.61524 -1.74628 -0.603192 -6.59842 -1.52997 -0.816009 -6.59899 -1.53502 -0.590048 -6.5996 -3.16915 -0.399615 -6.56755 -3.38082 -0.394559 -6.5685 -1.33162 0.399736 -6.62062 -1.7406 0.00900551 -6.58836 -1.73988 -0.195187 -6.58657 -3.37266 -1.40873 -6.60084 -3.57981 -1.2261 -6.59247 -2.96817 -0.811832 -6.56112 -2.76061 -0.806267 -6.55229 -2.96829 -0.600002 -6.55544 -1.14414 -1.41933 -6.58 -1.14471 -1.6242 -6.57751 -0.957841 -1.42026 -6.58106 -2.35254 0.00892713 -6.58889 -1.33276 -1.2156 -6.58595 -1.14603 -1.2156 -6.58014 -1.73297 -1.83289 -6.59235 -1.53663 -1.62343 -6.59001 -1.74028 -1.6239 -6.58357 -1.94392 0.00963842 -6.58871 -1.94415 -0.194557 -6.58268 -2.14788 0.0086927 -6.59046 -2.14843 -0.195659 -6.58163 -1.74036 0.222719 -6.59342 -1.74004 0.40087 -6.6054 -1.94414 0.209798 -6.59818 -3.78158 -1.01645 -6.59964 -3.5902 -1.01779 -6.59175 -1.14528 -0.604112 -6.6034 -1.15473 -0.393738 -6.60091 -1.33636 -0.596768 -6.59936 -2.14835 -1.41995 -6.58367 -2.35214 -1.62406 -6.57863 -2.14827 -1.62414 -6.57615 -2.55665 0.212883 -6.5829 -2.55631 0.400492 -6.5778 -2.76038 0.213752 -6.5852 -3.37287 -1.0114 -6.57621 -3.57298 -0.803513 -6.57924 -2.55663 -0.205022 -6.57226 -2.35246 -0.194475 -6.57941 -1.73996 0.791444 -6.60089 -0.751577 -0.398624 -6.59744 -0.549773 -0.195425 -6.58765 -0.760206 -0.203518 -6.59064 -1.73635 -0.407029 -6.58998 -1.53687 -0.400403 -6.58936 -1.74203 -2.24127 -6.62786 -1.74114 -2.022 -6.60738 -1.53557 -1.83203 -6.59587 -0.957605 0.399925 -6.61733 -1.14471 0.401664 -6.61674 -2.35191 -1.42018 -6.58679 -2.55595 -1.62359 -6.5771 -2.96512 -0.195108 -6.56759 -2.76085 -0.194792 -6.57249 -1.14795 -0.198138 -6.60284 -0.949011 -0.18893 -6.60093 -3.37232 -1.21638 -6.58561 -2.962 -0.402913 -6.56273 -2.7602 -0.389117 -6.56039 -1.5364 -2.03205 -6.6098 -2.14835 -1.21536 -6.59028 -1.94323 0.592215 -6.59741 -1.94368 0.400683 -6.60635 -1.53569 -1.419 -6.58967 -1.33181 -1.42003 -6.58663 -0.753283 -1.62825 -6.56385 -0.959071 -1.63034 -6.5695 -0.542269 -1.2186 -6.59277 -0.346051 -1.21623 -6.58659 -0.554172 -1.00575 -6.57541 -0.549064 0.00908462 -6.59005 -1.94471 -0.807449 -6.59034 -2.14835 -1.01109 -6.58888 -1.944 -1.01148 -6.59144 -1.33197 0.587879 -6.61497 -3.16876 -1.01063 -6.57244 -2.96614 -1.21528 -6.58454 -2.96251 -1.00585 -6.56655 -3.16798 -0.817225 -6.56124 -3.16993 -0.601945 -6.5619 -3.16622 -1.42199 -6.60225 -1.53468 -0.194717 -6.59002 -1.94408 1.19936 -6.60711 -1.95502 0.990226 -6.59909 -1.74136 -0.811615 -6.59755 -1.73981 -1.01172 -6.58903 -2.35229 0.399542 -6.58242 -0.958475 -0.398747 -6.60665 -0.954702 0.20493 -6.60331 -2.1523 0.795398 -6.59225 -2.3523 0.587015 -6.58834 -2.1399 0.585037 -6.5938 -1.94399 0.790451 -6.59621 -2.76116 -0.603336 -6.55551 -2.55689 -0.603023 -6.55542 -3.16464 -1.22766 -6.59384 -1.14382 -0.803449 -6.59551 -2.15427 0.997908 -6.59667 -2.76037 0.00884947 -6.58371 -2.5561 0.00963842 -6.5862 -2.14835 -0.399381 -6.57475 -2.34985 -0.607195 -6.56261 -2.55691 -0.392761 -6.55675 -1.32507 -0.18556 -6.59533 -2.98101 -1.42833 -6.59368 -2.76147 -1.21568 -6.57607 -0.96636 0.00813928 -6.59427 -0.344791 -1.01133 -6.57776 -0.548982 -1.41931 -6.58818 -1.14357 -1.01205 -6.58626 -0.954289 -0.810237 -6.59713 -2.15332 -2.03921 -6.58604 -1.94652 -1.83032 -6.58397 -2.14811 -1.82841 -6.58676 -1.32791 -0.40593 -6.59375 -1.94222 -2.02026 -6.61021 -0.748773 -0.808163 -6.57991 -0.750473 -0.604506 -6.59753 -1.94415 -1.2156 -6.59037 -1.74044 -1.21599 -6.58263 -0.957132 -1.01133 -6.58026 -0.747419 -1.00979 -6.56465 -2.35099 -0.399771 -6.56177 -0.344634 -0.80737 -6.57659 -0.137271 -0.808266 -6.56405 -0.135184 -0.608999 -6.57878 -1.53608 1.19991 -6.62408 -2.35407 -2.22579 -6.60408 -1.33166 -1.62383 -6.5882 -0.957683 -0.602552 -6.60531 -3.37513 -0.8098 -6.56262 -2.35324 -1.82739 -6.58451 -2.97438 -1.82467 -6.58951 -3.16112 -1.83403 -6.60573 -1.94384 -1.62351 -6.57797 -1.94407 -1.41932 -6.58392 -1.53656 -1.21528 -6.5896 -1.73965 -1.42026 -6.58368 -2.55949 -2.03868 -6.59049 -2.55665 -1.82858 -6.57436 -2.7603 -1.82732 -6.58109 -2.96749 -1.61829 -6.59496 -2.35078 -0.806822 -6.56243 -2.34773 -2.03469 -6.58403 -2.96503 -2.03267 -6.58667 -2.76181 -1.02037 -6.55988 -2.55657 -0.80824 -6.5505 -3.15917 -1.61585 -6.60039 -3.37233 -0.611868 -6.56644 -1.73988 1.40386 -6.611 -0.345969 -0.603336 -6.58253 -0.54569 -0.607694 -6.56736 -0.550169 -0.803216 -6.56184 -0.754264 0.0109402 -6.58857 -2.7608 0.400492 -6.58635 -2.76053 -1.62343 -6.58451 -2.75998 -1.41987 -6.58617 -1.94455 -0.399065 -6.58222 -2.55681 -1.4194 -6.58533 -2.55681 0.587722 -6.58578 -2.55642 -1.21615 -6.57606 -0.549299 -0.399378 -6.5885 -0.345185 -0.398906 -6.58946 0.0618719 -0.807214 -6.54519 0.275537 -0.199198 -6.56511 0.0626493 -0.195187 -6.57724 0.0631217 -0.399143 -6.57629 0.386144 -0.756342 -6.00457 0.478322 -0.599807 -5.95211 -0.546054 1.80972 -6.63838 -0.355544 1.81532 -6.62462 -0.345487 2.01505 -6.62973 0.472023 1.61313 -6.52531 0.266285 1.404 -6.52797 0.47891 1.4043 -6.49965 -0.345184 -0.603495 -6.26186 -0.348565 -0.396291 -6.25753 -0.135705 -0.614115 -6.25957 -0.329758 0.995434 -6.60513 -0.138366 0.794924 -6.58208 -0.12787 0.997699 -6.57564 0.0634341 0.400866 -6.5784 0.0605294 0.591861 -6.56449 -0.140914 0.587328 -6.57993 1.22172 -0.237802 -6.49316 1.23364 -0.207984 -6.3357 1.10254 -0.184558 -6.53447 -0.76026 2.01141 -6.63782 -0.949496 1.80444 -6.62535 -0.759626 1.81549 -6.64099 -0.138767 1.20021 -6.56694 -0.954401 0.995848 -6.62968 -0.949734 0.791132 -6.62855 0.474921 1.4031 -6.19286 0.471348 1.60798 -6.19474 0.674888 1.40458 -6.18812 1.03576 0.177618 -6.35678 1.11621 0.0090879 -6.30985 0.896603 0.232543 -6.29096 0.471745 1.81185 -6.19652 0.66961 1.60669 -6.18674 1.22317 0.800202 -6.46201 1.2026 0.697592 -6.46053 1.24279 0.793868 -6.3511 0.261779 -0.599075 -6.55642 0.47072 -0.603257 -6.54448 -0.96271 1.19418 -6.63363 -0.752937 1.19951 -6.64212 -0.753648 1.40402 -6.64481 1.22642 1.81506 -6.19836 1.24064 2.01796 -6.33836 1.23974 1.815 -6.3309 -0.958073 1.4048 -6.63591 0.467519 0.21955 -6.54976 0.674047 0.215924 -6.53057 0.675118 0.400303 -6.51539 0.0634367 0.00892713 -6.57154 0.276612 0.210753 -6.56662 0.0626492 0.213356 -6.57575 -1.14752 1.20703 -6.6295 -1.14795 1.40664 -6.63078 -1.33181 1.20021 -6.62745 -0.14115 -0.398986 -6.58985 -0.14178 -0.194714 -6.58694 -0.550406 2.01644 -6.63669 0.879027 0.00853593 -6.23843 0.675068 0.00932196 -6.24724 0.675773 0.213667 -6.24554 -0.414316 0.572301 -6.22202 -0.543704 0.592714 -6.21842 -0.430311 0.706473 -6.22716 -0.0706818 1.02236 -6.22638 -0.165929 1.19786 -6.22979 -0.0670369 1.20765 -6.22617 -0.745759 0.590827 -6.61833 -0.957605 0.587249 -6.6246 -0.558581 1.00147 -6.62486 -0.339885 1.20334 -6.61422 0.0615468 0.995005 -6.54195 0.06414 1.19904 -6.54927 0.0627291 2.22086 -6.58982 0.0629643 2.01589 -6.58513 0.266921 2.22032 -6.58358 -0.959315 1.61807 -6.63514 -1.13708 1.61014 -6.62985 1.08638 -0.395481 -6.23491 1.24363 -0.392829 -6.32624 0.686073 0.591984 -6.51365 0.879115 0.580426 -6.48903 0.878714 0.791757 -6.46798 -0.352237 1.61352 -6.13926 -0.38783 1.4214 -6.17313 -0.529576 1.40284 -6.05675 -0.549298 1.40347 -6.65131 0.464854 0.587509 -6.52353 0.0617072 -0.00431947 -6.25772 0.275246 0.00260277 -6.25794 0.0631203 -0.194249 -6.25349 0.265888 -0.400552 -6.56189 0.470879 -0.194093 -6.55118 -0.753205 0.400113 -6.61952 -0.131177 2.42677 -6.60079 0.0632016 2.42435 -6.58568 0.470561 0.00924212 -6.54975 -0.554955 0.403208 -6.59466 -0.551729 0.60074 -6.56895 -1.14433 0.995257 -6.62351 -1.33197 0.995792 -6.62441 -0.137649 -0.394767 -6.26006 -0.360758 -0.236314 -6.25212 0.236047 -0.804611 -6.24272 0.0671718 1.80815 -6.5773 0.265658 1.80462 -6.56798 0.267236 2.01636 -6.5811 -0.816577 1.20212 -6.23019 -0.774625 1.39299 -6.0951 -0.718814 1.22113 -6.16865 0.0555136 1.40078 -6.21522 0.267316 1.40347 -6.20138 0.267078 1.19975 -6.20508 -0.543555 0.00735383 -6.21204 -0.552726 -0.200169 -6.25522 -0.61572 -0.0563114 -6.2452 -0.123392 0.0165479 -6.25284 -0.213806 -0.0183887 -6.21957 -0.34223 0.0120594 -6.20592 1.02898 0.867978 -6.22223 1.10218 0.776745 -6.24982 0.877985 0.867877 -6.22159 0.40821 -0.536598 -6.23823 0.450043 -0.559952 -6.12877 0.263153 -0.600314 -6.24654 0.27252 0.398727 -6.5617 1.06572 0.634711 -6.46672 1.20774 0.682158 -6.413 1.09106 -0.608444 -6.53543 1.21031 -0.403315 -6.50219 1.07848 -0.39848 -6.53521 1.10039 0.00809433 -6.51413 1.0468 0.200779 -6.49053 0.871561 0.203461 -6.52105 1.21787 1.04054 -6.20337 1.26879 1.20131 -6.36242 1.25752 0.99473 -6.35623 -0.955677 0.00835324 -6.26435 -0.749097 -0.200994 -6.2604 0.676324 0.00884947 -6.54106 0.678419 0.750516 -6.24562 0.878097 0.763577 -6.24938 -0.140677 0.213041 -6.57594 -0.345655 0.213747 -6.58204 -0.344791 0.00892713 -6.58155 1.08485 0.791133 -6.46677 1.09492 0.999765 -6.46654 0.880679 1.20006 -6.47117 0.878171 1.40464 -6.47785 0.67625 1.19975 -6.47494 0.0560961 -0.599064 -6.25431 0.0635129 -0.806978 -6.24792 -0.142005 0.399542 -6.58874 0.264004 0.587477 -6.5498 0.264787 0.791394 -6.52756 0.0637674 1.00356 -6.22018 0.26425 0.821638 -6.21759 0.133184 0.862423 -6.22158 0.471191 -0.195029 -6.24795 0.265455 -0.18573 -6.25259 -0.137351 2.01673 -6.60008 0.266968 0.414042 -6.25298 0.469821 0.587063 -6.28095 0.479862 0.414673 -6.25793 0.470879 2.01652 -6.19675 0.267234 1.81224 -6.20774 -0.351952 2.21528 -6.62635 -0.747933 0.991822 -6.63372 -0.544339 1.19294 -6.63558 1.24923 1.40404 -6.34262 1.23074 1.39956 -6.47286 1.09489 -0.186136 -6.24029 1.07774 0.640251 -6.35467 0.856646 0.388378 -6.37627 0.998486 0.332265 -6.45206 1.22587 1.20034 -6.19914 -1.3315 1.60782 -6.62311 -0.753886 1.6079 -6.64743 -0.958385 1.19881 -6.23556 -1.10132 1.23007 -6.23318 -1.11193 1.35098 -6.23116 0.476122 0.753805 -6.23925 0.274596 0.595398 -6.29221 0.24966 0.729795 -6.26362 -0.896503 1.46115 -6.19193 -1.128 1.60941 -6.1362 -0.946675 1.60941 -6.16153 -0.140677 0.00892713 -6.57518 0.672188 0.856677 -6.22094 0.880719 0.988316 -6.18664 -0.352475 1.60385 -6.61878 -0.348279 1.19421 -6.24033 -0.154052 0.966852 -6.25278 -0.550851 -0.407649 -6.2557 0.879027 1.81154 -6.17849 1.08353 1.60735 -6.16177 0.879498 1.60742 -6.17464 0.67678 -0.603957 -6.54047 0.887149 -0.397798 -6.52543 0.684766 -0.397919 -6.53292 -0.308992 0.606093 -6.25645 0.679231 -0.484034 -6.12639 0.856975 -0.479236 -6.15532 0.673515 -0.50148 -5.96636 -0.742505 -0.396167 -6.25859 -0.740477 1.61939 -6.08167 0.675351 1.615 -6.51592 0.676101 1.41514 -6.48781 -0.752468 0.791657 -6.6297 -0.137152 2.22296 -6.60055 0.470876 1.19975 -6.19424 0.683188 1.20009 -6.18896 0.682989 0.998164 -6.19413 0.0640654 -0.609656 -6.56575 -0.340396 1.40376 -6.61723 -0.150885 1.60907 -6.59031 -0.135285 0.605043 -6.30006 -0.146084 0.811636 -6.37282 0.0592041 0.597474 -6.29812 1.08522 0.986288 -6.18139 -0.959859 1.3846 -6.23236 -1.17715 1.41687 -6.13971 -0.145635 2.62742 -6.5957 -0.541245 1.61152 -6.64622 1.25646 2.22722 -6.49761 1.25565 2.21702 -6.3453 1.29298 2.42287 -6.50185 -0.947005 2.02124 -6.62418 0.47127 0.995872 -6.20002 0.267078 0.99595 -6.20822 -0.346584 0.588416 -6.57893 1.09351 2.42508 -6.53298 -0.345736 -0.194714 -6.58723 -1.0547 0.628384 -6.03065 -1.13524 0.587994 -5.92293 -1.15359 0.79071 -5.93443 0.47135 -0.398513 -6.54868 0.678906 -0.199348 -6.53325 1.19742 -0.582854 -6.49115 -0.551666 1.21229 -6.14561 -0.430561 1.2852 -6.22251 0.880504 1.60188 -6.49926 1.08492 1.60449 -6.49534 1.08306 1.8124 -6.50456 0.873826 -0.205423 -6.53686 0.886383 0.0152932 -6.53381 -0.332125 -0.140133 -6.2184 -1.33189 1.40442 -6.62329 0.461591 1.81803 -6.55421 0.686287 1.80943 -6.53644 0.477008 2.00709 -6.57075 -0.995823 0.212846 -6.12206 -1.0354 0.0326283 -6.1302 -0.336117 -0.809911 -6.25776 -0.54991 -0.60196 -6.25861 1.16409 0.923537 -6.25939 -1.53593 1.40323 -6.61605 1.23399 2.02433 -6.49275 1.08267 2.01707 -6.5118 1.2368 1.81162 -6.49399 -0.138787 1.81218 -6.59789 -0.59313 1.0058 -6.224 -0.73883 0.983414 -6.22375 -0.132421 -0.221655 -6.24971 0.880165 -0.604118 -6.52703 -0.760815 1.81428 -6.13998 -0.554112 1.61855 -6.08067 -0.46433 0.842549 -6.23177 -0.328676 0.794676 -6.27367 -0.556321 0.791449 -6.22188 0.0534154 0.789578 -6.55555 -0.546129 0.77937 -6.60425 -0.34427 0.797059 -6.59556 0.890974 0.575701 -6.32743 0.67069 0.589086 -6.29918 0.0649754 0.414598 -6.25363 0.0619104 0.218507 -6.2569 -0.154829 0.398446 -6.25523 0.897818 0.406632 -6.50132 -0.749994 0.218408 -6.22178 -0.760705 0.397807 -6.22233 -0.549298 0.212807 -6.21497 0.469599 0.396659 -6.52818 -0.751979 0.195847 -6.60273 -0.558843 0.21472 -6.59192 -0.474457 1.13549 -6.24613 0.683724 0.400924 -6.28745 1.22783 1.60178 -6.48783 1.23587 1.60556 -6.33554 1.0844 1.40504 -6.47487 1.09193 1.19927 -6.46347 0.670649 0.785181 -6.48218 0.674286 0.994929 -6.47149 -0.19286 -0.15232 -6.21991 -1.32889 0.392281 -5.82809 0.267078 1.60719 -6.2017 -1.32592 1.202 -5.87194 -1.22815 1.18428 -5.97077 -1.3293 0.994953 -5.8638 -0.469346 -0.114971 -6.22145 0.0516559 1.19979 -6.219 1.22084 2.22139 -6.20144 1.0833 2.22055 -6.16613 1.0844 2.4231 -6.16654 -0.344408 0.401253 -6.58651 -0.757343 0.00407626 -6.25668 0.879419 1.40386 -6.17529 1.21623 1.19775 -6.45827 1.22954 1.40433 -6.19476 1.084 1.20022 -6.16747 1.08314 1.40394 -6.16424 0.470153 -0.397945 -6.24031 0.266763 -0.398985 -6.24805 0.274613 1.60049 -6.53953 -0.290437 0.410468 -6.24844 1.22111 2.02079 -6.20188 0.269374 0.995791 -6.5293 0.281852 1.20397 -6.53523 -0.345902 0.20677 -6.21444 -0.549378 0.400302 -6.21692 0.46401 0.847057 -6.21855 0.267157 2.42404 -6.58335 0.480957 2.42514 -6.56929 0.272054 2.63215 -6.57585 -1.53129 0.58183 -5.80976 0.0554926 1.61224 -6.21678 0.266631 0.203727 -6.25466 0.0585291 0.802797 -6.32565 -0.990847 0.781195 -6.18392 -0.919007 0.830119 -6.22933 -0.763199 0.794256 -6.22053 0.556239 -0.508959 -5.98426 0.470566 0.212418 -6.24973 -0.133633 1.40359 -6.57139 -0.765966 0.589746 -6.22072 0.345116 -0.659851 -6.10393 -0.838538 1.04666 -6.22826 -0.936929 1.00714 -6.23191 0.0660376 1.6091 -6.56339 -0.825454 0.149344 -6.23956 -0.924683 0.202371 -6.25609 0.663675 2.01925 -6.55294 0.682466 2.01584 -6.18907 0.677179 1.81338 -6.18859 1.07899 2.21856 -6.52843 -0.970241 0.39946 -6.14118 1.27391 2.42981 -6.35102 0.282156 0.00746888 -6.5648 0.880824 2.21969 -6.54776 -0.388529 0.396453 -6.21901 0.0574288 1.41048 -6.54972 0.674617 2.222 -6.56253 0.470876 2.21953 -6.57087 0.0630433 2.62815 -6.58658 -1.09849 1.01272 -6.10258 -1.17668 0.987801 -5.95187 -1.17343 1.19023 -6.12508 0.879419 2.42443 -6.54715 0.671733 2.42084 -6.55614 1.08353 1.81272 -6.16584 -1.03561 0.216416 -5.9712 -0.068451 1.42219 -6.22412 0.883877 -0.598438 -5.91998 1.01271 -0.617741 -5.97864 -0.297765 1.38589 -6.23355 -0.267776 1.54813 -6.22939 -0.17154 1.40114 -6.22972 -0.341155 0.992484 -6.26404 0.879262 -0.195344 -6.24142 0.884183 -0.368979 -6.23678 0.54626 -0.500237 -6.12636 -0.920184 0.55815 -6.2283 -0.890875 0.46834 -6.22801 -0.994305 0.585965 -6.15328 -1.05643 -0.0489497 -6.08559 1.22782 0.977516 -6.4571 0.937223 -0.535315 -6.10095 -1.06836 0.806373 -6.05315 1.22842 1.60891 -6.19428 0.874544 1.81758 -6.51723 0.884 2.01727 -6.52977 -1.20955 1.42454 -5.94447 0.879024 1.19951 -6.17657 -0.484716 1.00089 -6.24531 0.0561117 1.8124 -6.22099 -1.02331 0.96523 -6.20726 -0.686458 0.0617917 -6.22074 0.999501 0.360326 -6.48323 0.47736 0.792565 -6.49792 0.480594 0.996028 -6.50167 0.476426 1.20028 -6.50306 0.878866 0.996031 -6.46967 0.819886 -0.5045 -5.97576 0.0553856 -0.400491 -6.25536 0.00563141 0.922983 -6.26488 -1.1309 0.209926 -5.87283 -1.32268 1.40275 -5.84221 -1.53523 1.40425 -5.79684 -1.3234 1.54465 -5.78989 0.671625 -0.377557 -6.23829 -0.136451 0.204363 -6.2536 -0.271555 0.260987 -6.23823 -1.03848 0.395534 -5.97752 -1.04265 0.0951593 -5.98494 0.463768 0.0121164 -6.2519 0.675147 -0.194557 -6.24629 1.08393 2.0166 -6.1705 1.15614 -0.601466 -6.23721 0.879577 2.22047 -6.18046 -1.13307 1.61066 -5.87614 1.01443 -0.485362 -6.22241 0.677858 2.21884 -6.18887 0.879734 2.0162 -6.18167 -1.12971 0.401949 -5.88932 -1.5398 0.99986 -5.81063 -1.33562 0.798068 -5.85004 -0.335873 1.81143 -6.13085 -1.32593 0.587959 -5.84401 -1.5335 1.19286 -5.81111 -3.7811 3.03685 -6.63812 -3.57652 2.83212 -6.63766 -3.57691 3.03756 -6.64747 -3.78118 2.83281 -6.16798 -3.98537 2.62925 -6.16464 -3.99314 2.83698 -6.15748 -3.7821 3.23962 -6.15454 -3.98545 3.2412 -6.14581 -3.98513 3.44484 -6.14701 -2.14321 1.62501 -6.14198 -2.14078 1.81991 -5.89108 -2.08603 1.65289 -5.87456 -3.37059 4.08714 -6.60889 -3.37311 3.85339 -6.64707 -4.5057 3.83772 -6.19718 -4.49328 3.97229 -6.2224 -4.40263 4.05796 -6.16886 -4.18188 2.42394 -6.1512 -4.39352 2.22047 -6.13749 -4.39375 2.4253 -6.1363 -2.32227 1.5921 -6.06749 -2.5689 1.62268 -6.04804 -2.40067 1.65846 -5.99466 -3.57041 2.62216 -6.18454 -3.78133 2.42459 -6.17134 -3.78134 2.6287 -6.17809 -4.19444 4.05891 -6.16698 -4.41821 4.08573 -6.3451 -4.19116 4.11226 -6.33615 -2.14229 2.40608 -6.12891 -2.22227 2.30808 -6.02846 -2.35144 2.23013 -6.11447 -3.37303 3.64982 -6.64366 -3.16852 3.64895 -6.656 -3.77597 2.21019 -6.18265 -3.98435 2.21937 -6.17169 -3.98521 2.4242 -6.16461 -2.01075 1.55346 -5.86254 -1.9432 1.41089 -5.87925 -3.78363 3.65111 -6.6308 -3.78698 3.84312 -6.6352 -3.98025 3.85338 -6.62121 -3.37256 2.22148 -6.20075 -3.15072 2.02577 -6.18585 -3.37271 2.01597 -6.20809 -3.78164 3.44578 -6.64098 -3.98863 3.44771 -6.63231 -3.98862 3.24232 -6.64073 -2.76013 2.83282 -6.21621 -2.75332 2.63623 -6.19943 -2.96418 2.83289 -6.2054 -4.50902 3.03512 -6.20755 -4.40557 3.03698 -6.13735 -4.40212 2.83664 -6.13456 -3.78177 4.08672 -6.59147 -3.98553 4.07931 -6.59609 -2.37541 2.60268 -6.22287 -2.31033 2.67579 -6.23239 -2.20819 2.61927 -6.23349 -3.37326 3.24057 -6.65685 -3.57651 3.24128 -6.65031 -3.57702 4.08527 -6.59124 -3.58695 4.11337 -6.33179 -3.78043 4.11439 -6.32833 -3.78102 3.24088 -6.64688 -2.74661 3.4459 -6.21825 -2.96418 3.24096 -6.20238 -2.96528 3.44539 -6.20116 -3.58271 3.65387 -6.63491 -3.57776 3.85315 -6.63998 -3.57699 2.01581 -6.20098 -3.37279 1.81256 -6.20945 -3.17052 4.08371 -6.60143 -3.77243 3.65018 -6.15135 -3.57808 3.85315 -6.16331 -3.58651 3.64753 -6.15862 -4.51011 2.42179 -6.51032 -4.50268 2.43279 -6.35571 -2.14348 2.2203 -5.94636 -1.95374 2.23572 -5.85006 -2.03826 2.07271 -5.80216 -2.96955 4.04763 -6.1966 -2.97295 3.85755 -6.19164 -2.96246 4.10599 -6.33177 -3.1635 3.64884 -6.1868 -3.16354 3.4422 -6.18625 -3.37295 3.64895 -6.17182 -3.57738 3.445 -6.64422 -1.9525 2.02529 -5.70644 -3.78118 2.8325 -6.63645 -3.37295 3.445 -6.65294 -3.99641 3.03331 -6.63359 -3.99234 2.62375 -6.6327 -4.19122 4.07883 -6.59362 -3.99205 4.11882 -6.33601 -3.3678 3.23642 -6.17837 -3.57746 3.44476 -6.15908 -3.37303 3.44571 -6.1712 -3.3774 4.05311 -6.18151 -3.37838 4.10297 -6.34749 -3.16481 4.10136 -6.33213 -3.1656 4.05581 -6.18886 -3.37248 3.85323 -6.17451 -3.99315 2.83606 -6.63393 -2.03528 1.56436 -6.0883 -2.76889 2.23586 -6.22072 -2.5441 2.22095 -6.2134 -2.62453 2.15228 -6.22847 -4.19927 3.66045 -6.60481 -4.42221 3.64858 -6.56319 -4.18895 3.44423 -6.61186 -4.18313 2.63203 -6.62842 -2.55453 3.03458 -6.22282 -2.761 3.03638 -6.21761 -2.75912 3.2408 -6.21599 -4.51025 3.65121 -6.18846 -4.50969 3.66583 -6.26954 -4.50458 3.82167 -6.26382 -2.58791 3.23335 -6.22372 -2.60844 3.44577 -6.22564 -4.51235 2.82607 -6.19376 -4.39312 2.6294 -6.13543 -4.51265 2.62795 -6.18371 -3.77913 4.05513 -6.1704 -3.57525 4.06387 -6.17644 -3.98308 4.06232 -6.17262 -3.98545 3.85338 -6.15127 -3.37051 2.8386 -6.18745 -3.37251 2.62285 -6.1878 -3.57667 2.8329 -6.17617 -3.179 2.82317 -6.19168 -3.36873 3.03436 -6.1861 -3.16884 3.03725 -6.19616 -2.97092 2.01524 -6.11652 -2.95156 2.22466 -6.13708 -4.18309 2.82512 -6.62192 -4.40143 3.85856 -6.13461 -4.18957 3.64895 -6.14634 -4.39415 3.64848 -6.13342 -3.37295 3.0363 -6.64955 -4.18626 3.03875 -6.6186 -4.17657 3.23681 -6.61957 -2.42669 2.96247 -6.22513 -2.54217 2.83927 -6.21769 -4.40808 2.42426 -6.60628 -2.34095 2.42105 -6.20951 -2.55689 2.42467 -6.214 -2.55751 2.62894 -6.20907 -4.17681 2.62986 -6.15028 -4.48726 2.43252 -6.29991 -2.16005 1.77404 -6.0809 -3.98078 3.0306 -6.1498 -4.18972 3.24041 -6.14151 -4.40548 3.44332 -6.56078 -4.42818 3.23826 -6.56358 -3.79167 3.0398 -6.1588 -3.98428 3.64888 -6.62466 -4.3988 4.0737 -6.556 -4.43768 3.85432 -6.56311 -4.19193 3.85083 -6.61279 -4.40896 2.62857 -6.6135 -2.47995 3.2579 -6.22841 -4.40605 3.44527 -6.13782 -4.50254 3.4429 -6.20516 -4.50455 3.22763 -6.20017 -4.47394 3.24558 -6.34449 -4.18909 3.44531 -6.14355 -2.32517 2.01195 -5.96342 -2.13432 2.00889 -5.88695 -2.35636 1.81201 -5.98087 -3.16205 3.84692 -6.18375 -1.96354 2.4543 -6.05013 -2.30135 2.8239 -6.23051 -4.18917 3.85283 -6.14299 -3.98529 3.64927 -6.14814 -2.76203 2.41893 -6.21539 -2.54166 1.81425 -6.12266 -2.69452 2.03273 -6.2299 -2.63625 2.02868 -6.22928 -4.50009 2.81781 -6.50912 -4.51081 2.62403 -6.5142 -3.79171 2.0166 -6.1934 -4.41499 2.8409 -6.60501 -4.42921 3.04375 -6.56893 -2.75138 1.81846 -6.12825 -2.77679 1.60174 -6.07322 -2.40372 2.83163 -6.22453 -4.40515 3.24566 -6.13872 -2.75983 3.64958 -6.21166 -4.47654 3.64261 -6.36081 -4.4671 3.85536 -6.34885 -3.58334 2.22512 -6.19315 -3.77244 3.85898 -6.15358 -2.17133 2.84132 -6.23545 -2.96002 2.42321 -6.16829 -4.47578 3.43599 -6.34819 -4.5112 2.41633 -6.19203 -4.19154 2.22037 -6.15538 -1.74481 1.61537 -5.7255 -1.74173 1.81794 -5.69432 -1.74413 1.4084 -5.79093 -4.50423 3.48992 -6.2695 -4.18748 2.83136 -6.14482 -3.57667 3.03606 -6.17081 -2.70164 2.14888 -6.22869 -2.79592 2.00713 -6.18602 -3.17093 2.21797 -6.15824 -3.16939 2.42138 -6.1804 -2.96078 1.81362 -6.14786 -3.16806 1.81303 -6.2158 -1.7625 1.98231 -5.7372 -3.15493 2.62573 -6.18394 -2.96504 3.64895 -6.19779 -4.49214 4.01846 -6.26613 -3.57762 3.24049 -6.1652 -1.65499 1.52293 -5.77708 -1.53783 1.5421 -5.78109 -1.53648 1.64837 -5.75295 -1.94049 1.62073 -5.71055 -1.95047 1.81762 -5.66571 -2.53817 2.00645 -6.19101 -2.17999 2.49753 -6.23266 -4.50769 3.20329 -6.26221 -3.56938 2.41635 -6.18049 -2.96589 2.62847 -6.2069 -3.37465 2.43262 -6.19283 -2.96512 3.03717 -6.20542 -3.17808 3.24368 -6.19085 -2.76037 3.85347 -6.20168 -2.42052 2.03163 -6.07538 -3.76843 3.44083 -6.15308 -2.28851 2.17488 -5.9786 -4.18933 3.0367 -6.14076 -2.06322 1.93116 -5.76095 -2.07545 1.80162 -5.73311 -2.06571 1.67641 -5.74285 -0.544416 3.65358 -6.19113 -0.338196 3.45361 -6.19552 -0.753491 3.03693 -6.23894 -0.551807 3.03435 -6.23377 -0.550982 2.83426 -6.24456 -0.349196 3.03977 -6.21783 -0.46433 3.12182 -6.22588 -0.347997 3.2376 -6.21059 -0.129598 3.24632 -6.19516 -0.594735 3.16718 -6.22886 -0.53797 3.24966 -6.22153 -0.430311 2.96873 -6.22975 -0.75349 3.17285 -6.2302 -0.141385 3.03638 -6.20419 -0.14403 3.44486 -6.56217 0.0628053 3.44452 -6.54541 0.0690807 3.65125 -6.54015 0.267 3.44539 -6.53907 0.462836 3.65024 -6.53237 0.270626 3.65574 -6.52911 0.0675474 3.04323 -6.56738 0.0625723 2.83211 -6.58182 0.282536 2.8372 -6.57088 0.471426 3.03607 -6.54531 0.264349 3.03226 -6.55851 0.0559086 3.23333 -6.55262 0.266454 3.85245 -6.54045 0.471348 3.24088 -6.5464 0.470479 3.44492 -6.54217 0.267474 3.2416 -6.54702 -0.141855 3.64872 -6.55272 0.675384 2.62831 -6.54345 0.469278 2.62242 -6.55712 1.08052 2.62176 -6.52465 0.470561 2.83266 -6.54945 0.893171 2.63439 -6.5329 0.680282 2.83088 -6.53127 1.0834 3.25054 -6.49748 0.879499 3.03717 -6.50956 1.08424 3.03638 -6.50506 0.684295 3.23734 -6.53452 0.674564 3.03851 -6.52732 0.880713 2.82075 -6.52425 1.08259 2.83171 -6.51788 1.29645 2.83104 -6.49646 1.28578 2.63179 -6.34579 1.29448 2.62561 -6.4966 0.875249 3.24596 -6.51741 1.30411 3.24383 -6.49715 1.29504 3.03717 -6.50067 0.683406 3.45225 -6.53935 1.22212 2.42202 -6.20181 1.30149 2.82911 -6.34294 1.3056 3.03927 -6.34541 1.22584 2.62913 -6.19999 1.22756 2.83349 -6.19803 1.08393 2.83227 -6.16812 1.23607 3.03598 -6.19226 1.23341 3.97254 -6.19424 1.25199 3.85195 -6.17338 1.07826 3.85612 -6.12455 0.680813 3.64613 -6.5349 0.879273 3.44341 -6.51109 1.06718 4.01152 -6.52172 1.30031 3.84894 -6.51945 1.25042 3.97104 -6.492 1.08237 3.84835 -6.53942 0.887748 3.8461 -6.53606 1.32614 3.85641 -6.33696 0.880733 3.64723 -6.51553 0.888853 4.01742 -6.52325 0.67554 3.85346 -6.53726 1.30774 3.65219 -6.50202 1.39225 3.5102 -6.46053 1.33886 3.44372 -6.34268 1.09124 3.23369 -6.15008 1.09572 3.03859 -6.15684 0.881822 3.24358 -6.15583 1.25448 3.64354 -6.17214 1.08463 3.44469 -6.14196 1.08377 3.64982 -6.13133 1.30477 3.44161 -6.49527 1.08338 3.99928 -6.17023 1.08116 3.64368 -6.5031 1.09232 3.44286 -6.48852 1.24225 3.4443 -6.18054 1.23464 3.24952 -6.19282 1.08499 4.01005 -6.34236 1.32107 3.24405 -6.33754 0.873379 4.02084 -6.15976 1.33782 3.6472 -6.34079 1.249 3.97795 -6.34256 0.879968 3.64903 -6.13378 0.879027 3.03638 -6.1688 -0.34741 4.01045 -6.52648 -0.346194 3.84998 -6.55083 -0.148847 3.85559 -6.55708 0.0627291 3.85362 -6.54818 -0.139417 4.0238 -6.53451 -0.351498 4.04889 -6.33589 -0.345263 3.85307 -6.17073 -0.137127 3.86046 -6.15758 -0.141541 3.64872 -6.17269 -0.137941 4.04235 -6.17177 -0.14001 4.04567 -6.33048 0.064754 4.04873 -6.16548 -0.351928 3.6408 -6.18146 -0.55602 3.84677 -6.18222 0.0617483 4.04342 -6.33511 -0.343148 4.04337 -6.18563 0.0590036 4.02642 -6.53117 0.270623 4.02776 -6.51605 -0.963489 2.42564 -6.25624 -1.1551 2.26553 -6.258 -0.95325 2.18841 -6.13665 -0.995025 2.28836 -6.24226 -1.17422 2.17002 -6.14464 -1.13151 2.07836 -6.08218 -1.12483 2.02641 -5.87403 -0.956742 2.62831 -6.26369 -0.751356 2.62758 -6.25528 -0.893296 2.33902 -6.22251 0.471191 2.22031 -6.19917 0.471113 2.42435 -6.19751 0.267784 2.22071 -6.21156 0.267078 2.42427 -6.20093 0.680057 2.42338 -6.18888 0.478932 2.63371 -6.19226 0.879811 2.42467 -6.17744 1.08345 2.62799 -6.17207 0.667793 2.62097 -6.18525 0.0605723 2.21158 -6.2182 0.266366 2.0166 -6.21062 0.879973 2.83242 -6.17696 0.878866 2.6291 -6.17885 0.67554 2.83289 -6.18096 -0.961545 1.7829 -6.06193 -0.907385 2.05714 -6.05482 -1.3278 1.64173 -5.73304 -1.03155 1.8152 -5.93875 -0.977892 2.01788 -5.98359 -1.15901 1.81053 -5.70866 -1.33212 1.81507 -5.70528 -1.06801 1.81633 -5.81933 -1.1725 1.66395 -5.72931 -0.769348 2.00653 -6.16938 0.468537 4.03088 -6.16592 0.267536 4.04569 -6.16744 0.478986 4.03213 -6.3406 0.46521 3.03334 -6.18602 0.266454 3.2401 -6.17942 0.471191 3.24088 -6.17187 0.685711 4.0223 -6.1534 0.675209 4.03237 -6.33542 0.0625723 3.44445 -6.17941 0.0628068 3.64911 -6.16767 0.266921 3.44516 -6.17125 0.678101 4.02839 -6.51038 0.060777 3.85072 -6.15334 0.675935 3.44225 -6.1538 0.675148 3.64895 -6.14346 0.874157 3.43884 -6.14756 0.470982 4.02555 -6.51033 0.469852 3.64764 -6.15391 0.271154 3.65352 -6.16249 0.47768 3.45005 -6.16023 0.681955 3.85997 -6.12898 0.471191 3.85307 -6.13991 0.256671 4.03512 -6.33533 0.47127 3.85315 -6.53521 0.264494 3.84465 -6.15025 0.267078 2.83297 -6.20344 0.268105 3.0491 -6.19246 0.475921 2.83423 -6.19001 0.0592084 3.22929 -6.18551 0.877946 4.0219 -6.3452 -0.138566 3.44446 -6.18862 0.0648711 3.03972 -6.19575 0.675305 3.24073 -6.1645 0.675067 3.03717 -6.17651 0.88572 3.85855 -6.12149 -0.549611 2.01659 -6.24325 -0.352791 2.00903 -6.15157 -0.448698 1.94574 -6.2224 -0.430311 2.14944 -6.24269 -0.34847 2.22022 -6.17395 -0.430311 2.08555 -6.23871 -0.668443 2.08424 -6.23098 -0.707322 2.2451 -6.24216 -0.517339 1.78836 -6.17978 -0.54914 2.22008 -6.24736 -0.13358 2.8274 -6.20251 -0.348816 2.83226 -6.21442 0.0551403 2.82313 -6.19492 -0.763995 2.42128 -6.24826 -0.685453 2.50948 -6.22571 -0.558945 2.42089 -6.23862 -0.784143 2.20519 -6.21138 -0.565868 2.6285 -6.25039 -0.352267 2.80865 -6.23113 -0.226197 2.69415 -6.22964 -0.337532 2.64865 -6.2331 -0.143984 2.63185 -6.21364 -0.226197 2.74761 -6.22782 -0.4694 2.42957 -6.22166 -0.442939 2.26945 -6.2224 -0.351776 2.42454 -6.19495 0.061981 2.62671 -6.19478 -0.143443 2.22016 -6.18365 -0.1562 2.02848 -6.19133 -0.135506 2.41379 -6.19303 -0.357455 2.6073 -6.21923 0.0636738 2.01803 -6.22217 0.0512787 2.43224 -6.19489 -0.0834654 1.96 -6.22813 -0.564475 1.85586 -6.23497 0.266686 2.62878 -6.20549"/>
    <Normal vector="-0.441925 0.0764153 -0.893791 -0.497095 0.0749575 -0.864452 -0.147286 0.0308224 -0.988614 0.289441 0.181627 -0.939806 0.619213 0.455048 -0.639927 0.694373 0.00990561 -0.719547 0.13459 0.009884 0.990852 0.0177781 0.02045 0.999633 -0.0130008 -0.00142368 0.999914 0.67423 0.355944 0.647084 0.809456 0.586912 0.0177424 -0.303743 0.702784 0.6433 -0.0301763 0.00569372 0.999528 -0.00578105 -0.0514739 0.998658 -0.0255737 -0.0524866 0.998294 -0.0987226 0.960237 0.261148 0.770138 0.00522417 0.637856 0.822359 0.00308999 0.568961 -0.0555622 -0.0358452 0.997812 -0.0309093 -0.0761762 0.996615 -0.0840445 -0.0824954 0.993041 0.273906 0.0589714 -0.959947 -0.0649669 -0.00567279 0.997871 -0.0507054 0.00306613 0.998709 -0.0305907 -0.106658 0.993825 -0.0246895 -0.0913442 0.995513 -0.0312689 -0.0953042 0.994957 -0.0586086 -0.0655774 0.996125 -0.0454478 -0.0277474 0.998581 0.786566 -0.0191879 0.617209 0.786272 -0.0126562 0.617751 0.968858 -0.00730332 -0.247509 -0.202858 0.144712 0.968456 0.104887 0.0269378 0.994119 -0.621283 -0.213602 -0.753911 -0.490051 0.00914815 -0.871646 -0.802553 0.146685 -0.578267 0.844793 -0.0734462 0.530029 0.912128 0.0149722 -0.409631 0.882368 -0.00980421 -0.470457 0.777221 -0.0569984 0.626641 0.0767767 7.21586e-05 0.997048 -0.041741 0.0394845 0.998348 -0.0500563 0.0327125 0.998211 -0.0409898 -0.00760681 0.999131 -0.076851 0.0304822 0.996577 -0.0471839 0.0444562 0.997896 -0.059198 0.011372 0.998182 0.517575 0.716001 -0.468464 0.788173 0.241753 -0.565985 0.177987 0.842153 -0.509018 -0.146593 0.259615 -0.954521 -0.271038 0.453619 -0.848981 -0.405302 0.0358246 -0.913481 -0.425571 0.124954 -0.896257 -0.0111654 0.852955 0.521865 -0.00158946 -0.00279673 0.999995 0.0025902 -0.0749376 0.997185 -0.0347264 0.208694 0.977364 -0.0975596 0.00912827 0.995188 0.172112 0.128461 0.976665 -0.127435 0.0587717 0.990104 -0.0325125 0.0268381 0.999111 -0.0304431 0.0075975 0.999508 -0.0310989 0.0264313 0.999167 -0.0517199 0.0525116 0.99728 0.154273 -0.0937148 0.983574 -0.0833193 0.0929552 0.992178 0.109291 -0.134737 0.984836 -0.0475929 -0.0518224 0.997522 -0.0255851 0.195736 0.980323 0.0295625 0.784237 0.619757 -0.0073887 0.166032 0.986093 0.102056 0.657232 -0.746747 0.162766 0.172648 -0.971442 0.205281 0.940023 -0.272428 0.0248366 0.776193 0.630006 -0.0336221 0.207784 0.977597 0.396007 0.566633 0.722569 0.491046 -0.27069 0.82801 -0.306843 0.0775664 -0.948594 -0.578931 0.164137 -0.798686 -0.486508 0.14995 -0.860712 0.918894 0.321176 0.229084 0.899698 -0.242062 0.363249 -0.0249267 -0.0772754 0.996698 0.573194 0.071908 -0.816259 -0.228934 0.014216 -0.973338 0.339001 -0.277022 -0.899076 -0.0598633 -0.0588502 0.99647 0.111097 -0.0781282 0.990734 -0.0181979 -0.0288599 0.999418 -0.0192109 -0.0655256 0.997666 -0.00405344 -0.0203706 0.999784 0.270934 0.363287 -0.891413 0.798685 0.0289286 -0.601053 -0.00200863 0.00110806 0.999997 -0.001839 -0.0339197 0.999423 0.960087 0.0210443 -0.278907 0.019202 -0.0131786 0.999729 -0.0116092 -0.043639 0.99898 0.51611 0.1503 -0.843232 0.563157 0.105614 -0.819573 0.135564 0.18183 -0.973941 0.105427 0.027288 -0.994053 -0.149998 0.0406217 -0.987852 -0.22326 -0.293851 -0.929412 -0.427354 -0.3706 -0.824636 0.0245607 -0.592987 -0.804837 -0.348667 0.387114 -0.853565 -0.0641059 0.221301 -0.973096 0.636164 0.129784 -0.76056 0.947732 -0.0214431 -0.318347 0.865156 0.0634422 -0.497474 -0.0530995 -0.0716867 0.996013 -0.0513585 0.00363429 0.998674 -0.00925538 -0.0418786 0.99908 0.0163733 0.802479 0.596455 0.0941567 0.993894 -0.0575294 0.0171815 0.996692 -0.0794323 -0.0511431 0.217569 0.974704 -0.03052 0.815595 0.577817 0.0679991 -0.056497 0.996084 0.00182362 -0.0313004 0.999508 0.030986 0.0147338 0.999411 -0.0236109 0.00980968 -0.999673 -0.0772764 0.0118238 -0.99694 -0.0308893 0.00706079 -0.999498 -0.500967 0.110115 -0.858433 0.0861716 -0.0680752 0.993952 0.787835 -0.0225164 0.615475 0.0752157 -0.0814707 0.993834 -0.0257559 -0.0746718 0.996876 0.185677 -0.507992 -0.841111 0.208524 -0.489241 -0.846853 0.0797383 -0.594568 -0.800082 0.00433547 -0.0533962 0.998564 0.0253903 -0.00113833 0.999677 0.799154 -0.0620318 0.597918 -0.00203594 -0.084826 0.996394 0.447521 0.608666 -0.655172 0.0834144 0.702277 -0.707 0.404841 -0.337745 -0.849725 -0.0478088 0.120555 -0.991555 0.14582 0.893269 -0.425214 0.208948 0.62813 -0.749529 -0.0229836 0.0205896 0.999524 0.0186234 -0.116522 -0.993014 0.750618 -0.0506903 0.658789 0.0987237 -0.0115475 0.995048 0.0756976 -0.0472976 0.996008 -0.0075625 -0.0288678 0.999555 0.0209118 -0.0135672 0.999689 0.0314927 0.676767 -0.735524 0.0701627 -0.0180025 -0.997373 -0.0439057 -0.0423174 0.998139 0.889935 0.0666539 -0.45119 -0.886195 -0.0702694 -0.457952 -0.601723 0.398074 -0.692435 -0.637249 -0.00253395 -0.770654 -0.239396 -0.103323 -0.965409 -0.609868 -0.0395768 -0.791514 -0.0248236 -0.0411663 0.998844 -0.076397 -0.0348062 0.99647 -0.065148 0.026158 -0.997533 -0.547429 0.0142137 -0.836732 -0.616542 -0.0381406 -0.786398 0.910523 -0.0276633 -0.412532 0.796523 -0.0149213 -0.604425 0.674873 0.139533 -0.724622 -0.0349806 0.0159193 0.999261 0.00684513 -0.0757188 0.997106 -0.0304942 -0.0047268 0.999524 0.00249643 -0.000648328 0.999997 0.00498083 0.0146356 0.999881 0.0144316 -0.0736879 -0.997177 0.0550569 -0.18044 -0.982044 0.21774 0.290875 -0.931655 0.319577 0.334994 -0.886369 -0.0313592 -0.0179082 0.999348 0.295625 0.170993 -0.939876 0.414497 0.0152624 -0.909923 0.247615 0.269575 -0.9306 -0.34137 0.0349495 -0.939279 -0.634994 0.0129785 -0.772408 -0.626295 0.197517 -0.75415 0.826797 0.0517205 -0.560118 0.696673 0.0822303 -0.71266 0.754345 0.0111644 -0.656383 -0.306274 0.0941777 -0.947273 -0.0133903 -0.058802 0.99818 -0.0253856 0.145047 -0.989099 0.00246443 0.226256 -0.974065 -0.0342075 0.240956 -0.969933 -0.0299881 0.222982 -0.974361 -0.246061 0.187948 -0.950857 -0.0152244 -0.038732 0.999134 0.932243 0.00812754 -0.361741 -0.139096 0.202923 -0.969265 0.885544 0.0551112 -0.461275 0.800455 -0.101572 -0.590724 0.0251585 0.0264833 -0.999333 0.965936 0.0206675 -0.257954 0.378063 0.00453859 -0.925769 0.28475 -0.125717 -0.950323 -0.629423 0.0256663 -0.776639 0.0294312 0.0184798 0.999396 0.734267 -0.0279047 -0.678287 0.86246 0.0378399 -0.504709 0.0825317 0.247653 -0.965327 0.395569 0.122686 -0.910205 -0.317348 -0.00888512 -0.948267 -0.541767 0.0782931 -0.836875 -0.623661 -0.211298 -0.752596 -0.0195601 0.0125961 0.999729 0.0472016 -0.438007 -0.897732 -0.286727 -0.0195027 -0.957814 -0.410301 -0.101062 -0.906333 0.611142 0.128373 -0.781041 0.236901 0.00119576 -0.971533 -0.00967823 0.241653 -0.970314 0.0278191 0.998018 -0.0564486 -0.093219 0.0543989 -0.994158 -0.0654011 -0.0670953 -0.995601 -0.0384921 0.0838307 -0.995736 0.495047 -0.0930564 -0.863869 0.436451 0.0260704 -0.89935 0.652886 -0.155815 -0.741257 -0.470864 -0.331375 -0.817605 -0.455172 -0.344423 -0.821091 -0.0164572 -0.0265005 0.999513 -0.265281 0.0108467 -0.96411 -0.0675881 0.0655763 -0.995556 -0.323862 0.145471 -0.934854 -0.725062 0.144126 -0.673433 0.717793 0.0567299 -0.693941 -0.192788 0.178887 -0.964796 0.159275 0.151499 -0.975541 0.109093 0.0514969 -0.992697 0.202398 0.207689 -0.957027 0.0727937 0.196727 -0.977752 0.427779 -0.338582 -0.838074 0.196528 0.0866852 -0.976659 0.0396488 0.691286 -0.721493 0.983355 -0.0117029 -0.181316 -0.202392 0.306706 -0.930037 -0.645809 0.0768977 -0.759617 -0.369016 0.144141 -0.918178 -0.0265755 0.046246 -0.998577 -0.0260178 0.0358535 -0.999018 -0.0282516 0.0174644 -0.999448 0.468407 -0.296072 -0.832428 0.122211 -0.0513819 -0.991173 0.154063 0.362858 -0.919021 0.960728 0.0295649 -0.275914 -0.382455 -0.0655182 -0.921648 -0.155136 0.0896405 -0.983818 -0.0772779 0.062538 -0.995046 -0.333165 -0.0117578 -0.942795 -0.0150949 -0.00149453 -0.999885 0.288458 -0.155199 -0.944831 -0.252278 0.0202964 -0.967442 -0.0163264 -0.0189551 -0.999687 -0.646195 -0.00830612 -0.763127 0.303014 -0.00674701 -0.952962 -0.206762 0.0629622 -0.976363 0.791526 0.0301438 -0.610391 0.727777 -0.61547 -0.302551 -0.371208 -0.209999 -0.904492 -0.139007 0.188801 -0.972127 0.103628 0.260198 -0.959978 0.744825 0.0590497 -0.664642 -0.0250446 0.198442 -0.979793 0.341103 0.254819 -0.904829 -0.0485592 0.129934 -0.990333 -0.0381958 0.19107 -0.980833 0.0113892 0.0703509 0.997457 0.0154068 0.0552353 0.998354 -0.0093918 0.0564873 0.998359 -0.000283328 0.0427797 0.999085 -0.0510819 0.0674832 0.996412 -0.0126481 0.0986321 0.995044 -0.18396 -0.483672 0.855698 0.238041 -0.249176 0.938748 0.00872985 0.0585333 0.998247 0.0803962 -0.704377 0.705258 0.0312176 -0.999364 -0.0172232 -0.00287187 -0.715863 0.698235 0.022014 0.047009 0.998652 -0.0151716 0.030825 0.99941 -0.0235939 0.0176232 0.999566 0.00224506 0.0358584 0.999354 -0.0337469 0.0174167 0.999279 -9.57402e-05 -0.00617646 0.999981 -0.0577827 -0.460598 0.885726 -0.302537 -0.790678 0.532259 -0.0955472 -0.961428 0.257929 0.0483506 0.0144689 0.998726 0.0498576 0.0352133 0.998135 -0.000221581 0.0154188 0.999881 0.0289894 -0.0141795 0.999479 -0.007381 0.0248058 0.999665 0.00390302 -0.00293095 0.999988 0.0768323 0.0251607 0.996727 0.0445109 0.0107035 0.998952 0.0179581 -0.0113782 0.999774 -0.0543868 0.0300908 0.998066 -0.0220355 0.0709136 0.997239 -0.00284068 0.0176388 0.99984 0.262962 -0.451856 0.852454 0.034785 0.114803 0.992779 0.00422976 0.109282 0.994002 0.0245854 0.00446221 0.999688 0.0315659 0.0399584 -0.998703 0.0940672 0.0463738 -0.994485 0.0625104 0.0811625 -0.994739 0.027394 0.0295045 0.999189 -0.0594143 0.0588751 0.996496 -0.0212152 0.0545686 0.998285 -0.0734694 0.0396419 0.996509 0.0145003 0.024758 0.999588 0.0187156 0.0184508 0.999655 0.0378134 0.0183026 0.999117 -0.088574 -0.0584055 0.994356 -0.0405994 -0.0692433 0.996773 -0.0811191 -0.097798 0.991895 0.0941637 -0.0967117 0.990848 -0.0177477 0.0633774 0.997832 0.0284815 -0.619886 -0.784175 -0.0519457 -0.998476 -0.018633 -0.0222665 -0.997172 0.0717757 0.0266535 0.0266565 0.999289 0.0315482 0.00549215 0.999487 -0.00596274 0.0125056 0.999904 0.00560656 -0.0594958 0.998213 -0.00757341 -0.0463988 0.998894 -0.0118519 -0.0546204 0.998437 -0.0237198 -0.00212177 0.999716 -0.0076275 0.0144426 0.999867 -0.297351 -0.441417 0.846601 -0.036188 0.0132531 0.999257 0.0113603 0.00951354 0.99989 0.0618188 -0.0165382 0.99795 -0.0999007 -0.0291469 0.99457 -0.00381376 0.0168833 0.99985 -0.109651 -0.0589744 0.992219 -0.0238014 0.047639 -0.998581 0.107338 0.0871046 -0.9904 -0.00623933 0.0464089 -0.998903 0.00984075 0.0339966 0.999373 -0.0156743 -0.170004 0.985319 -0.942898 0.185867 -0.276401 -0.824222 0.0518333 -0.56389 -0.32355 0.671763 -0.666371 -0.0372056 -0.457375 0.888495 0.110155 -0.855023 0.506756 -0.0227307 -0.761606 0.647642 -0.017633 -0.0187806 0.999668 -0.0500531 -0.0108454 0.998688 0.0490304 0.0184664 -0.998627 -0.0553414 -0.0297168 -0.998025 -0.136304 -0.0431052 0.989729 0.0356816 0.0276079 0.998982 0.0201329 0.046007 0.998738 0.00928996 0.0381484 0.999229 0.21585 -0.0631274 -0.974384 -0.0823739 -0.569811 -0.817637 0.142896 -0.657836 -0.739481 -0.0369336 0.024897 0.999008 0.00717148 0.0218901 0.999735 -0.0346766 0.0391043 0.998633 0.0124429 0.0196125 0.99973 -0.00792405 0.00380217 0.999961 -0.009664 0.018825 0.999776 0.0157063 0.0466964 0.998786 0.0238547 0.0277236 0.999331 -0.00719018 0.0676945 0.99768 -0.0229454 0.0141191 0.999637 0.0117451 0.0342534 0.999344 0.0554326 0.035013 0.997848 -0.0231394 0.0054868 0.999717 -0.00820981 -0.0192194 0.999782 0.0402741 -0.0338499 0.998615 0.0248752 -0.00486439 0.999679 -0.0360576 -0.972069 0.23191 -0.000506929 0.0407985 0.999167 -0.00117271 0.0244603 0.9997 -0.0128103 0.0377627 0.999205 -0.970747 0.228607 -0.0734142 -0.766548 0.517409 -0.380385 0.765319 0.0197595 -0.643348 0.796028 0.323041 -0.511844 0.805928 0.140449 -0.575113 -0.032063 -0.0259176 0.99915 -0.0520168 -0.0375613 0.99794 0.00343623 -0.0112047 0.999931 -0.0499772 0.0166004 0.998612 -0.909591 0.289657 -0.297897 -0.724615 0.586751 -0.361464 -0.483484 0.272887 -0.831731 0.0759014 0.0703121 0.994633 -0.000181218 0.0128979 0.999917 0.0338699 -0.0398198 0.998633 -0.0197304 -0.0319386 0.999295 -0.0368493 0.00929026 0.999278 0.00135121 0.0166214 0.999861 0.0265478 0.0405103 0.998826 -0.0281457 0.0430815 0.998675 -0.0722177 0.00364878 0.997382 0.00770237 0.0317049 0.999468 -0.00198949 0.0298294 0.999553 -0.194891 -0.0666858 0.978555 -0.165421 -0.0477756 0.985065 -0.172089 -0.0909843 0.980871 0.0321444 -0.108794 0.993545 0.066736 -0.0530144 0.996361 0.122509 -0.817852 0.562236 0.00585374 -0.149594 0.98873 -0.0394909 -0.232756 0.971733 0.0407899 0.085799 0.995477 -0.0222352 0.0216323 0.999519 -0.0413645 0.0534735 0.997712 0.134378 0.106395 -0.985202 0.0203336 -0.000324084 0.999793 -0.119438 -0.0549071 0.991322 0.00337671 -0.0479193 0.998846 -0.0428459 -0.0394171 0.998304 -0.031543 -0.0265797 0.999149 -0.0377619 0.0373397 0.998589 -0.280001 -0.0713676 0.957343 -0.0348627 -0.0478086 0.998248 -0.0506163 -0.0467195 0.997625 -0.135374 -0.941507 0.308608 0.138357 -0.785432 0.603286 -0.0340017 -0.976171 -0.214321 -0.0172391 -0.98515 -0.17083 -0.557502 -0.559407 -0.613396 -0.769708 0.227783 -0.596376 -0.12941 -0.0865001 0.987811 -0.0331292 0.0131612 0.999364 3.00559e-05 0.0415032 0.999138 -0.0520544 0.0315448 0.998146 0.0863237 -0.0114092 -0.996202 0.860857 -0.144987 -0.487753 0.509242 0.236118 -0.8276 0.871354 0.157444 -0.464708 0.439263 0.655784 -0.613999 -0.0114729 -0.0547638 0.998433 -0.68084 -0.712904 -0.168002 -0.61001 -0.459809 -0.645339 -0.224651 -0.780477 -0.583428 -0.0767235 -0.0318352 0.996544 -0.0760993 -0.0323542 0.996575 -0.177886 -0.666846 -0.723653 -0.461539 -0.38049 -0.80138 -0.202314 -0.685693 -0.69921 0.0382951 0.0352624 0.998644 0.00764539 0.030593 0.999503 0.047781 0.0283359 0.998456 0.019666 0.0289393 0.999388 0.423263 -0.218691 -0.879217 -0.00688268 -0.482597 -0.875815 0.265826 -0.503491 -0.822091 0.398322 -0.351122 -0.84738 0.274069 -0.716034 -0.642013 -0.390439 -0.515569 -0.762723 -0.0314426 -0.0134587 0.999415 0.152557 -0.681316 -0.715915 0.436087 -0.656093 -0.61593 0.0277631 -0.648266 -0.760908 0.0368603 -0.642697 -0.765233 -0.0200281 -0.533817 -0.845363 0.0288311 -0.0211492 0.999361 0.027774 0.011972 0.999543 0.0504476 0.0303395 0.998266 0.0283599 0.00992149 0.999549 0.0241196 0.0189878 0.999529 -0.0248249 0.0805798 0.996439 0.00289691 0.0592187 0.998241 -0.0352468 0.0933646 0.995008 -0.0281859 0.00131325 0.999602 0.0233491 0.0319762 0.999216 -0.000833559 0.0129913 0.999915 -0.815687 -0.535325 -0.219274 -0.807201 -0.538388 -0.242001 0.287016 -0.491947 -0.821955 -0.0571657 -0.0420666 0.997478 -0.0652527 -0.0447411 0.996865 -0.0700646 -0.0470498 0.996432 0.0633374 -0.0252989 0.997671 -0.0574944 -0.0557326 0.996789 -0.274914 0.565296 -0.777729 -0.221739 0.212092 -0.951761 -0.0336288 -0.0958827 0.994824 -0.0384921 0.0698948 0.996812 0.0354932 -0.00167055 0.999369 0.10637 -0.466029 -0.878352 -0.0350896 -0.357286 -0.933336 -0.175543 -0.235914 0.955787 0.00601547 0.0881703 0.996087 -0.175526 0.397877 -0.900491 -0.149444 0.137723 -0.979132 -0.606716 0.470528 -0.640702 -0.762583 0.547629 -0.34434 -0.174913 -0.0706165 0.982048 0.880259 -0.421992 -0.216949 0.140144 -0.1066 -0.984376 0.498903 -0.388043 -0.774931 0.0284847 0.0562826 -0.998008 0.047674 0.0528517 -0.997464 0.0454757 0.0720744 -0.996362 -0.63476 -0.741498 -0.217393 -0.64901 -0.550282 -0.525334 -0.166565 -0.049697 0.984777 -0.139635 -0.033631 0.989632 0.794215 0.0742196 -0.603087 0.906298 -0.225735 -0.357306 -0.109837 -0.195329 0.974568 -0.0466628 0.050339 -0.997642 -0.0516325 0.0350259 -0.998052 0.395499 0.314928 -0.862787 0.0439529 0.038832 -0.998279 -0.0593404 -0.995642 -0.0719428 -0.0147507 -0.990222 -0.13872 -0.0110684 -0.983494 -0.1806 -0.0577178 0.0243662 0.998036 -0.874611 0.375132 -0.307134 -0.693079 -0.698508 -0.178123 -0.494975 0.563169 -0.661695 -0.650751 0.242082 -0.719666 0.829374 -0.472781 -0.297687 0.674882 -0.523242 -0.520338 -0.0388223 -0.0154652 -0.999126 -0.0267869 -0.00574438 -0.999625 0.425062 0.0216003 -0.904907 -0.0603344 -0.0812143 0.994869 -0.0540706 -0.0422206 0.997644 -0.191824 -0.735216 0.650123 0.0327187 -0.549467 -0.834875 -0.0429087 -0.0351704 0.99846 -0.0503048 -0.680463 0.731054 -0.409502 -0.655364 -0.63467 -0.0356514 -0.355035 -0.934173 -0.624904 0.0592054 -0.778454 -0.581403 -0.302128 -0.75544 -0.030388 0.070516 -0.997048 -0.00861366 -0.538491 -0.842587 0.803685 -0.494398 -0.33115 0.643158 -0.0846394 -0.761041 -0.311248 -0.0629366 -0.948242 0.172813 -0.16583 -0.970895 0.197327 0.0700303 -0.977833 -0.0271827 -0.0589188 0.997893 -0.0248631 0.00430185 -0.999682 -0.0595552 -0.0398845 0.997428 -0.911599 0.177042 -0.371004 0.27924 -0.145643 -0.949112 0.685359 -0.228628 -0.691385 0.398366 0.267001 -0.877505 -0.138814 0.167093 -0.97612 0.448754 0.147409 -0.881414 -0.706604 -0.629248 -0.323663 -0.862228 -0.348135 -0.367921 0.334929 -0.897985 -0.285387 0.767817 -0.417365 -0.486069 -0.796602 -0.510951 -0.32304 -0.598258 -0.390607 -0.699653 -0.0389016 -0.997164 -0.0644228 0.0129886 0.0605028 -0.998084 -0.0888766 0.00171499 -0.996041 -0.879862 0.291863 -0.375044 -0.60051 0.459326 -0.654528 0.717848 0.309447 -0.623648 -0.0121697 -0.998779 -0.0478731 0.143894 -0.226144 -0.963407 -0.514145 -0.233831 -0.825214 0.208119 0.21887 -0.953301 0.706211 0.155186 -0.690785 0.282039 -0.649839 -0.705807 -0.0896493 0.0657435 -0.993801 -0.621799 -0.639241 -0.452479 0.420731 -0.0428233 -0.906174 0.0382358 -0.968472 -0.246171 -0.0170998 -0.999854 -0.000169428 0.756766 0.207297 -0.619946 0.705665 0.428428 -0.564346 -0.0322336 0.0285848 -0.999072 -0.0748219 -0.518086 -0.85205 -0.0492552 -0.543013 -0.838279 -0.576434 -0.268922 -0.771624 -0.176631 0.159639 -0.971245 -0.0295682 0.0389897 -0.998802 0.890479 -0.339634 -0.302815 -0.0403465 0.00488829 -0.999174 0.455367 -0.317376 -0.831813 -0.0106689 -0.506172 -0.862367 -0.736712 0.114859 -0.66638 -0.495584 -0.686305 -0.532336 -0.674873 -0.373296 -0.63655 0.0523607 0.0135578 -0.998536 -0.358471 0.216473 -0.908096 0.0391542 -0.667184 -0.743863 -0.509877 -0.808015 -0.295192 0.629208 -0.127796 -0.766659 0.379444 0.573212 -0.726258 0.340754 0.520293 -0.783059 0.730574 0.18405 -0.657562 0.545836 0.548041 -0.63381 -0.2052 -0.0745781 -0.975875 -0.0133637 -0.0319135 -0.999401 -0.0246702 -0.228096 -0.973326 -0.651861 0.204849 -0.730147 -0.448794 -0.738485 -0.503214 -0.0153422 -0.0500887 0.998627 -0.0497127 -0.0191721 0.99858 -0.0142314 -0.0405453 0.999076 0.0467592 -0.624166 -0.779891 -0.00568869 -0.623142 -0.782088 0.0866916 -0.974986 -0.204665 -0.0802255 -0.238091 -0.967924 -0.0279869 0.0533026 -0.998186 -0.084371 0.0662675 -0.994228 0.456403 -0.399023 -0.795284 -0.408882 -0.386193 -0.826844 -0.300025 0.41908 -0.856946 -0.0317934 0.745184 -0.666101 -0.0268527 0.782698 -0.621822 -0.0985874 0.0837083 -0.991601 0.0119206 -0.0522755 0.998562 0.0199371 -0.0681379 0.997477 0.00735557 -0.0626245 0.99801 -0.0582609 -0.0480894 0.997142 -0.0341694 -0.0259601 0.999079 -0.0292039 0.153929 0.98765 -0.559729 0.134788 -0.81764 -0.180219 0.245227 -0.952568 -0.700836 0.158321 -0.695531 -0.0183408 0.0364462 -0.999167 -0.0107442 0.0294761 -0.999508 -0.00591854 0.00767484 -0.999953 -0.00831349 0.754414 0.656346 -0.0170267 0.150411 0.988477 0.00387827 0.793943 0.60798 -0.886827 0.100994 -0.450931 -0.861828 0.111283 -0.494842 -0.900534 0.227859 -0.370297 0.351375 -0.885222 -0.304824 0.276051 -0.758619 -0.590164 0.66894 -0.400302 -0.62632 0.0413915 0.169474 0.984665 0.0315563 0.000318466 0.999502 0.0358573 0.15569 0.987155 0.635585 -0.682001 -0.361809 0.607962 -0.667853 -0.429366 0.865868 -0.20853 -0.454739 0.266102 -0.295425 -0.917559 0.0898932 0.0230564 -0.995685 0.0575164 -0.369921 -0.927281 0.0424204 -0.0392417 -0.998329 0.550701 -0.448049 -0.704259 0.603 -0.376265 -0.703431 0.677136 -0.540269 -0.499595 -0.151215 0.0681022 -0.986152 0.0604841 0.0970034 -0.993445 0.00486825 0.23014 -0.973145 0.618197 0.056418 -0.783996 0.630798 0.452207 -0.630557 -0.0328764 0.122792 0.991888 0.0109795 -0.0399349 0.999142 0.00450303 0.112748 0.993613 -0.105469 -0.594315 -0.797287 -0.115087 -0.488033 -0.865205 0.271962 -0.661844 -0.69857 0.231779 0.0204067 -0.972554 0.296535 0.0362968 -0.954332 0.18504 0.435554 -0.880939 -0.134687 0.252518 -0.958172 -0.0323831 0.19963 -0.979336 0.0920418 0.243392 -0.965551 -0.00689796 0.00782584 -0.999946 0.013996 -0.0636184 -0.997876 0.0248131 -0.0325749 0.999161 -0.374585 0.0777837 -0.923924 -0.766583 0.135636 -0.627657 -0.45953 -0.0055423 -0.888145 0.802623 0.0116454 -0.596373 0.780512 -0.0971772 -0.617542 0.720302 0.0390186 -0.692562 0.333896 0.311116 -0.889787 0.400163 0.269684 -0.875865 0.453133 0.538407 -0.710485 0.0213576 -0.0427941 0.998856 0.883524 0.172778 -0.435355 0.728066 0.0146813 -0.68535 0.950995 0.191571 -0.242713 0.0109634 0.0134365 -0.99985 0.492436 0.117519 -0.862378 0.09048 0.00948069 -0.995853 0.0418228 0.74569 -0.66498 0.016402 0.986968 -0.160077 -0.00685611 0.752977 -0.658011 0.029696 0.248343 -0.968217 0.0451786 0.322553 -0.945473 -0.0119982 0.27317 -0.961891 -0.349798 -0.106502 -0.930752 -0.0735925 0.176374 -0.981568 -0.0594604 0.220456 -0.973583 -0.0195063 0.74908 0.662193 -0.0337902 0.121556 0.992009 0.00638956 0.786243 0.617885 0.462895 -0.0470523 -0.885163 0.0329524 0.0112431 -0.999394 0.0158938 0.012621 -0.999794 0.00239696 0.999434 -0.0335447 0.016717 0.998675 -0.0486744 -0.476315 -0.0870134 -0.874959 -0.31449 -0.230019 -0.920971 -0.0277913 0.13162 0.990911 -0.00122549 0.785726 0.618574 -0.00772 0.00424646 -0.999961 0.00657663 0.0258233 -0.999645 0.0180063 0.024964 -0.999526 0.0194412 0.00542721 -0.999796 -0.181603 0.115527 -0.976562 -0.123774 0.447822 -0.885514 -0.684234 0.378117 -0.623579 0.0131157 -0.0433127 0.998975 0.00488631 -0.0657911 0.997821 0.0329663 -0.0337658 0.998886 -0.829796 -0.0269806 -0.557414 -0.84318 -0.102041 -0.527859 -0.839181 0.0150503 -0.543644 0.0409142 -0.0191261 -0.99898 0.0294581 -0.0360875 -0.998914 0.0109817 -0.0442387 0.998961 -0.443945 -0.0546792 -0.894384 0.0338831 0.184804 0.982191 0.0041719 0.181949 0.983299 0.00652441 -0.0243337 0.999683 0.267028 -0.341532 -0.901139 0.546329 -0.580833 -0.603455 0.363784 -0.649621 -0.667573 -0.0930758 0.135884 -0.986343 -0.00677927 -0.0866702 -0.996214 -0.00753749 -0.692762 -0.721127 -0.0384438 -0.0418152 0.998385 0.177785 0.507112 -0.843344 0.501463 0.0319612 -0.864588 0.698982 0.453234 -0.553176 -0.105598 -0.037476 0.993703 -0.115434 -0.0775349 0.990285 -0.0241523 -0.0177655 0.99955 -0.0862314 -0.0414366 0.995413 -0.027901 -0.0583764 0.997905 0.584145 0.478119 -0.655879 -0.295384 0.0518445 -0.953971 -0.322397 0.0978423 -0.941535 -0.323474 0.0284527 -0.945809 -0.0399495 -0.0751412 0.996372 -0.0420906 0.0324728 0.998586 0.0146064 0.0400706 0.99909 0.78848 -0.473345 -0.392739 0.00769169 0.0121257 -0.999897 0.00275405 0.0172797 -0.999847 -0.00980356 0.801534 0.597869 -0.0113762 0.999565 -0.0272303 -0.0272293 0.0377325 -0.998917 -0.0864188 -0.0442177 0.995277 0.0429966 -0.0143072 0.998973 -0.313003 0.0319754 -0.949214 0.0621189 -0.0350836 -0.997452 0.041128 -0.0575533 0.997495 0.0237836 -0.0260843 0.999377 -0.175647 0.853207 -0.491107 0.475856 0.582986 -0.65855 -0.261979 0.632645 -0.728785 -0.209472 0.296946 -0.931636 -0.0615267 0.320271 -0.945326 -0.0629051 0.144373 -0.987522 0.02349 -0.0834093 -0.996239 0.0493232 0.0824266 -0.995376 0.289698 0.339666 -0.89482 -0.565543 0.0284731 -0.824227 -0.720847 0.0928209 -0.686851 -0.0248608 0.0376624 -0.998981 -0.0694355 0.0812938 -0.994269 0.594447 0.139251 -0.791986 0.306832 -0.115703 -0.944705 0.0302397 0.772158 0.634711 0.00930359 -0.0428688 -0.999037 0.0089483 0.0305979 -0.999492 0.0141258 -0.0625936 0.997939 0.0156379 -0.0633609 0.997868 -0.292201 -0.754719 -0.587382 -0.283037 -0.4791 -0.830875 -0.507515 -0.339469 -0.791953 0.234613 0.0354862 -0.971441 0.032028 -0.107025 -0.99374 0.439046 -0.0437654 -0.897398 -0.0981168 0.299105 -0.949163 -0.132859 -0.0646198 -0.989026 -0.202846 0.238974 -0.949603 0.0345584 0.0114018 -0.999338 0.0326099 -0.0553475 -0.997935 -0.0462167 -0.066237 -0.996733 0.030633 -0.0657976 0.997363 -0.0618074 0.102782 0.992782 -0.0381 -0.0723436 0.996652 0.0226892 -0.0350984 0.999126 0.0106649 -0.0454161 0.998911 0.0228321 0.0469025 0.998639 -0.905212 0.236201 -0.353272 -0.672105 0.563788 -0.480019 -0.428946 0.654891 -0.622192 -0.0797671 0.0454295 -0.995778 -0.0209956 0.0881449 -0.995886 -0.0508993 0.715304 -0.696957 0.326732 -0.222048 -0.918662 0.0624847 0.137791 -0.988488 0.570504 0.0743808 -0.81792 0.0744943 0.0408814 -0.996383 0.749464 0.322417 -0.578231 0.334475 0.68921 -0.642741 -0.0134722 0.645652 -0.763513 0.705196 0.102684 -0.701538 0.667626 -0.307166 -0.678177 -0.0439146 -0.0704468 0.996548 -0.0084695 0.00429374 -0.999955 0.801276 -0.342365 -0.490656 0.839157 -0.00742505 -0.543839 0.539692 -0.313603 -0.781272 -0.0658185 0.010248 0.997779 0.00121902 0.0565011 0.998402 -0.0172219 0.0167899 0.999711 0.54051 0.058032 -0.839334 0.0186343 -0.000897084 -0.999826 0.0119542 0.00266889 -0.999925 0.00926068 -0.000677808 -0.999957 -0.0264769 0.740503 0.671531 -0.114529 0.0671387 0.991149 0.928684 -0.158717 -0.335194 -0.0425276 -0.0556905 0.997542 0.013157 0.999157 -0.0388745 -0.0260015 0.113055 -0.993248 0.874857 0.250708 -0.414453 0.886112 0.263734 -0.381117 0.295053 0.221531 -0.929445 -0.00424653 -0.980644 -0.195755 -0.455393 -0.783658 -0.422489 -0.606047 -0.695363 -0.386235 -0.105534 0.0121675 -0.994341 -0.0889491 0.127967 -0.987782 0.22727 0.0469978 -0.972697 -0.305837 -0.556994 -0.772153 -0.00082209 -0.23583 -0.971794 -0.00684037 0.781409 0.623981 0.0422807 0.758271 0.650568 0.0154396 0.791858 -0.610511 -0.0216092 0.795684 0.605327 -0.0189226 0.999631 -0.0194861 0.0113473 0.999706 -0.021427 -0.173577 -0.52702 -0.831938 -0.541927 -0.147516 -0.827378 0.562497 0.0922174 -0.821641 0.946828 0.189492 -0.260021 0.660637 0.0852184 -0.745853 0.73947 0.215934 -0.637617 0.641108 0.00971581 -0.76739 -0.0891787 0.0797075 -0.992821 -0.0578335 0.374691 -0.925344 -0.00733177 0.40679 -0.913493 0.0225694 0.770736 -0.636755 0.380891 -0.0676501 -0.922142 0.0553574 0.205867 -0.977013 0.037743 0.703841 -0.709354 0.0673072 0.0594463 -0.99596 0.0373097 0.734489 -0.677595 -0.893321 -0.0483682 -0.446809 -0.812279 -0.00559312 -0.583243 0.015527 0.00662408 -0.999858 -0.261579 -0.289607 -0.920709 0.00053989 0.0133482 -0.999911 0.0234054 0.173426 -0.984569 -0.222918 0.297398 -0.928365 -0.588921 0.0326695 -0.80753 -0.730307 0.0571604 -0.680724 -0.603303 0.302675 -0.737843 0.223711 0.298424 -0.927845 -0.553542 -0.503904 -0.663077 -0.100259 -0.0546225 0.993461 0.189157 -0.0627523 -0.97994 -0.135658 -0.0629582 -0.988753 0.199273 -0.0555158 -0.97837 -0.796228 0.405008 -0.449432 -0.575105 0.219811 -0.787996 -0.733311 0.288631 -0.615587 0.0824554 0.24106 -0.967001 0.694636 0.0769442 -0.715234 -0.011979 0.17058 -0.985271 -0.00608622 0.11466 -0.993386 -0.252548 0.209423 -0.944649 -0.0302497 0.742699 0.668941 -0.0183662 0.998064 -0.0594158 0.911872 0.361722 -0.194029 0.929594 0.0969649 -0.355602 0.853101 0.343906 -0.392362 -0.144442 0.0445399 -0.98851 -0.16463 0.156719 -0.973826 -0.053573 -0.0276108 0.998182 0.632059 0.624138 -0.459297 0.553005 -0.0867339 -0.828651 0.713848 -0.0487501 -0.698602 -0.320269 -0.198803 -0.926232 0.01182 0.715673 -0.698335 0.00126712 0.739406 -0.673259 -0.59875 -0.369755 -0.710479 0.673502 -0.0641719 -0.736395 0.30949 -0.567262 -0.763171 -0.46316 0.141097 -0.874971 -0.796443 0.365861 -0.481481 -0.557343 -0.56998 -0.603731 0.0149775 -0.0145028 -0.999783 -0.0243448 -0.0693012 -0.997299 -0.0141932 0.00187388 -0.999898 0.421709 -0.320084 -0.848356 0.578712 -0.159959 -0.799691 -0.0161254 0.0334003 -0.999312 -0.00764268 0.0231377 -0.999703 -0.0246679 0.0296381 -0.999256 -0.651218 0.00817807 -0.758847 0.831865 -0.00526767 -0.554953 -0.731566 0.543664 -0.411389 -0.472119 0.572731 -0.670136 -0.83137 0.227323 -0.507098 -0.0398513 0.00904212 -0.999165 0.00949104 0.0177984 -0.999797 0.268418 -0.325569 -0.906618 -0.876324 0.342396 -0.338853 -0.564786 0.509701 -0.649016 -0.932064 0.225349 -0.283681 0.000569836 -0.0221884 0.999754 0.260122 0.061207 -0.963634 -0.677806 -0.468263 -0.566842 -0.248523 -0.191538 -0.949499 -0.0828484 -0.796491 -0.598947 0.924528 0.124489 -0.360208 -0.279168 -0.164762 -0.946001 -0.595531 -0.398415 -0.697573 -0.644266 -0.323085 -0.693209 -0.437268 0.0154556 -0.899198 0.00522395 0.00702992 -0.999962 -0.405708 -0.00830353 -0.913965 -0.0168262 0.762802 0.646413 -0.0820278 0.032818 0.99609 -0.646981 -0.349529 -0.677676 -0.0309426 0.322477 -0.946072 0.00358791 0.00573386 -0.999977 0.0241396 0.0170785 -0.999563 -0.383673 0.265983 -0.884335 0.143128 -0.717002 -0.682219 0.0540188 0.0309004 -0.998062 0.568044 0.095939 -0.817387 0.839551 -0.110436 -0.531938 -0.0412862 0.189173 -0.981076 -0.408671 0.158852 -0.898752 0.94503 0.13221 -0.299065 -0.888576 -0.241952 -0.389733 0.068127 0.22651 -0.971623 0.060828 0.322804 -0.944509 -0.101 -0.641002 -0.760865 -0.0135405 -0.429288 -0.903066 -0.744748 -0.0637677 -0.664293 0.0715274 0.0951174 -0.992893 -0.0163316 0.0118986 -0.999796 -0.00969035 -0.00540036 -0.999939 -0.0554407 0.457359 -0.887553 -0.621243 -0.324758 -0.713154 -0.779525 -0.161589 -0.605169 -0.0891617 0.0176027 -0.995862 -0.036821 0.190299 -0.981035 0.0202834 0.185881 -0.982363 -0.0281557 0.182438 -0.982814 -0.48263 -0.369375 -0.794122 0.133277 -0.5019 -0.854595 0.0657598 0.0224144 -0.997584 0.642032 0.18047 -0.745135 0.946639 0.215832 -0.239357 0.633217 -0.131222 -0.762769 0.0454242 0.708471 -0.704277 0.02808 0.998182 -0.0533347 0.827622 0.204018 -0.522895 0.900993 0.0672741 -0.428586 -0.0947046 0.139929 -0.985622 -0.300286 0.0493883 -0.95257 0.582558 -0.355067 -0.731132 -0.0145473 0.997989 -0.0616985 -0.0083498 0.0224814 -0.999712 0.00492597 0.0309546 -0.999509 0.508259 0.171847 -0.843885 0.446133 0.0303172 -0.894453 -0.089151 -0.158346 -0.983351 -0.245764 0.0263993 -0.96897 0.600703 -0.03363 -0.798765 -0.834688 -0.165284 -0.525335 -0.539771 0.113171 -0.83417 -0.0150127 0.991704 -0.127661 0.0691196 0.0171953 -0.99746 0.621083 0.300163 -0.723988 0.0290696 0.0303667 -0.999116 0.011134 0.0369489 -0.999255 -0.614267 0.10779 -0.781702 -0.238386 0.143898 -0.960451 -0.224016 0.281725 -0.932978 -0.297816 0.736658 -0.607158 -0.376908 -0.403536 -0.833726 0.314727 0.200235 -0.927822 0.477924 0.288536 -0.82966 -0.890694 0.138924 -0.432856 0.133226 0.121717 -0.983583 -0.0442297 0.998893 -0.0159918 0.115871 -0.712472 -0.692068 -0.781184 0.395284 -0.483221 -0.138142 -0.672535 -0.727058 0.0347522 0.0320031 -0.998883 0.885933 0.44218 -0.139998 -0.0907466 0.718509 -0.689573 0.262124 -0.482036 -0.836022 0.560758 -0.548759 -0.620011 -0.263267 0.120192 -0.957207 0.37298 -0.019466 -0.927635 -0.280282 0.130025 -0.951071 -0.0508008 0.18046 -0.98227 0.766354 0.109584 -0.633003 -0.127916 0.0164989 -0.991648 0.13081 0.0367101 -0.990728 -0.121145 -0.00332693 -0.992629 0.193017 -0.529547 -0.826029 0.020472 -0.223243 -0.974548 0.0657517 -0.502505 -0.862071 -0.78436 0.233875 -0.574527 0.260907 0.159718 -0.95206 -0.821227 0.0140167 -0.57043 -0.684067 0.0496733 -0.727726 -0.715505 -0.0388829 -0.697525 -0.0210908 0.0304718 -0.999313 0.300373 0.0847156 -0.950052 0.310415 0.0941632 -0.945926 -0.303215 0.31103 -0.900733 0.160281 0.457129 -0.874839 -0.135916 0.49184 -0.860012 0.0240092 0.234795 -0.971748 -0.0189395 0.282531 -0.959071 0.44112 -0.00147971 -0.897447 0.782611 0.145475 -0.605274 -0.00380045 0.99973 -0.0229251 -0.0197861 0.00892427 -0.999764 -0.0207879 0.0354576 -0.999155 0.0680122 -0.0313386 -0.997192 0.690519 0.119933 -0.713302 0.14057 -0.971259 -0.192084 0.656647 -0.615463 -0.435912 0.801761 0.188978 -0.566981 -0.739378 0.233984 -0.631325 0.787083 0.218288 -0.576932 -0.052857 -0.0636816 -0.99657 0.384097 -0.505174 -0.772831 0.383458 0.121756 -0.915497 -0.31717 0.0386823 -0.94758 -0.0163654 0.292453 -0.95614 -0.00845265 0.158062 -0.987393 -0.832234 -0.264617 -0.487201 -0.302405 0.00912641 -0.953136 0.845345 0.33416 -0.416808 0.00625466 0.00895138 -0.99994 -0.00895072 0.0230645 -0.999694 -0.334569 0.558558 -0.758997 -0.349471 0.33942 -0.873307 -0.0922306 -0.976408 -0.195244 -0.0312765 -0.00561953 -0.999495 -0.39301 -0.56548 -0.725104 -0.84931 0.319079 -0.42055 0.299334 0.0403868 -0.953293 -0.490483 0.46502 -0.737009 0.180405 0.609557 -0.771942 -0.0165409 -0.0246151 -0.99956 0.386431 0.183591 -0.903861 0.0413458 0.00736212 -0.999118 -0.00151713 0.735901 -0.677088 -0.0337736 0.0317405 -0.998925 -0.516562 -0.095201 -0.850941 -0.633208 0.413924 -0.653999 -0.346196 0.00999364 -0.938109 0.0392333 -0.458204 -0.887981 0.035818 0.283833 -0.958204 0.00567292 0.570673 -0.821158 0.258074 0.429157 -0.865576 -0.354367 0.0680087 -0.93263 -0.314274 0.0765712 -0.946239 0.333193 0.0352878 -0.942198 0.270842 0.075599 -0.959651 -0.358472 0.47164 -0.805639 -0.211216 -0.615191 -0.759557 -0.287128 -0.907373 -0.306973 -0.366898 0.0778918 -0.926995 -0.255677 -0.788915 -0.558787 0.0426136 -0.516237 -0.855385 -0.238455 0.0374797 -0.97043 0.243877 0.0570528 -0.968127 0.10544 0.0987075 -0.989515 0.114562 0.469966 -0.875219 0.253881 0.0217019 -0.966992 -0.309525 0.0161952 -0.950754 0.588073 -0.160044 -0.792815 -0.613299 -0.694643 -0.375946 -0.759788 0.403115 -0.510119 -0.674886 0.159781 -0.720416 0.384231 -0.726549 -0.569643 0.355606 0.419292 -0.835307 0.0231946 0.0317044 0.999228 0.00800932 0.0341248 0.999386 -0.0200856 0.0297305 0.999356 0.153043 -0.169949 -0.973496 0.0397049 -0.0210825 -0.998989 -0.0179694 0.00938509 -0.999794 0.00595035 0.0251964 0.999665 0.0195471 0.0144793 0.999704 0.0294631 0.0137234 0.999472 0.0232722 0.0189374 0.99955 0.00793191 0.0256458 0.99964 0.0042686 0.00252974 0.999988 0.787023 -0.049216 0.614957 0.778267 -0.0357758 0.626914 0.997812 -0.0171379 -0.0638481 0.033053 0.0690365 0.997066 0.0302491 0.026021 0.999204 0.0520309 0.00138629 0.998645 0.129301 0.0124471 -0.991527 0.154097 0.0160337 -0.987926 -0.0687056 0.0294867 -0.997201 -0.000799067 0.0370504 0.999313 0.0198351 0.0319991 0.999291 0.0108412 0.0289738 0.999521 0.0295523 0.00471109 0.999552 0.0210898 0.0203718 0.99957 -0.00337387 0.0241454 0.999703 -0.0252309 0.0623681 0.997734 0.0107025 0.0430528 0.999016 0.160741 -0.0396324 -0.986201 0.00828315 0.0263685 -0.999618 0.00334787 0.00537498 -0.99998 0.804511 -0.0423025 0.592429 0.120336 -0.00740056 0.992706 -0.751901 -0.527031 -0.396086 -0.679465 -0.555204 -0.479663 -0.052097 0.0142466 -0.99854 -0.102871 -0.0727034 -0.992034 -0.0703859 0.0248649 -0.99721 -0.0367176 0.165058 -0.9856 -0.00247005 0.0505115 0.99872 -0.0116223 0.022354 0.999683 -0.440313 -0.358095 -0.823342 -0.0835609 0.00609504 -0.996484 -0.0029293 0.0341649 0.999412 0.0183534 0.0407689 0.999 0.0110035 0.00128695 0.999939 0.104463 -0.0405102 0.993703 0.0351065 0.0246225 0.99908 0.0366722 0.0173251 0.999177 0.0404298 -0.00295272 0.999178 -0.0040866 0.0133005 0.999903 -0.0411579 0.0421634 0.998263 -0.00991868 0.0610147 0.998088 -0.0205494 0.0505026 0.998513 0.784366 -0.0645196 0.616934 0.769201 -0.0248905 0.638522 0.126059 -0.0579942 0.990326 0.00492089 -0.00333855 0.999982 0.0135869 -0.00321754 0.999903 -0.0163166 0.0206098 0.999654 -0.0388917 0.0223887 0.998993 0.184116 -0.53384 -0.825297 0.409162 -0.663873 -0.625986 -0.0697478 -0.0215688 -0.997332 -0.085968 -0.0242811 -0.996002 -0.0940895 0.0110865 -0.995502 0.841803 -0.0252958 0.539192 0.859298 0.00415126 0.511459 0.23199 0.00418475 0.972709 -0.029239 -0.0670287 0.997323 -0.039165 -0.0328975 0.998691 0.00113134 -0.0435074 0.999052 -0.00154212 0.0497928 0.998758 -0.0834008 0.03172 -0.996011 -0.0353973 0.0105776 0.999317 -0.0554301 0.00766752 0.998433 -0.0426061 -0.0291066 0.998668 0.0557291 0.0119474 0.998374 0.00462498 -0.049379 0.998769 0.0388026 0.0205851 0.999035 0.385331 0.0584109 0.920928 0.929727 0.0347984 0.366602 0.887266 0.308727 0.342705 -0.0797198 -0.721859 -0.687433 -0.0312443 -0.0571634 -0.997876 -0.0127141 0.00715218 -0.999894 -0.0278258 0.00354362 -0.999607 -0.0247447 0.0146053 -0.999587 0.000773178 0.00261001 0.999996 -0.010798 0.015636 0.999819 -0.018942 0.0267695 0.999462 -0.117875 -0.244137 -0.96255 0.0247225 0.0377092 0.998983 0.534796 0.105898 0.838319 0.0560307 0.031026 0.997947 -0.0509004 0.0402579 -0.997892 -0.0590329 0.0186725 -0.998081 -0.0303593 0.0338997 0.998964 0.00653866 0.0182228 0.999813 -0.00891133 0.0203458 0.999753 -0.0326852 0.0128863 -0.999383 -0.0289903 0.0264896 -0.999229 0.00348214 -0.00355585 0.999988 0.00865154 -0.0241755 0.99967 -0.0142206 -0.0311128 0.999415 0.0220587 0.0633788 0.997746 0.0170387 0.0145135 0.99975 -0.00244663 0.00712001 -0.999972 -0.00842442 0.00948362 -0.99992 -0.0158 0.0211076 0.999652 -0.081695 0.164288 -0.983024 -0.0889573 0.21526 -0.972497 -0.153375 0.241151 -0.958291 -0.0214365 0.0209176 0.999551 0.0234025 0.026486 0.999375 0.00644205 0.0173914 0.999828 0.00204479 0.0163366 0.999865 0.00231525 0.0437552 0.99904 -0.00069642 0.0220606 0.999756 -0.0259581 0.0381364 0.998935 0.007827 0.0263381 0.999622 0.0109875 -0.00934144 0.999896 0.697471 -0.118241 -0.706791 0.362759 -0.101416 -0.926348 0.293478 -0.0468679 -0.954816 -0.294576 -0.535039 -0.791807 -0.0317598 -0.0344558 -0.998901 0.706781 -0.0403933 -0.706278 0.569896 -0.320591 -0.756598 0.805047 -0.000252829 -0.593211 -0.0281528 -0.0327753 0.999066 0.119187 -0.0348904 -0.992259 0.00104346 0.0225222 0.999746 0.520198 -0.0589086 0.852012 0.948997 -0.114894 0.293607 0.904541 -0.202179 0.375406 -0.00197858 0.0564481 0.998404 -0.0140901 0.0503731 0.998631 -0.0283112 0.0210243 0.999378 -0.0332615 0.0116325 -0.999379 -0.0525101 0.0188284 -0.998443 -0.0412099 0.0100551 -0.9991 0.0338035 0.0196744 0.999235 0.1972 -0.0270066 -0.979991 0.163658 -0.0689343 -0.984106 0.194075 -0.14612 -0.970043 0.893964 -0.00890549 0.448051 0.348993 -0.0254362 0.93678 0.922603 -0.00877947 0.385651 -0.0226897 0.0460414 0.998682 -0.0195971 0.0107235 0.99975 0.0305203 0.00952961 0.999489 0.0190556 -0.00816481 0.999785 0.0440066 0.0257161 0.9987 0.0172186 -0.00174005 0.99985 0.00794073 0.0368923 0.999288 0.0138161 0.18216 -0.983172 -0.0185244 0.136654 -0.990446 0.0151681 0.0368596 -0.999205 0.206106 0.0354028 0.977889 0.28459 0.0687806 0.956179 0.71064 0.018706 -0.703307 0.999242 -0.0379672 0.00864181 0.742862 0.000990558 -0.669444 -0.0192095 0.0247737 -0.999509 -0.0162023 0.0182667 -0.999702 -0.0114952 0.0240337 -0.999645 0.00332772 0.0297937 -0.999551 0.00610782 0.000351882 0.999981 0.0222393 0.031709 0.99925 -0.00558492 0.054804 0.998482 -0.0181458 0.019476 -0.999646 -0.0177087 0.00909475 -0.999802 0.082093 -0.00250416 0.996622 0.0911727 0.0469169 0.994729 0.845315 0.00272287 -0.534261 0.998975 0.00914592 0.0443229 0.827843 0.00573839 -0.560931 -0.0164334 -0.000130584 0.999865 -0.00244096 0.012307 0.999921 0.0325253 -0.00304504 0.999466 0.0184832 0.0259553 0.999492 0.0882114 0.0107178 -0.996044 0.175011 0.0982531 -0.979652 0.28499 0.179415 -0.94159 0.393459 -0.0145357 0.919227 -0.2022 0.134574 -0.970054 -0.0740433 0.0785593 -0.994156 -0.0384015 0.0482721 -0.998096 -0.00278423 -0.066971 0.997751 0.297497 0.262492 -0.917929 0.381294 0.114107 -0.917385 0.127265 -0.012018 -0.991796 0.0942838 -0.0329607 -0.995 -0.00563584 0.115157 -0.993331 0.0132932 0.00289647 0.999907 0.0345443 -0.00664632 0.999381 0.999345 -0.0341683 -0.011917 0.0628443 -0.0188624 -0.997845 -0.0155601 0.00671385 -0.999856 -0.0893853 -0.0127611 -0.995915 -0.0983843 0.0165135 -0.995012 0.0696163 -0.0247955 -0.997266 0.0570665 0.060589 0.99653 0.024072 0.00797307 0.999678 -0.0577278 0.00863325 -0.998295 -0.0778141 0.0186852 -0.996793 0.0151748 -0.0161982 0.999754 0.00648409 -0.0144581 0.999874 0.782987 -0.136131 -0.606959 0.717661 -0.0356599 -0.695479 0.534486 -0.204467 -0.820072 -0.0364274 0.0347101 -0.998733 -0.0502255 0.0294535 -0.998304 -0.0412836 0.0247423 -0.998841 0.0775111 -0.164531 -0.983322 -0.0328651 0.0200599 0.999259 -0.0278708 0.0412944 0.998758 0.0638659 0.0393785 0.997181 -0.00924449 0.0225292 0.999704 -0.0335496 0.0279449 0.999046 0.11523 0.0352704 -0.992712 0.242584 -0.0485255 -0.968916 0.416483 0.2231 -0.881345 0.0126118 0.0768807 0.996961 0.171534 -0.0267837 0.984814 0.808066 -0.00414671 0.589077 0.357284 0.00832392 0.933959 0.904801 0.0122656 0.425659 -0.00764412 0.00752815 0.999942 -0.0149735 -0.0545783 0.998397 -0.0256791 0.00915677 0.999628 -0.0227152 0.017513 0.999589 0.747215 -0.155824 -0.646057 -0.050307 0.123324 -0.991091 -0.0117834 0.0518659 -0.998585 0.807027 0.0316697 -0.589665 0.999365 0.00181839 0.0355939 0.821395 -0.0211474 -0.569967 -0.0217101 0.0344819 0.99917 -0.0240351 -0.0274661 0.999334 0.999685 0.00813672 -0.0237516 -0.00325608 0.0243908 0.999697 0.77903 -0.0475044 0.625184 0.137806 -0.0271525 0.990087 -0.00868514 0.0227443 0.999704 -0.0107981 0.0167292 0.999802 0.0659633 -0.0119761 -0.99775 0.134979 -0.0172383 -0.990698 -0.0399007 -0.0322666 0.998683 0.0263694 0.0107797 0.999594 0.0223913 0.0672013 0.997488 0.205506 0.0208891 -0.978433 -0.0349753 -0.0364638 0.998723 -0.0643752 0.014711 -0.997817 -0.0558885 0.040453 -0.997617 -0.0799443 0.0359271 -0.996152 -0.00239167 0.0235772 -0.999719 0.00641605 0.0303672 0.999518 0.148546 -0.0368789 0.988218 0.00302814 0.0106155 0.999939 -0.0276653 0.0333124 0.999062 0.999251 -0.038513 0.00368746 0.0273724 0.342365 -0.939168 0.83891 -0.000252956 -0.54427 0.806222 0.00360747 -0.591603 0.993069 -0.0416155 0.109915 0.0462353 0.028308 0.998529 0.803139 -0.0337558 0.594835 -0.0339598 0.0632029 0.997423 0.999003 -0.0378652 0.0236457 0.999075 -0.0413441 0.0117897 0.0283054 0.046889 0.998499 -0.0403067 -0.0060824 -0.999169 -0.02694 0.00385077 -0.99963 -0.0655135 0.00304206 0.997847 0.23571 -0.126023 -0.963618 0.124154 -0.0580767 -0.990562 0.0461772 0.0362717 0.998275 -0.0425067 0.0427125 -0.998183 -0.0829337 0.0147175 -0.996446 -0.107149 0.0158899 -0.994116 -0.0842775 0.0193759 -0.996254 0.0652444 0.00247952 -0.997866 0.0023968 -0.00634474 0.999977 -0.110707 0.232717 -0.966223 -0.00649295 0.04728 -0.998861 -0.0166946 0.0146586 -0.999753 -0.0788478 0.0455732 -0.995844 -0.00057205 0.0542653 -0.998526 -0.0392329 0.0180677 -0.999067 -0.0363418 0.0112917 -0.999276 -0.0617021 3.91584e-05 -0.998095 -0.0448792 -0.00606057 -0.998974 0.126432 -0.00138591 0.991974 -0.0475271 -0.0183134 0.998702 -0.0241994 0.0451754 0.998686 0.00336078 0.0138818 0.999898 0.296771 0.0878848 -0.950896 -0.0839688 -0.00676506 -0.996445 -0.0819228 0.0220833 -0.996394 -0.00653164 -0.860271 -0.509795 -0.0281016 0.0354249 -0.998977 -0.0302396 0.0266829 -0.999187 0.769885 0.0448535 -0.636604 -0.028659 0.00911305 -0.999548 -0.0460148 0.0118294 -0.998871 0.738428 -0.114531 -0.664535 0.67275 -0.152491 -0.723985 -0.0192323 0.0758233 0.996936 -0.0623725 0.0197299 -0.997858 0.0207429 0.039555 0.999002 0.802239 -0.0232901 -0.596549 0.0793579 0.0136661 -0.996753 0.0698865 -0.0214716 -0.997324 -0.0539698 0.0113992 -0.998478 -0.0382055 0.0146978 -0.999162 0.996628 0.0234145 0.0786385 0.126182 -0.00911589 -0.991965 0.0415625 0.0657952 -0.996967 0.999009 -0.015271 0.0418076 0.754596 -0.012794 -0.656065 -0.612781 -0.699139 -0.368379 -0.0238004 0.251105 -0.967667 -0.0986948 0.0278558 -0.994728 0.999569 -0.00673543 -0.028561 0.564084 -0.266482 -0.781535 0.999376 -0.0247988 0.0251644 0.329872 0.0163515 -0.943884 0.00382322 -0.00379825 -0.999986 0.218022 -0.0162223 -0.975809 -0.0666077 0.246508 -0.966849 0.744637 -0.0266186 -0.666939 0.782064 -0.0364664 -0.622131 0.0368434 -0.00132741 -0.99932 -0.0884355 0.0290702 -0.995658 -0.0215244 0.012258 -0.999693 0.987977 0.00726247 0.154431 -0.0234418 0.0226078 -0.99947 0.160949 0.00421221 -0.986954 -0.0131103 -0.34194 -0.93963 0.990476 -0.0183532 -0.136455 0.675139 0.0201081 -0.737417 0.100386 0.0723903 -0.992312 0.7987 0.0625053 -0.598474 0.804567 0.0120878 -0.593739 0.166711 -0.0305554 -0.985532 0.0267202 0.0401537 -0.998836 0.037438 0.0166103 -0.999161 -0.0418327 0.0116901 -0.999056 0.0322479 0.0690712 -0.99709 0.0370325 0.0278736 -0.998925 -0.0214561 0.0165618 -0.999633 0.657707 -0.442786 -0.609395 -0.455032 -0.712335 -0.534344 -0.0428119 0.0445811 -0.998088 0.116584 0.0447461 -0.992172 -0.042152 0.0141911 -0.99901 -0.120377 -0.0106248 -0.992671 0.289117 -0.123313 -0.949318 -0.0974969 0.150102 -0.983851 -0.358086 0.271267 -0.893414 0.0337641 0.0196317 -0.999237 0.448227 -0.711319 -0.541404 0.107545 0.0252218 -0.99388 0.0310591 0.208562 -0.977516 0.686399 -0.468961 -0.555817 -0.146443 -0.563102 -0.813308 -0.334776 -0.303539 -0.89207 -0.232866 -0.305878 -0.923153 -0.648896 0.123301 -0.75082 -0.402319 0.16588 -0.900346 -0.479434 0.0872752 -0.873228 -0.638546 0.461209 -0.616072 -0.16934 0.967958 -0.18542 -0.117613 0.605507 -0.787102 0.272106 -0.184609 -0.944393 0.0627654 -0.239871 -0.968774 -0.727819 -0.105252 -0.677645 -0.0769542 0.0136339 0.996941 -0.045914 0.0180009 0.998783 -0.0423735 0.0210579 0.99888 -0.0391832 -0.0984143 0.994374 -0.0506652 -0.0421081 0.997828 -0.129751 -0.0482354 0.990373 -0.0231334 0.0489616 0.998533 -0.0382891 0.00884999 0.999228 0.00400837 0.0369604 0.999309 -0.17837 0.0194574 0.983771 -0.00177598 -0.0629212 0.998017 -0.171553 -0.20834 -0.962894 -0.279656 -0.336297 -0.899276 -0.0746091 0.0528144 0.995813 -0.0419213 0.0821041 0.995742 -0.0461671 0.049434 0.99771 -0.0239298 -0.00669027 0.999691 -0.018083 -0.016561 0.999699 0.000902525 -0.00749677 0.999972 -0.139409 -0.0547845 0.988718 0.114707 0.0926571 -0.989069 0.445646 0.0709047 -0.892397 0.28316 0.0881603 -0.955012 -0.794947 -0.0196771 0.606359 -0.873623 -0.204441 -0.441573 -0.801874 -0.0588666 0.594587 -0.0196657 0.96863 -0.247729 0.394584 -0.328157 -0.858264 0.0202185 -0.42527 -0.904841 0.0825002 0.0354917 -0.995959 -0.0240628 -0.0791491 0.996572 -0.0066334 -0.047312 0.998858 -0.00482795 -0.0381453 0.999261 0.0777701 0.340401 -0.937059 -0.0889767 0.216533 -0.972212 -0.211196 0.314278 -0.925541 -0.00490072 0.00717913 0.999962 -0.00951783 -0.00782141 0.999924 -0.00558474 -0.032653 0.999451 -0.0119865 0.0308115 0.999453 0.0300398 0.0204279 0.99934 -0.00133081 0.0117983 0.99993 -0.997415 -0.0307439 -0.0649452 -0.0416987 0.0602315 0.997313 -0.0516906 0.0185389 0.998491 -0.0095298 0.0739654 0.997215 -0.00349856 0.0323178 0.999472 -0.0680235 0.0296954 0.997242 0.0312376 0.0114872 -0.999446 0.0343009 0.0274846 -0.999034 0.00335765 0.0409821 0.999154 -0.00733872 0.0107949 0.999915 -0.183554 -0.00252398 -0.983006 -0.0490865 0.0865028 -0.995042 -0.0459267 0.0233976 -0.998671 -0.850467 0.0629249 -0.522251 -0.746181 -0.384451 -0.543518 -0.924474 0.37489 -0.0693262 -0.0269976 -0.0013994 0.999635 -0.0534724 0.0293704 0.998137 -0.0264061 -0.0122945 0.999576 -0.047831 -0.0246763 0.998551 -0.0502318 -0.0347891 0.998132 0.0365482 0.0190564 -0.99915 0.0227018 0.00788675 -0.999711 0.46819 -0.0220415 -0.883353 -0.140104 -0.0063601 0.990116 -0.142935 0.059141 0.987964 -0.471639 0.0372201 0.881006 -0.0622685 0.0436454 0.997105 -0.632575 0.0102624 0.774431 -0.0493051 0.0330407 0.998237 0.466959 0.341208 -0.815798 0.484107 0.18558 -0.855103 0.606214 0.109778 -0.787689 0.0287475 -0.0542564 0.998113 0.0314827 -0.0951018 0.99497 0.0302595 -0.0763602 0.996621 -0.999959 -0.00137811 0.00898859 -0.838772 -0.540748 -0.0636596 -0.920968 -0.112999 0.372894 -0.0534681 0.0696823 0.996135 -0.575495 0.0467359 0.816469 -0.0402093 0.0652569 0.997058 0.00174549 0.0266417 0.999644 -0.0161172 0.731393 0.681766 -0.0617675 0.00144689 0.99809 -0.0558035 0.0647588 0.996339 -0.0191373 0.0900049 -0.995757 -0.295932 -0.0755747 -0.952215 -0.0392144 -0.068352 -0.99689 -0.0164324 0.0103492 0.999811 -0.015515 -0.0080285 0.999847 -0.0370056 0.041225 0.998464 0.0336993 -0.0720351 0.996833 -0.125924 0.242928 -0.961836 0.850609 -0.037892 -0.524432 0.441227 -0.0194904 -0.897184 0.752403 -0.149426 -0.641531 -0.0954781 -0.0110723 0.99537 -0.0777049 -0.0110681 0.996915 -0.0786668 -0.014106 0.996801 -0.0728102 -0.0538068 0.995893 -0.420916 -0.0461731 0.905924 -0.126357 0.0133323 0.991895 -0.0277717 0.755824 0.654186 0.000851874 0.987844 -0.155446 -0.0216275 0.993619 -0.110697 -0.422076 0.00375285 0.906553 -0.776893 0.0353392 0.628641 -0.0349224 0.0362943 0.998731 -0.0376258 -0.0234332 0.999017 0.00250227 -3.07485e-05 0.999997 0.0160249 0.0766884 0.996926 -0.817419 -0.0666472 -0.572175 -0.999704 0.0242692 -0.00187106 0.0838977 0.728654 0.679724 0.0153429 0.0359891 0.999234 0.00737193 0.082467 0.996567 -0.151078 -0.0601885 0.986688 0.75467 -0.0751078 -0.651791 0.442965 -0.292679 -0.84742 0.439786 -0.0432148 -0.897062 -0.27268 -0.288487 0.917835 -0.130129 -0.452578 -0.882179 -0.676083 -0.659677 -0.328235 -0.0607966 0.287728 -0.95578 -0.0474077 0.244376 -0.968521 -0.303184 0.157594 -0.939811 -0.0966894 0.00329847 0.995309 -0.096446 -0.0138751 0.995242 -0.10829 -0.00352968 0.994113 0.0117285 -0.00223977 0.999929 0.278279 0.0222257 -0.960243 -0.110876 0.00481965 0.993823 -0.0314523 0.0110831 0.999444 -0.0237539 -0.00221944 0.999715 -0.0179298 0.00980007 0.999791 0.01068 -0.10268 0.994657 -0.0279692 -0.101721 0.99442 -0.0170318 -0.0586441 0.998134 -0.182497 0.674217 0.71563 0.103861 0.614763 0.781844 0.005265 0.995849 0.0908672 -0.0909913 -0.054191 0.994376 0.00577586 0.724917 -0.688812 0.0259654 0.665123 -0.746282 0.0839063 0.977189 -0.195093 0.0424155 0.986226 -0.159871 -0.0762319 0.00336124 0.997084 -0.0720132 -0.00269276 0.9974 -0.929661 0.0507164 -0.36491 -0.86931 -0.0496913 -0.491763 -0.321576 0.0124844 -0.946801 -0.0622725 -0.0104591 0.998004 -0.0863451 0.00235218 0.996263 0.323316 -0.00936872 -0.946245 -0.0473141 0.0245582 0.998578 -0.0285683 0.0188611 0.999414 -0.670462 -0.141565 -0.728313 -0.00963714 0.0459519 0.998897 0.682617 -0.209517 -0.700098 0.828313 0.0665237 -0.556302 -0.0904514 -0.0691811 0.993495 -0.995889 -0.0331867 -0.0842871 0.00953471 -0.0506385 0.998672 0.258166 0.0181713 -0.96593 0.0299853 0.7229 0.690302 -0.0537472 -0.0171585 0.998407 -0.0190514 0.99662 -0.0799093 -0.0369927 -0.0875381 0.995474 -0.00953122 0.000415396 0.999955 -0.0431283 0.00679084 0.999047 -0.10408 -0.0171027 0.994422 -0.117528 -0.0432078 0.992129 -0.128424 0.161097 -0.978548 -0.752795 0.0528243 -0.656132 -0.231181 0.0865448 -0.969054 -0.483645 0.174432 -0.857707 -0.0782736 0.00644864 0.996911 -0.498383 0.263988 -0.825787 -0.735618 -0.0969467 -0.670423 0.143642 -0.00770831 -0.9896 0.102338 0.0687294 -0.992373 -0.017325 0.0939635 0.995425 -0.0583446 0.104131 0.992851 -0.169898 0.19857 -0.965249 0.441653 0.403109 -0.801527 0.0779578 0.364803 -0.927815 0.288065 0.328546 -0.899486 0.266192 -0.154723 -0.951421 -0.0824704 0.343097 -0.935672 -0.0755727 -0.0711032 -0.994602 -0.0434264 0.02238 -0.998806 -0.160894 -0.452197 -0.877286 -0.168424 -0.470141 -0.866372 -0.0726121 0.226003 -0.971416 -0.0690355 -0.0748053 0.994806 -0.0257056 -0.0423432 0.998772 0.00166747 0.0627025 0.998031 -0.0373439 0.0559441 0.997735 -0.166234 -0.513636 -0.841751 -0.0680216 0.0509939 -0.99638 -0.790332 -0.082352 -0.607119 -0.820104 0.0886174 -0.565312 -0.0415887 0.0944146 0.994664 -0.587992 -0.420138 0.691194 -0.51417 -0.748922 -0.418025 0.262235 0.279431 -0.923662 0.150135 0.34779 -0.925474 -0.840746 0.294597 0.454267 -0.463789 0.55996 -0.686546 -0.0181849 0.0137725 0.99974 -0.763707 -0.00508175 0.645543 -0.101506 -0.0314303 0.994338 -0.814896 -0.0341036 0.578603 -0.157247 -0.0670122 0.985283 -0.188833 -0.0903775 0.977842 -0.564887 0.00602566 -0.825146 -0.661817 0.110054 -0.741544 -0.10511 0.00840564 0.994425 0.463078 -0.128003 -0.877026 -0.0824961 0.00667515 0.996569 -0.120849 -0.501197 -0.856853 -0.993564 0.110213 -0.0261688 -0.0169331 -0.042545 0.998951 -0.000786334 0.633452 -0.773782 -0.0211091 0.727098 0.68621 0.0413292 0.0268119 -0.998786 -0.006266 0.0140177 0.999882 -0.0202985 0.0314157 0.9993 -0.0494944 0.00029166 0.998774 0.00611435 0.00438474 0.999972 0.00486086 -0.0763028 0.997073 -0.0932056 0.724349 -0.683104 -0.0307879 0.713698 -0.699776 -0.105519 0.0488983 -0.993214 -0.0767137 -0.0167884 0.996912 -0.631012 0.543062 0.553993 -0.029536 0.747653 0.663432 0.374385 0.0292475 -0.926812 0.00301959 0.223872 -0.974614 0.348937 0.11877 -0.929589 -0.0839329 -0.0132074 0.996384 0.00508844 0.695164 0.718833 0.0338654 0.97163 -0.23407 -0.80083 0.579418 -0.151482 -0.793937 0.0655949 0.604451 -0.96562 0.0619227 -0.252474 0.175062 -0.00630079 -0.984537 -0.431866 0.00951505 -0.901888 0.58499 -0.329045 -0.741293 0.668534 -0.241114 -0.70351 -0.535334 0.0371469 -0.843823 -0.936945 -0.330599 -0.113309 0.0285507 -0.296028 -0.954752 0.072291 0.00621007 -0.997364 0.145327 -0.330507 -0.932548 0.49003 0.204014 -0.847496 0.0370503 0.238857 -0.970348 -0.0158613 0.596818 -0.80222 -0.466917 0.167863 0.868223 -0.986203 -0.0180777 -0.164553 -0.162032 0.271616 -0.948668 -0.0165603 0.00827729 0.999829 -0.074772 -0.0312113 0.996712 0.145069 0.451151 -0.880578 -0.0163355 -0.0909634 0.99572 -0.962438 -0.0181264 -0.270894 -0.739287 0.114327 -0.663614 0.00730143 0.219898 -0.975495 0.437013 0.141373 -0.888275 -0.298264 0.0203189 -0.954267 -0.0343447 -0.0788385 -0.996296 0.711293 -0.0752665 -0.698854 0.68277 -0.00184436 -0.730631 0.734364 -0.0890776 -0.672886 -0.000863495 0.995713 -0.0924944 -0.117291 -0.071271 0.990537 0.239618 -0.0411336 -0.969996 0.00645987 0.0119091 0.999908 -0.0203849 -0.0152975 0.999675 -0.0580321 0.0300626 0.997862 -0.947652 0.099744 0.303325 0.0061436 0.639507 -0.76876 -0.769781 -0.157836 -0.618486 -0.53873 0.0151072 -0.842343 0.583946 0.0459385 -0.810492 -0.472887 0.0215823 0.880859 -0.770459 -0.0250654 0.636997 0.0568904 0.0102939 -0.998327 -0.0394004 0.011196 0.999161 -0.040125 0.00278987 0.999191 -0.306393 0.424762 -0.851881 0.0350037 0.151522 -0.987834 -0.111422 0.221206 -0.968841 -0.0574685 0.0163611 0.998213 -0.781474 0.137785 -0.608534 0.00213248 0.00544574 0.999983 0.0066647 -0.0772211 0.996992 -0.00344483 -0.059803 0.998204 -0.0568295 0.0127228 0.998303 -0.0593111 -0.0403879 0.997422 -0.0809187 -0.02469 0.996415 -0.447249 0.0785558 0.890953 -0.769314 -0.0674946 0.635296 0.609933 0.135089 -0.780854 0.0913587 -0.369964 -0.924543 0.093422 0.0429371 -0.9947 -0.419222 0.87301 -0.249211 -0.0244346 -0.119158 -0.992575 0.0231871 -0.0188206 -0.999554 0.0740004 -0.00943862 -0.997214 0.593005 0.00956765 -0.805142 0.270894 0.00733623 -0.962581 -0.253656 0.0347237 -0.966671 0.120562 -0.321997 -0.939033 -0.271609 0.419343 -0.866245 -0.752263 0.148776 -0.641845 0.0107721 -0.815694 -0.578383 0.737428 0.316342 -0.596765 0.759987 -0.0626638 -0.646911 -0.0565329 0.205038 -0.97712 0.0282464 0.192862 -0.980819 0.331055 0.10133 -0.938155 0.387627 0.0401891 -0.92094 -0.50671 -0.0779328 -0.858587 -0.478224 0.0609419 -0.876121 0.0229341 0.00664609 0.999715 0.0407429 -0.00163985 0.999168 0.0313494 -0.0151811 0.999393 0.0675325 -0.0215623 0.997484 0.0461913 -0.0228942 0.99867 0.0673066 -0.0225489 0.997478 0.0171916 0.0383635 0.999116 0.0218687 -0.0315242 0.999264 -0.0023057 0.00302861 0.999993 0.025937 -0.0609065 0.997806 0.0333139 -0.0455777 0.998405 0.0674107 -0.0448101 0.996719 0.0427265 -0.0473995 0.997962 0.0406169 -0.0116349 0.999107 0.011348 -0.0520736 0.998579 0.00966801 -0.0515015 0.998626 0.0165828 0.0552107 0.998337 0.0280872 0.0495286 0.998378 0.0236811 0.0243077 0.999424 -0.00314812 0.0464958 0.998914 0.0156699 0.0234222 0.999603 -0.00403178 0.012384 0.999915 0.0314967 -0.0158254 0.999379 0.0353555 -0.0130846 0.999289 0.0386975 0.0217417 0.999014 0.0325998 0.0327854 0.998931 0.0418028 -0.0015943 0.999125 0.0503459 0.0389624 0.997972 0.00314148 0.0255322 0.999669 -0.0143404 0.0273662 0.999523 -0.0055168 0.0203636 0.999777 0.019832 0.0223787 0.999553 0.0259024 0.0066612 0.999642 0.0250735 0.0192976 0.999499 -0.0594617 -0.024205 0.997937 -0.091632 -0.00501826 0.99578 -0.0852799 0.0054745 0.996342 0.0346242 0.0304685 0.998936 0.0219975 -0.0194765 0.999568 -0.00369616 0.0178746 0.999833 0.00433765 -0.0221266 0.999746 -0.0151939 0.0210027 0.999664 0.00515728 -0.00880223 0.999948 0.00544854 0.0266929 0.999629 0.0196386 0.0188683 0.999629 0.0226056 0.00119542 0.999744 -0.0063359 -0.063675 0.997951 -0.024829 -0.0387828 0.998939 -0.0233701 -0.0321376 0.99921 -0.0188841 -0.0138627 0.999726 -0.0173934 0.0146322 0.999742 -0.0187742 0.00220706 0.999821 -0.0500806 0.0195373 0.998554 -0.00141474 0.0165617 0.999862 0.0167309 0.0251514 0.999544 -0.0225303 0.0132422 0.999658 -0.0196946 0.0151399 0.999691 0.0229092 -0.0653388 0.9976 0.00876828 -0.0170237 0.999817 0.0309891 -0.0187644 0.999344 -0.00818607 0.0353541 0.999341 0.00773692 0.0150274 0.999857 0.00464139 0.0347128 0.999387 0.0186002 0.0410579 0.998984 0.0105109 0.0503464 0.998677 0.0206122 0.0184527 0.999617 -0.000406092 0.0393558 0.999225 -0.0167936 -0.00012457 0.999859 -0.0529927 -0.0252179 0.998276 0.0126053 0.0115009 0.999854 0.0312111 -0.00146951 0.999512 0.0103637 -0.00595852 0.999929 -0.00583285 0.0339113 0.999408 -0.0027235 0.00514533 0.999983 -0.00162882 -0.00181096 0.999997 0.00780462 -0.0184795 0.999799 -0.00685226 0.0103297 0.999923 -0.0062481 0.00274724 0.999977 -0.0458821 -0.0548734 0.997439 -0.0764772 -0.0350122 0.996456 0.0127047 0.0683902 0.997578 0.0209963 0.0653536 0.997641 0.0398874 0.0191098 0.999021 -0.0407796 -0.012139 0.999094 -0.0118375 0.000156475 0.99993 -0.0328442 -0.0206028 0.999248 0.0204196 -0.0290477 0.999369 0.00896201 -0.0248372 0.999651 -0.0105449 -0.0193322 0.999758 0.00308167 -0.0792251 0.996852 5.56288e-05 -0.0488698 0.998805 -0.000799116 0.0475681 0.998868 -6.40056e-05 0.025012 0.999687 0.00166316 0.0192275 0.999814 -0.00859359 0.0218685 0.999724 0.00132489 0.0363189 0.999339 0.0136511 0.0577294 0.998239 0.0214424 -0.00403473 0.999762 -0.031278 -0.0250526 0.999197 -0.00961281 -0.0637508 0.99792 -0.0172766 0.0272986 0.999478 -0.00579641 0.0382629 0.999251 -0.0304091 -0.0469523 0.998434 0.0184005 0.00136349 0.99983 0.0223372 -0.020009 0.99955 0.0287567 7.25982e-05 0.999586 0.00679044 -0.00136726 0.999976 -0.0238605 -0.00431918 0.999706 -0.000821479 0.0765759 0.997063 -0.0353081 0.0565959 0.997773 0.00931165 -0.0319586 0.999446 -0.0395758 -0.0205924 0.999004 0.018453 -0.0423862 0.998931 -0.0237925 0.009126 0.999675 0.0334903 -0.0035748 0.999433 0.0528894 -0.0155422 0.998479 0.00480757 0.00437546 0.999979 0.00710868 -0.00653299 0.999953 -0.0128907 -0.0675886 0.99763 -0.0400345 -0.0647381 0.997099 -0.0325289 -0.0558367 0.99791 -0.00738197 -0.0318607 0.999465 -0.024539 0.0187654 0.999523 -0.0275757 -0.0281235 0.999224 0.0169036 0.0127278 0.999776 0.030419 0.01644 0.999402 0.0289885 0.0304917 0.999115 0.0170119 0.0158496 0.99973 0.00295254 0.0319312 0.999486 0.0407163 0.00298664 0.999166 -0.0117792 -0.00512566 0.999918 -0.012796 0.0615623 0.998021 0.00361251 0.0130269 0.999909 0.0192456 0.026733 0.999457 0.0220725 -0.00597714 0.999739 0.0210027 0.00466916 0.999769 -0.00162696 0.0210253 0.999778 0.0169282 0.0134052 0.999767 -0.00881228 -0.073517 0.997255 0.000220039 0.038196 0.99927 -0.0205313 0.0316724 0.999287 0.0140636 0.0324211 0.999375 0.0136194 0.025148 0.999591 0.052057 0.009805 0.998596 0.05621 -0.00475015 0.998408 0.00559386 0.0432611 0.999048 0.0296919 0.00996142 0.99951 -0.040949 -0.0258975 0.998826 -0.0197235 -0.065561 0.997654 -0.03364 0.00534949 0.99942 -0.0296952 -0.0242957 0.999264 0.00648388 0.0531388 0.998566 -0.0244673 0.0392765 0.998929 -0.036502 0.06242 0.997382 0.0506955 -0.0723605 0.996089 0.031048 -0.068827 0.997145 -0.00176121 -0.0243282 0.999703 0.0291359 -0.0157876 0.999451 0.0531648 -0.0945785 0.994097 -0.0753035 0.0564813 0.99556 -0.0841107 0.0487393 0.995264 -0.0153736 0.0217969 0.999644 0.00265362 0.0177037 0.99984 -0.0443935 0.034282 0.998426 -0.00859453 -0.000141327 0.999963 0.03863 0.0335763 0.998689 0.00331173 0.00945943 0.99995 -0.0796401 0.0413144 0.995967 -0.0504376 0.0608617 0.996871 0.0266062 -0.0114693 0.99958 0.00346599 -0.0742352 0.997235 -0.0316388 -0.0119937 0.999427 -0.0121295 0.0195239 0.999736 -0.049582 -0.0248718 0.99846 0.0121935 -0.020984 0.999705 -0.0547893 0.0137001 0.998404 -0.0575945 0.0050166 0.998327 0.0136844 -0.00263036 0.999903 -0.00460686 0.0257657 0.999657 0.0061572 0.0104389 0.999927 0.0186066 0.00160513 0.999826 -0.00466386 -0.0606599 0.998148 0.00851602 -0.0318285 0.999457 -0.0268144 -0.0073056 0.999614 -0.0378163 0.0120149 0.999213 0.0759831 -0.0180531 0.996946 -0.00647605 -0.0470585 0.998871 -0.0395966 -0.0338076 0.998644 -0.0216977 -0.0595271 0.997991 0.0253165 -0.00808915 0.999647 -0.0502382 -0.00087758 0.998737 -0.0337351 0.010838 0.999372 0.0207864 -0.0228773 0.999522 0.022225 0.0424484 0.998851 -0.0270304 0.070674 0.997133 -0.00923181 -0.0180378 0.999795 -0.00940501 0.0268751 0.999595 -0.0286293 0.025694 0.99926 -0.0391844 0.0165012 0.999096 -0.0200584 -0.0225058 0.999546 0.0335106 -0.0157033 0.999315 0.00157086 -0.00266039 0.999995 -0.0152436 0.050155 0.998625 0.0192881 -0.066053 0.99763 -0.0251055 0.02619 0.999342 0.00288181 0.0110586 0.999935 -0.0497682 0.0478204 0.997615 -0.0624997 0.00478319 0.998034 -0.0509227 -0.0177584 0.998545 -0.066429 0.0289368 0.997371 0.704496 0.103768 -0.702081 0.558263 -0.401439 -0.726078 -0.0456277 -0.0122299 0.998884 -0.0993608 0.0259332 0.994713 -0.0944604 0.00181812 0.995527 -0.0731729 0.117451 0.990379 -0.108531 0.0246152 0.993788 -0.0944317 0.052745 0.994133 -0.0010547 -0.000782687 -0.999999 -0.00496296 0.0195926 -0.999796 0.0164111 -0.0149881 -0.999753 -0.111847 0.0282003 0.993325 -0.106919 0.00764157 0.994238 -0.148743 -0.0249599 0.988561 -0.0609944 -0.0194535 0.997949 -0.0740372 -0.0604491 0.995422 -0.038431 -0.0280361 0.998868 -0.741263 -0.369551 0.560322 -0.901098 -0.312771 -0.300327 -0.418316 -0.204178 0.885055 0.0285263 -0.000134357 0.999593 0.0403975 -0.0318424 0.998676 0.0334893 -0.0271429 0.99907 -0.15182 -0.00419814 0.988399 0.0271286 0.0146837 0.999524 0.0259104 0.0151492 0.99955 0.0315642 -0.000521711 -0.999502 0.0377729 -0.00925748 -0.999243 0.0451646 0.00486631 -0.998968 -0.736237 -0.473186 -0.483787 -0.782562 -0.366518 -0.50325 -0.326509 -0.403818 -0.854589 0.046879 -0.00508615 -0.998888 0.0482524 -0.0025989 -0.998832 -0.664731 0.0670408 0.744069 -0.586303 0.405749 0.701154 -0.892185 0.271758 -0.360769 -0.0537986 0.0469109 0.997449 -0.0381256 0.0177128 0.999116 0.0305965 0.0197468 0.999337 0.0129717 0.0345687 0.999318 0.0324585 0.00788013 0.999442 -0.751306 -0.0137208 -0.659811 -0.998422 0.033292 -0.0452193 -0.999264 0.0120384 -0.0364281 0.0372407 0.00456152 0.999296 -0.0835737 -0.0563011 0.99491 -0.0665217 -0.0600899 0.995974 -0.070175 -0.0588584 0.995797 -0.0292269 -0.00176661 0.999571 -0.0737813 -0.0189687 0.997094 -0.0287929 0.0103996 0.999531 0.0158656 0.0158699 0.999748 0.0297738 -0.00273485 0.999553 0.019705 -0.00127074 0.999805 -0.0318745 0.0186423 0.999318 -0.0277087 -0.0317399 0.999112 -0.0208055 -0.00813128 0.99975 -0.110947 -0.108953 -0.987836 0.0323782 0.0019999 -0.999474 -0.104944 -0.139532 -0.984641 -0.16214 -0.047569 -0.985621 -0.0127917 -0.0186024 -0.999745 -0.1882 -0.121387 -0.9746 0.112409 0.152039 -0.981961 0.0585167 0.0374691 -0.997583 0.0498825 0.00649862 -0.998734 -0.103229 0.030725 0.994183 0.00892126 0.0271519 0.999592 -0.069168 0.0716574 0.995028 -0.161763 0.0290375 0.986402 -0.112975 -0.00791297 0.993566 -0.0907268 0.00186793 0.995874 -0.0451786 0.00404119 0.998971 -0.0517251 0.0251963 0.998343 -0.0454219 0.00641784 0.998947 0.0432795 -0.0218267 0.998825 0.0321229 -0.0130098 0.999399 -0.346461 -0.121358 -0.930181 -0.899102 0.0687623 -0.432304 -0.0786167 -0.0773861 0.993897 -0.458807 0.160697 0.873884 -0.037616 -0.061639 0.997389 -0.521857 0.0875011 -0.848533 -0.527687 0.279254 -0.802224 -0.243079 0.2201 -0.944706 -0.0706121 0.0174489 0.997351 -0.0959154 -0.0735994 0.992665 -0.0141602 -0.00993977 -0.99985 0.0159638 -0.00651936 -0.999851 -0.00483992 -0.0102943 -0.999935 -0.0657522 0.0258489 0.997501 -0.0730193 0.00979994 0.997282 -0.0574435 0.0375916 0.997641 -0.0585584 -0.0154171 0.998165 -0.0495206 -0.0129594 0.998689 -0.0671997 -0.0104194 0.997685 -0.0802575 -0.0212583 0.996547 -0.0992334 0.0399342 0.994263 0.0148671 0.0224015 0.999639 0.0105774 0.0259249 0.999608 0.00965657 0.0258111 -0.99962 0.0232542 0.171029 -0.984992 0.474265 -0.0257 -0.880007 -0.0719784 0.0532076 0.995986 -0.0658037 0.0942922 0.993367 -0.0386441 0.0318747 0.998745 0.297319 0.180949 -0.937475 0.355835 0.248852 -0.900807 0.28482 0.334791 -0.898216 0.0681487 0.00518891 -0.997662 0.0545576 0.00671681 -0.998488 0.0572252 0.0182777 -0.998194 0.110546 0.104015 -0.988413 0.0738068 0.0993291 -0.992314 0.194728 0.19178 -0.961926 -0.142682 -0.0364935 -0.989096 -0.18893 -0.15809 -0.969182 -0.0636398 0.00477499 -0.997962 0.0141208 0.300012 -0.953831 -0.316818 0.430909 -0.844952 -0.016192 0.267731 -0.963358 0.455891 -0.466628 -0.757906 0.588034 -0.701146 -0.403251 0.310584 -0.195935 -0.930133 -0.119265 -0.0433362 0.991916 -0.280992 0.685639 0.671523 -0.724201 0.677636 -0.127835 -0.173405 0.0661107 0.982629 -0.734312 0.0476938 0.677134 -0.107317 0.000851137 0.994224 -0.730272 -0.162913 0.663447 -0.753718 -0.302559 0.58341 -0.0969924 -0.0838639 0.991746 -0.637579 0.377634 -0.67148 -0.994928 0.0191805 0.0987422 -0.98704 0.12014 -0.106385 -0.463008 0.112556 -0.879178 0.028758 0.00675277 -0.999564 -0.0393783 -0.020984 0.999004 -0.0464931 0.275349 -0.96022 -0.063554 0.346381 -0.935939 -0.0220303 0.0293266 0.999327 -0.0309804 0.0179314 0.999359 -0.0324516 -0.016318 0.99934 -0.0383879 -0.0111402 0.999201 -0.0423295 -0.000857611 0.999103 -0.021847 0.0199136 0.999563 -0.0305465 0.0763456 0.996613 -0.0809045 0.0337688 0.99615 0.0325313 -0.016561 -0.999334 0.0279203 -0.0179485 -0.999449 -0.0249988 0.00566597 0.999671 -0.113972 -0.0762109 0.990557 -0.132146 -0.0477424 0.99008 0.123393 0.16234 -0.978989 0.121172 0.28215 -0.951687 0.319737 0.392125 -0.862558 0.0166608 -0.0302664 -0.999403 0.0151998 -0.0272242 -0.999514 -0.0998271 0.0090526 0.994964 0.00832209 -0.102465 -0.994702 -0.0160995 0.0502767 -0.998606 -0.0580866 -0.100891 -0.9932 0.0515003 -0.00578568 -0.998656 0.0580243 -0.0157033 -0.998192 -0.0828525 -0.0346396 0.99596 -0.0213002 0.0380114 0.99905 -0.0783596 0.057493 0.995266 -0.998439 -0.0557058 -0.00406711 -0.657422 0.0131894 0.753407 -0.326978 -0.106658 -0.938994 -0.340642 0.816715 -0.465768 -0.633173 -0.199499 -0.747858 -0.65885 -0.525988 -0.537823 -0.704912 0.0245271 -0.708871 0.0543161 -0.0190154 0.998343 0.0244189 -0.0103828 0.999648 -0.14507 -0.119443 -0.982185 -0.408847 -0.400755 -0.819902 -0.436499 0.278162 -0.855626 0.00115231 0.243558 -0.969886 0.0466457 0.0070695 -0.998886 0.175494 0.251513 -0.95181 0.392763 0.239158 -0.887998 -0.66567 0.437807 -0.604325 0.118803 0.325196 -0.938154 -0.0261304 -0.0210425 0.999437 -0.0103512 0.21276 -0.97705 0.0255099 0.159982 -0.98679 -0.131568 0.0061296 0.991288 -0.0851152 0.140808 -0.986371 0.0386811 0.309133 -0.950232 0.004265 0.00758016 -0.999962 0.0554545 -0.014836 -0.998351 -0.0773234 -0.00526483 -0.996992 0.059162 -0.00667658 -0.998226 -0.0387428 -0.0121408 0.999175 0.00498471 0.02258 0.999733 -0.0412079 -0.00356176 0.999144 -0.270755 -0.0845367 -0.958929 0.032553 -0.911083 -0.410935 -0.213979 -0.769594 -0.601613 0.0599072 -0.86257 -0.502378 0.0248901 -0.000150827 -0.99969 0.099766 -0.0665825 -0.992781 -0.0625208 0.113496 0.991569 -0.0631609 0.0914149 0.993808 -0.0608816 0.0327896 0.997606 -0.0788936 -0.00479183 0.996872 0.0378658 0.0184327 -0.999113 0.0412432 0.0187826 -0.998973 0.028209 0.0982607 -0.994761 -0.0554515 0.070089 0.995998 -0.170524 0.0211184 0.985127 -0.139376 0.0540116 0.988765 -0.126628 -0.232018 -0.964434 -0.147517 0.177722 -0.972961 0.0741119 -0.174104 -0.981934 -0.219467 0.244588 -0.944463 0.0902765 0.346966 -0.933523 -0.814936 0.22397 -0.534525 -0.0339013 -0.0329965 0.99888 -0.0753896 -0.023988 0.996866 -0.747143 0.123791 0.653034 -0.989557 0.0852792 -0.116204 -0.79238 0.0597875 0.60709 0.0384262 0.0204344 0.999053 0.0349987 0.0737615 -0.996662 0.0429029 0.0409288 -0.998241 -0.00617662 0.0115602 0.999914 -0.117935 -0.0108741 0.992962 -0.00586569 -0.0135452 0.999891 -0.853235 0.0472871 -0.519378 -0.60575 -0.125622 -0.785676 -0.636124 -0.123502 -0.761639 -0.0695535 0.0157856 0.997453 -0.0317602 0.020531 0.999285 -0.810287 0.106808 0.576218 -0.225909 0.349507 -0.909291 -0.346219 0.213163 -0.913616 -0.0518758 0.0903912 0.994554 -0.0366067 0.0716131 0.996761 -0.0625511 0.0481483 0.99688 -0.00177723 0.0153414 0.999881 -0.0530634 -0.0537398 0.997144 0.00978796 0.20089 -0.979565 0.0421987 -0.0146882 0.999001 -0.0758787 0.113387 0.990649 -0.0896574 0.0950546 0.991426 -0.0733834 0.0400863 0.996498 -0.833445 0.241706 -0.496938 -0.897864 0.12594 -0.421875 0.0123237 -0.00665578 -0.999902 0.00012826 0.00459427 -0.999989 -0.669567 0.0916602 -0.737074 0.0292604 -0.0322815 0.99905 -0.734622 0.0490262 0.676704 -0.102568 0.0505529 0.993441 -0.729315 0.029316 0.683549 -0.109457 0.0283801 0.993586 -0.0996036 0.191077 -0.976508 0.0614403 0.0652045 -0.995979 -0.057415 0.0786703 -0.995246 -0.0231069 0.0146891 0.999625 -0.32383 -0.224363 -0.919128 -0.0978568 -0.226403 -0.969106 -0.207993 0.00966697 -0.978083 -0.274449 -0.0198404 -0.961397 -0.0695386 -0.0311186 -0.997094 -0.110798 -0.0452172 0.992814 -0.0836885 0.0987542 0.991587 -0.0563836 0.0656404 0.996249 -0.490186 0.479326 -0.727986 -0.112601 0.122687 -0.986037 0.00715218 -0.11187 -0.993697 -0.00172369 0.00761703 -0.99997 -0.0372084 -0.113379 -0.992855 -0.55695 -0.356633 0.75008 -0.0278673 0.123254 -0.991984 -0.105299 -0.067012 -0.99218 0.0232189 -0.0115295 -0.999664 -0.0980099 -0.0676009 0.992887 -0.0281182 0.0620681 0.997676 -0.0517214 0.0112534 0.998598 -0.410979 0.268831 -0.871106 -0.26768 -0.0875874 -0.959519 -0.695282 0.0483851 0.717107 -0.999793 -0.0199555 0.00398244 -0.0196978 0.0714673 0.997248 -0.0359323 0.0224759 0.999101 -0.068327 -0.10261 0.992372 -0.0783664 -0.00175411 0.996923 -0.168092 0.160638 -0.972595 -0.0813345 -0.0973791 -0.991918 0.0525446 -0.0169614 -0.998475 -0.504212 0.0522132 -0.862 -0.825213 -0.0416104 -0.563287 -0.396039 -0.0772201 -0.914981 0.0981694 0.197386 -0.975398 0.0621509 0.0142344 -0.997965 -0.701759 0.0175793 -0.712197 -0.09204 0.0119545 -0.995684 -0.0990902 -0.0143167 -0.994975 -0.0145926 -0.00914424 0.999852 0.117532 0.126063 -0.985035 0.0565085 0.00653538 -0.998381 -0.533133 0.0550864 0.844236 -0.734662 0.012757 -0.678313 -0.0835156 0.0343537 -0.995914 -0.0742341 0.0127505 -0.997159 0.161778 -0.260283 -0.951883 0.0357281 -0.0139799 -0.999264 -0.0915568 0.0980449 0.990961 -0.190914 -0.0953321 -0.976967 -0.728577 -0.00196551 -0.684961 -0.104365 0.0142528 0.994437 -0.111679 -0.00997489 0.993694 -0.112453 -0.0612475 -0.991768 0.00621837 -0.00902247 -0.99994 -0.00621316 0.164282 -0.986394 -0.0406728 -0.0204399 0.998963 -0.0666264 -0.0340905 0.997195 -0.0666183 -0.0288649 0.997361 -0.0924331 0.136288 -0.986348 -0.0337305 0.019067 -0.999249 0.0167129 0.0136574 -0.999767 0.295105 0.237509 -0.925474 -0.59216 -0.175371 -0.786506 -0.196068 -0.256736 -0.946385 -0.0358245 -0.0405166 -0.998536 0.325518 -0.813329 -0.482218 0.0170072 -0.00861939 -0.999818 -0.166123 0.0483494 0.984919 -0.0486014 0.037273 -0.998123 0.755425 -0.394089 -0.523476 0.0386218 -0.0134231 -0.999164 -0.238598 0.00719492 -0.971092 -0.107102 0.0806984 0.990968 0.127786 0.0901655 -0.987695 -0.323142 0.579281 -0.74834 -0.0891585 0.0556472 0.994462 0.0384441 -0.00238013 -0.999258 0.0439645 -0.00672848 -0.99901 -0.128172 0.0512699 0.990426 -0.73011 -0.138293 -0.66919 -0.974104 0.0610182 -0.217712 -0.0556525 0.0016531 0.998449 -0.0842744 0.0413251 0.995585 -0.146127 -0.0472473 -0.988137 -0.10641 0.0388204 0.993564 -0.0561991 0.0156253 0.998297 -0.0565652 0.00502805 0.998386 -0.0514806 -0.0136154 0.998581 -0.749902 -0.209311 -0.627564 -0.712454 -0.210467 -0.669412 -0.805879 -0.237173 -0.542502 -0.0555144 -0.0355615 0.997824 -0.056774 -0.046804 0.997289 -0.0811691 -0.0205906 -0.996488 -0.866594 0.0605475 -0.495327 0.0390125 0.0614774 -0.997346 -0.442901 -0.393533 -0.805587 -0.594652 -0.432058 -0.678023 -0.251246 0.100437 -0.962698 -0.201461 0.23937 -0.949798 0.0400511 0.0163345 -0.999064 -0.0153098 0.0693251 -0.997477 0.012485 -0.00819719 -0.999888 -0.00842718 -0.308333 -0.951241 0.285285 -0.843163 -0.455729 -0.399404 0.322235 -0.858278 -0.312398 -0.250264 -0.916393 -0.723817 -0.0559977 -0.687716 -0.903326 0.172227 -0.392862 -0.643222 0.00461046 0.765666 -0.492713 -0.826854 -0.271195 -0.828564 -0.183726 -0.528892 -0.757097 -0.0217811 -0.652939 -0.078478 0.0770661 0.993933 -0.0934279 0.0716895 0.993042 -0.84251 0.302964 -0.44541 0.0536946 0.0271828 -0.998187 -0.224599 0.056495 -0.972812 -0.0488959 -0.0473869 -0.997679 -0.585155 0.1193 -0.802098 0.187964 0.157157 -0.969521 -0.706415 -0.624687 0.332782 -0.119082 -0.0563917 0.991282 -0.146999 0.0150668 0.989022 -0.139777 0.00172647 0.990182 -0.0129646 0.00907729 0.999875 -0.319846 -0.815881 -0.481702 0.0238407 0.00709557 -0.999691 0.0523007 0.463578 -0.884511 -0.521398 0.0137458 -0.853203 -0.433288 0.259062 -0.86322 -0.100287 0.12246 -0.987394 -0.301267 0.379291 -0.874858 0.0176559 -0.389616 -0.920808 -0.0925673 -0.0262796 -0.99536 -0.173084 -0.104746 -0.979321 -0.823041 -0.112841 -0.55666 -0.900926 0.248207 -0.355985 0.0255742 -0.0022022 -0.999671 0.0202083 -0.023602 -0.999517 -0.0857603 -0.00578518 -0.996299 -0.830234 -0.0188672 -0.557095 0.0558725 0.0103525 -0.998384 -0.765665 0.509654 -0.392441 -0.101362 -0.304208 -0.947198 0.0423942 0.000536766 -0.999101 0.0474966 -0.00628308 -0.998852 -0.506221 -0.117077 -0.85442 -0.134535 -0.0340765 -0.990323 -0.337345 -0.0506213 -0.940019 -0.0607199 -0.0685321 -0.995799 -0.258577 -0.0147189 -0.965879 -0.144593 0.0308264 -0.989011 0.0282226 0.0282252 0.999203 0.00595657 0.0320797 0.999468 0.0271302 0.0371423 0.998942 -0.0471335 0.0402581 -0.998077 -0.0639063 0.0139668 -0.997858 -0.0587063 0.03669 -0.997601 -0.0454038 0.0149085 -0.998857 -0.0320208 0.00631886 -0.999467 -0.0233475 -0.0048744 -0.999716 0.265693 0.451703 -0.851688 0.790731 0.271539 -0.548644 0.845916 0.443545 -0.296134 0.015365 -0.740852 0.671492 0.0523565 -0.0725229 0.995992 0.876124 -0.090935 -0.473432 0.877717 -0.223774 -0.423719 0.313082 -0.669552 -0.673557 -0.0710471 0.0126555 -0.997393 0.137065 0.00795373 -0.99053 0.179848 0.0111037 -0.983632 -0.353678 0.317931 -0.879677 0.189133 -0.0960301 -0.977245 -0.07279 0.36665 -0.927507 -0.0368667 0.00950723 -0.999275 -0.0402671 0.0145796 -0.999083 -0.048012 0.00859176 -0.99881 0.0133131 -0.646421 -0.762864 0.569681 -0.818883 0.0699553 0.0753304 -0.993163 -0.0891785 0.473952 -0.491911 -0.730338 0.442686 -0.60885 -0.658278 0.55766 -0.417698 -0.717317 0.0512525 -0.0120603 0.998613 0.0404685 -0.00254149 0.999178 -0.0504739 0.0559382 -0.997158 -0.067795 0.0365256 -0.99703 -0.0548789 0.0187958 -0.998316 0.792645 0.471532 -0.386486 0.715577 0.319199 -0.621339 0.0322192 -0.0168776 0.999338 0.0472181 -0.0737267 0.99616 0.042937 -0.0603085 0.997256 0.0495385 0.0364518 -0.998107 0.213708 0.0854727 -0.973151 0.014842 0.0375457 -0.999185 0.0276514 -0.0397906 0.998825 0.0707571 -0.0414278 0.996633 0.0656947 -0.00450132 0.99783 -0.029366 -0.0468976 -0.998468 -0.00701408 0.00314266 -0.99997 -0.0452841 -0.0109077 -0.998915 0.917664 -0.0381403 -0.395522 0.284135 -0.00343592 -0.958778 0.231698 -0.00923321 -0.972744 0.00967921 -0.730543 0.682798 0.00949606 -0.685809 0.727719 -0.0768419 -0.0649665 -0.994924 -0.05833 -0.0238941 -0.998011 0.336297 -0.0142617 -0.941648 0.026927 0.00896666 0.999597 0.0258238 -0.00665185 0.999644 0.0294727 -0.748137 0.66289 -0.0241316 -0.993953 -0.107127 -0.00940478 -0.992505 -0.12184 0.0266907 0.00342381 0.999638 -0.060669 0.0106813 -0.998101 -0.0632763 0.0106865 -0.997939 -0.0740615 0.00859169 -0.997217 0.0304349 -0.0100737 0.999486 0.0337401 -0.0835261 0.995934 -0.0371008 0.0196298 -0.999119 -0.0308005 0.0103661 -0.999472 -0.0123657 -0.771946 0.635568 -0.026941 -0.00432443 -0.999628 -0.0462333 -0.0386598 -0.998182 -0.0498044 -0.0105801 -0.998703 0.928528 0.00454022 0.371235 0.996924 0.0452108 -0.064021 0.421233 -0.468091 -0.776823 0.146079 -0.566485 -0.811021 0.622176 -0.294432 -0.725401 -0.0428854 -0.568532 -0.821542 -0.0456081 0.00418382 -0.998951 0.00818128 -0.983509 -0.180675 -0.0621922 0.00545541 -0.998049 -0.0697891 0.0103453 -0.997508 -0.0656271 -0.00889329 -0.997805 0.0291529 -0.0368382 0.998896 0.204072 -0.392635 -0.896768 0.00901288 0.0134009 0.99987 0.0450137 -0.0318465 0.998479 0.0504792 0.0154381 0.998606 0.0114228 0.0124857 0.999857 0.0948959 -0.680629 0.726456 0.00788591 -0.995503 -0.0944 -0.0625614 0.032615 -0.997508 -0.0469111 0.0162197 -0.998767 -0.0656007 0.0149653 -0.997734 -0.0407856 -0.602492 -0.797082 -0.0290295 -0.993739 -0.107891 -0.00149436 -0.990937 -0.134319 -0.0394209 -0.607044 -0.79369 -0.0513643 -0.0198787 -0.998482 0.0344771 -0.00164003 0.999404 0.770236 0.485211 -0.413893 -0.198495 -0.0254291 -0.979772 0.22515 -0.0678151 -0.971961 0.123787 0.0320479 -0.991791 0.134571 -0.00293247 0.9909 0.680622 0.0502951 0.730906 0.158425 -0.0246952 0.987062 0.0535384 0.00987673 0.998517 -0.0352143 -0.0187219 -0.999204 -0.040018 -6.09493e-05 -0.999199 -0.0534956 -0.00214833 -0.998566 0.852555 0.00670021 -0.522595 0.983765 -0.0087262 0.179248 0.978578 -0.0533118 0.198855 -0.043569 -0.0113373 -0.998986 -0.0452363 0.0105238 -0.998921 0.863015 -0.0226803 -0.50467 0.165738 -0.00015886 -0.98617 0.832359 -0.00725362 -0.55419 -0.00906096 -0.589898 -0.807427 -0.0330254 -0.621985 -0.782332 -0.0107742 -0.62553 -0.780126 -0.02355 -0.0594808 -0.997952 -0.033891 0.00921447 -0.999383 0.00155407 0.00354719 -0.999992 -0.04989 0.0300969 -0.998301 -0.0457278 -0.0157235 -0.99883 -0.054646 0.0201891 -0.998302 -0.0520175 0.00677892 -0.998623 0.058699 -0.0349255 -0.997665 -0.135011 -0.0968066 -0.986104 0.0671601 -0.0249478 0.99743 0.247558 -0.0833493 -0.965281 -0.0339536 -0.000668404 -0.999423 0.186024 0.000427378 -0.982545 0.0101132 0.0489721 0.998749 0.12488 -0.0198561 0.991973 0.160638 -0.0170524 0.986866 -0.0518651 -0.0269563 -0.99829 -0.0377096 -0.0299133 -0.998841 0.396489 0.00616793 0.918019 0.136372 -0.260864 -0.955695 0.00696127 0.0178376 -0.999817 -0.052402 -0.0183434 -0.998458 -0.0697511 0.0150899 -0.99745 0.690291 0.721648 0.0521706 0.408455 0.610668 -0.678417 -0.0460528 0.0250868 -0.998624 -0.0215312 -0.00229046 -0.999766 0.666319 -0.0174306 0.745463 0.711802 -0.0362566 0.701443 -0.050824 0.0320622 -0.998193 0.0622433 -0.0273452 0.997686 0.547349 -0.625792 0.555692 0.731975 -0.0647919 0.678243 0.116021 -0.0206611 0.993032 0.406773 -0.00071112 0.913529 -0.0441641 -0.0108995 -0.998965 0.280169 0.0219683 -0.959699 0.915396 0.0657905 -0.397142 0.890815 -0.0528303 -0.451285 0.97473 -0.0169724 0.222738 -0.0267873 -0.00671723 -0.999619 0.571554 -0.13825 -0.808834 0.60032 -0.139712 -0.787462 0.290493 0.14441 -0.945917 -0.0444266 -0.00255541 -0.999009 0.307878 -0.312874 -0.89851 -0.0440277 -0.00353536 -0.999024 -0.0365566 -0.0535144 -0.997898 -0.0175763 -0.00480812 -0.999834 -0.0761909 0.0160137 -0.996965 0.354152 -0.346505 -0.868626 -0.163063 -0.187906 -0.968557 0.136965 -0.206542 -0.968804 0.925891 -0.0806592 0.369081 0.920984 -0.0157718 0.38928 -0.0561896 0.0185153 -0.998248 0.451179 -0.0561945 0.890662 0.688037 -0.114275 0.716622 0.0554564 -0.230401 -0.971514 0.367358 0.0064839 -0.930057 -0.0594121 -0.011198 -0.998171 0.274777 -0.00198427 -0.961506 -0.0525698 0.0376311 -0.997908 0.955771 0.0127951 0.293834 0.954092 -0.101704 0.281718 -0.0445149 0.0560817 -0.997433 -0.0286709 -0.051202 -0.998277 0.342801 -0.00954769 -0.939359 -0.105039 -0.144216 -0.983956 0.966388 0.0237998 0.255986 0.871679 0.00240756 -0.490072 -0.0840409 0.0235578 -0.996184 -0.121272 0.230386 -0.965513 -0.166039 -0.0409968 -0.985267 0.114672 0.226098 -0.967331 0.98074 0.101487 0.166883 -0.0524169 0.017665 -0.998469 -0.0622429 0.0286311 -0.99765 -0.1219 -0.00239116 -0.99254 -0.351914 -0.220137 -0.909778 0.14764 0.0209721 -0.988819 0.0525277 -0.0599891 -0.996816 0.198041 0.200464 -0.959476 0.129691 0.0811424 -0.988229 -0.171444 -0.362415 -0.916112 -0.0553106 -0.0296049 -0.99803 -0.0614141 0.0218037 -0.997874 0.890095 -0.452463 0.0548545 -0.0564137 0.027026 -0.998042 -0.122028 0.287356 -0.950019 -0.04513 0.226098 -0.973058 -0.0288015 0.175937 -0.98398 0.292609 0.408255 -0.864701 0.174132 0.0125515 -0.984642 0.479021 -0.231313 -0.846778 0.455938 -0.230366 -0.859681 0.969686 -0.124305 0.210373 -0.0513837 0.0196628 -0.998485 -0.0461094 -0.0415348 -0.998073 0.00456844 0.0252685 -0.99967 -0.0535292 0.00845717 -0.998531 -0.0593249 0.0243744 -0.997941 -0.0388044 0.0182049 -0.999081 0.69148 -0.271529 -0.669423 -0.0309558 0.00984624 -0.999472 0.532679 -0.44014 -0.722862 -0.0290405 0.00741819 -0.999551 0.731299 -0.240859 -0.638114 0.746002 0.01998 -0.665644 0.69404 0.429775 -0.577583 0.052879 0.0623719 -0.996651 0.0495975 0.0687386 -0.996401 0.0269084 0.0639749 -0.997589 0.0398414 0.0498983 -0.997959 0.0335183 0.0428956 -0.998517 0.0770724 0.0398216 -0.99623 0.0660765 0.0416235 -0.996946 0.0678217 0.0566621 -0.996087 0.0544624 0.0420489 -0.99763 0.0268341 0.0557984 -0.998081 0.0428227 0.0685305 -0.99673 0.0760233 0.0799867 -0.993893 0.0159406 0.0618969 -0.997955 0.0506038 0.0195546 -0.998527 -0.0670569 -0.0427231 0.996834 -0.0558494 -0.0279745 0.998047 -0.0545287 0.00366004 0.998506 -0.0100655 -0.0393693 0.999174 0.010852 -0.0146199 0.999834 -0.02431 9.10888e-05 0.999704 -0.0415764 -0.0722555 0.996519 -0.0390458 -0.0475165 0.998107 -0.0756793 -0.0380002 0.996408 -0.0774432 -0.00945316 0.996952 -0.0450347 -0.0571228 0.997351 -0.0540997 -0.0481786 0.997373 -0.0348801 -0.0430266 0.998465 -0.0315118 -0.00989866 0.999454 -0.000892727 -0.0363216 0.99934 -0.0115399 -0.0444117 0.998947 -0.0460248 -0.0104377 0.998886 -0.0561774 -0.0599467 0.99662 -0.0837465 -0.054034 0.995021 -0.0892511 -0.0358489 0.995364 -0.0979768 -0.0255731 0.99486 -0.0429737 -0.054759 0.997574 -0.0599448 -0.035271 0.997578 -0.0361667 -0.0268741 0.998984 -0.0633755 -0.0253736 0.997667 -0.0300476 -0.0370628 0.998861 -0.0834577 0.0207559 0.996295 -0.0820891 0.00325727 0.99662 -0.0380815 -0.0514442 0.99795 -0.0661858 -0.0489052 0.996608 -0.736291 0.00299794 0.676659 -0.975748 0.0473037 -0.213726 -0.772938 -0.00171972 0.634479 -0.0930978 0.00177935 0.995655 -0.67663 0.00328554 0.736315 -0.679878 0.0242416 0.732924 -0.0801791 -0.00971498 0.996733 -0.668796 0.0106227 -0.74337 -0.978605 0.0406673 -0.201687 -0.981593 0.0360974 -0.18754 -0.62916 0.0275669 -0.776787 -0.604639 0.0307393 -0.795906 -0.0801221 0.0322591 -0.996263 -0.63906 0.0251973 -0.768744 -0.536787 -0.650516 -0.537298 -0.643712 -0.109708 -0.757363 -0.129012 -0.123269 -0.983952 -0.0366686 0.0112562 0.999264 -0.10632 0.00280112 0.994328 -0.112122 -0.74482 0.657778 -0.680125 -0.143806 0.718853 -0.534938 -0.69388 0.482049 -0.0477609 0.0224955 0.998605 -0.00973646 0.000303975 0.999953 -0.963054 -0.242216 -0.117719 -0.0695611 0.07294 0.994908 -0.0291992 -0.723872 0.689316 0.00962334 -0.0616641 0.998051 -0.63821 -0.0317677 0.769207 -0.982205 -0.0185829 0.186891 -0.970243 0.0934434 -0.223375 -0.122154 0.0341705 -0.991923 -0.102473 0.049072 -0.993525 0.0373088 0.0506092 -0.998021 -0.622082 0.0138977 -0.782829 -0.106834 0.0456207 -0.99323 -0.116104 0.035043 -0.992619 -0.497387 0.187127 0.847107 -0.158745 -0.767214 -0.621437 -0.0457765 0.100973 0.993835 -0.0331205 0.0141631 0.999351 -0.594468 0.0653064 -0.801463 -0.623995 0.0489859 -0.779891 -0.133854 -0.990883 -0.0153296 -0.97477 0.0643307 -0.213742 -0.0669436 -0.779615 -0.622671 -0.990319 -0.0280358 -0.135952 -0.566189 -0.823827 -0.027205 0.02674 0.0576209 -0.99798 0.0428237 0.0496442 -0.997849 -0.0224286 -0.682895 0.730172 0.0050125 -0.0865002 0.996239 -0.0118267 -0.0658455 0.99776 -0.0434781 -0.0404996 0.998233 0.00970119 -0.708335 0.70581 -0.0387406 -0.997037 0.0664593 0.0525561 -0.0083566 -0.998583 0.0421188 -0.00573456 -0.999096 0.0370724 0.0687788 -0.996943 0.0414436 -0.717467 -0.695359 -0.00521888 -0.998921 0.0461592 0.00375704 -0.740297 -0.67227 0.0469771 0.0641689 -0.996833 0.0506578 0.00497833 -0.998704 -0.0175978 -0.998259 0.05629 0.0170301 -0.721591 -0.69211 -0.0240464 -0.706822 0.706983 -0.0373271 -0.739934 0.671643 0.176057 -0.174975 -0.968704 -0.0711462 -0.615851 -0.784644 -0.0358805 -0.561615 -0.82662 0.434817 -0.375345 -0.818566 -0.438854 -0.714752 -0.544552 -0.448828 -0.735115 -0.508095 -0.762062 -0.466161 -0.449393 0.125817 0.00221861 -0.992051 0.0425599 -0.0310418 -0.998612 -0.120674 -0.343816 -0.931251 0.0552728 -0.00189926 -0.99847 0.0413505 0.0144608 -0.99904 0.0339249 0.0247316 -0.999118 -0.00534454 0.0153851 -0.999867 0.0471193 0.0126798 -0.998809 0.0504448 0.0167842 -0.998586 0.0512585 0.00274696 -0.998682 -0.0818204 0.003421 -0.996641 0.0384178 0.0157131 -0.999138 -0.0635587 0.0562734 -0.99639 0.0590488 -0.00623906 -0.998236 0.0302187 0.0258647 -0.999209 0.0303268 0.00262418 -0.999537 0.0358714 0.0214594 -0.999126 -0.532478 0.303945 -0.789991 -0.421373 -0.350632 -0.836362 -0.0758898 0.376385 -0.92335 -0.866228 0.103819 -0.488744 -0.562899 -0.445482 -0.696197 -0.446162 -0.0333288 -0.894332 0.0652279 -0.0126691 -0.99779 -0.896502 -0.0035548 -0.443025 -0.413979 0.535799 -0.735895 -0.504379 -0.187026 -0.842984 -0.0142311 -0.751964 -0.659051 -0.0131014 -0.763972 -0.645116 -0.0135747 -0.999638 0.0232221 0.0400395 0.0438904 -0.998234 0.0318589 0.0504662 -0.998218 0.0392107 0.0577103 -0.997563 0.00426983 -0.734624 -0.678461 -0.0230847 -0.999726 -0.00380085 0.0394437 0.0475408 -0.99809 0.0260298 0.0620339 -0.997735 0.0415355 0.0442597 -0.998156 0.00441088 -0.763554 0.645729 0.021127 0.00257232 -0.999774 0.0364023 0.0483776 -0.998166 0.0468716 0.0603905 -0.997074 0.0311187 0.0515072 -0.998188 -0.00880897 -0.745078 0.666919 0.0456857 0.0522128 -0.99759 0.0344167 0.0532385 -0.997989 0.0417088 0.044346 -0.998145 0.0452669 -0.0434885 -0.998028 0.0446672 -0.0314274 -0.998507 -0.0238958 -0.998586 0.0474869 -0.00222491 -0.0596376 0.998218 0.0292115 -0.0054561 -0.999558 0.0181686 0.0237332 -0.999553 0.028528 0.0565059 -0.997995 0.050379 0.0216639 -0.998495 0.0411752 0.042021 -0.998268 -0.0541729 -0.998502 0.00767894 0.041327 0.0562391 -0.997562 0.0232364 0.0321176 -0.999214 0.0379829 0.0564349 -0.997684 0.0401664 0.0414938 -0.998331 -0.00892385 -0.086854 -0.996181 -0.00897363 -0.13502 -0.990802 0.19472 -0.15444 -0.968624 0.450291 -0.155053 -0.879316 0.364693 0.120025 -0.92336 0.207582 -0.00932832 -0.978173 0.402233 -0.221803 -0.888264 -0.285656 -0.200326 -0.937161 -0.167876 -0.0845137 -0.982179 0.149136 -0.462383 -0.874048 0.0815236 0.0373843 -0.99597 0.0796807 0.0106146 -0.996764 0.0550956 -0.0059481 -0.998463 -0.000455407 -0.000889813 -1 0.031214 -0.0566912 -0.997904 -0.0525332 -0.149141 -0.987419 0.0794334 -0.0156539 -0.996717 -0.326505 -0.264929 -0.907308 0.043642 -0.0148502 -0.998937 0.0299762 0.0200052 -0.99935 0.115778 -0.0277816 -0.992887 0.0736456 -0.119898 -0.990051 0.0944675 -0.0530941 -0.994111 0.139669 0.0375103 -0.989487 0.130175 0.986142 -0.102856 0.354273 -0.05004 -0.933802 0.113821 -0.121375 -0.986059 0.000148998 -0.00544128 -0.999985 -0.084762 0.0153139 -0.996284 -0.202724 0.05093 -0.977911 0.00408883 -0.0652217 -0.997862 -0.0608563 0.103701 -0.992745 -0.00686208 0.0366314 -0.999305 -0.0337733 0.0235236 -0.999153 -0.174802 0.0637429 -0.982538 0.101301 -0.294223 -0.950353 0.00376186 0.00103717 -0.999992"/>
    <TextureCoordinate point="0.839175 0.287606 0.823277 0.289738 0.837535 0.277753 0.762305 0.421532 0.769719 0.431951 0.764019 0.447007 0.850546 0.429504 0.869817 0.421826 0.864438 0.435344 0.891622 0.33531 0.890321 0.334943 0.892036 0.335143 0.935683 0.350299 0.947002 0.362317 0.935453 0.362505 0.892252 0.334239 0.831993 0.438513 0.837841 0.423833 0.924331 0.361804 0.934569 0.373936 0.922704 0.372668 0.74957 0.438139 0.913117 0.360433 0.913772 0.3511 0.892665 0.366019 0.901832 0.368896 0.888669 0.375721 0.912107 0.371044 0.903831 0.359888 0.852075 0.397471 0.845511 0.410115 0.82981 0.402196 0.893021 0.337909 0.856788 0.416109 0.724182 0.357457 0.735712 0.374494 0.707697 0.375675 0.875135 0.35777 0.858591 0.358914 0.865527 0.350882 0.858588 0.38623 0.863455 0.40329 0.913545 0.341536 0.923364 0.339991 0.924249 0.350625 0.897965 0.348688 0.904726 0.342608 0.904913 0.350569 0.888187 0.333622 0.886025 0.334602 0.889207 0.331285 0.855496 0.307751 0.857921 0.301975 0.868143 0.302162 0.838725 0.296587 0.895712 0.332192 0.946997 0.350324 0.959931 0.363515 0.897359 0.337071 0.895174 0.350574 0.889619 0.346776 0.891222 0.343166 0.929016 0.411781 0.94294 0.413396 0.926676 0.424003 0.897896 0.3427 0.883955 0.36244 0.893078 0.341255 0.886831 0.355538 0.895752 0.358559 0.92104 0.329436 0.927747 0.314075 0.931937 0.3264 0.890489 0.321276 0.887544 0.316751 0.895809 0.322024 0.908402 0.325224 0.911586 0.332447 0.88477 0.347168 0.882911 0.350039 0.801533 0.285873 0.811831 0.293611 0.806988 0.304908 0.882118 0.344986 0.879091 0.351067 0.946817 0.374943 0.774942 0.272972 0.763669 0.29955 0.752476 0.282767 0.893953 0.354785 0.887961 0.353091 0.910075 0.434753 0.906501 0.449125 0.896386 0.431077 0.864256 0.339416 0.871441 0.344589 0.943405 0.400366 0.956818 0.402692 0.822292 0.414905 0.883062 0.426799 0.87838 0.440646 0.848854 0.350059 0.839577 0.358039 0.829645 0.346814 0.814547 0.261719 0.819921 0.2793 0.88056 0.306586 0.877669 0.30135 0.886539 0.295057 0.851198 0.295553 0.842692 0.309996 0.830492 0.367689 0.844526 0.377985 0.834803 0.378033 0.910201 0.381731 0.919018 0.396025 0.907137 0.393309 0.917403 0.319247 0.902388 0.315867 0.90993 0.308999 0.903845 0.334738 0.901525 0.32908 0.868519 0.391975 0.879622 0.397286 0.874896 0.408547 0.694172 0.313797 0.686363 0.348093 0.673073 0.325951 0.823305 0.300085 0.879427 0.371828 0.870426 0.366674 0.874059 0.380962 0.884781 0.385981 0.887833 0.280444 0.87943 0.281684 0.880006 0.263932 0.895674 0.390012 0.891823 0.401627 0.864769 0.375531 0.899125 0.379103 0.893911 0.317117 0.897913 0.311573 0.740305 0.457826 0.73051 0.428649 0.891919 0.327012 0.888071 0.325964 0.934923 0.338212 0.893804 0.297743 0.825547 0.453274 0.844489 0.4438 0.838484 0.45911 0.945967 0.387649 0.957824 0.388785 0.903956 0.303091 0.899968 0.286148 0.859083 0.449587 0.82852 0.38444 0.687115 0.392377 0.71248 0.391271 0.699601 0.403398 0.707608 0.335119 0.74146 0.344133 0.873841 0.454362 0.921721 0.384258 0.664237 0.360771 0.695993 0.362314 0.675322 0.377325 0.8211 0.395447 0.812588 0.390545 0.820759 0.377364 0.91633 0.408431 0.959489 0.37592 0.931801 0.398269 0.903896 0.405253 0.900305 0.417886 0.869324 0.278463 0.8716 0.264016 0.885453 0.324099 0.885689 0.330386 0.923659 0.437786 0.860792 0.32704 0.871485 0.32798 0.864232 0.331335 0.725783 0.322167 0.750005 0.318427 0.73613 0.32732 0.789331 0.456532 0.784267 0.433462 0.797359 0.440381 0.712409 0.413266 0.892103 0.445032 0.857857 0.318782 0.84691 0.322452 0.811699 0.341745 0.805606 0.348069 0.800487 0.329324 0.932611 0.385823 0.851587 0.367713 0.828522 0.31544 0.815669 0.407047 0.804589 0.404612 0.890371 0.308114 0.837304 0.389409 0.883312 0.327691 0.880712 0.331597 0.766778 0.308754 0.887531 0.413821 0.877751 0.340621 0.883022 0.337394 0.852187 0.333593 0.857634 0.343109 0.782941 0.291974 0.791207 0.31288 0.78317 0.301814 0.913315 0.42128 0.880455 0.292998 0.757265 0.363144 0.744909 0.362479 0.777721 0.414459 0.773275 0.405217 0.834583 0.328063 0.920259 0.30158 0.853746 0.277536 0.769832 0.377965 0.756498 0.392871 0.79449 0.396577 0.804481 0.384635 0.793061 0.417963 0.698362 0.432498 0.7091 0.348848 0.887728 0.45943 0.772005 0.351724 0.783758 0.364022 0.726869 0.395472 0.725088 0.380576 0.856981 0.352268 0.814995 0.321883 0.807751 0.365823 0.795333 0.376378 0.820641 0.355073 0.813129 0.35654 0.877996 0.327358 0.873795 0.334507 0.912022 0.292812 0.807001 0.444228 0.856638 0.291628 0.775049 0.322164 0.784161 0.333796 0.630859 0.350863 0.651486 0.339113 0.71436 0.301969 0.786374 0.404928 0.784427 0.38942 0.867949 0.336708 0.814024 0.429462 0.771265 0.341892 0.78738 0.34277 0.86733 0.29176 0.868125 0.308187 0.682024 0.292707 0.879636 0.324115 0.744496 0.309214 0.734192 0.290676 0.758846 0.332472 0.869679 0.323295 0.745951 0.381395 0.804163 0.425674 0.746866 0.268836 0.652869 0.397254 0.797947 0.337777 0.840889 0.33949 0.775932 0.419696 0.822037 0.335141 0.81162 0.374332 0.796552 0.353387 0.744253 0.409745 0.619468 0.386267 0.61635 0.413189 0.60385 0.39881 0.460814 0.346614 0.449673 0.353404 0.448359 0.347474 0.493075 0.283345 0.497157 0.27734 0.503172 0.28966 0.395326 0.36117 0.393094 0.34812 0.40842 0.358065 0.533758 0.407914 0.520032 0.419102 0.509189 0.405158 0.605263 0.36988 0.590261 0.383801 0.590631 0.355269 0.44561 0.345048 0.43217 0.347944 0.440314 0.339352 0.523851 0.369117 0.535209 0.38214 0.510873 0.380788 0.550337 0.274811 0.556227 0.300558 0.539952 0.290398 0.499478 0.345892 0.488895 0.356581 0.477688 0.345493 0.531101 0.305638 0.506847 0.310542 0.516142 0.297509 0.458467 0.332932 0.461363 0.336878 0.456985 0.342086 0.605368 0.340172 0.391878 0.30548 0.394801 0.303794 0.39676 0.306551 0.48922 0.335314 0.516585 0.445971 0.490419 0.441168 0.505375 0.430988 0.566932 0.284262 0.601749 0.427204 0.62995 0.429647 0.435353 0.454611 0.408749 0.447316 0.425025 0.437432 0.469053 0.335798 0.531611 0.434337 0.412646 0.335293 0.416044 0.341668 0.405564 0.346489 0.549241 0.369264 0.536141 0.356429 0.562519 0.355708 0.393166 0.411344 0.370305 0.400048 0.387966 0.39532 0.468114 0.355383 0.477371 0.366672 0.438879 0.349613 0.545624 0.316342 0.4996 0.368253 0.51147 0.357101 0.45596 0.419945 0.465187 0.436462 0.451149 0.445164 0.437016 0.287286 0.438085 0.295222 0.434698 0.293832 0.523102 0.394528 0.477669 0.326045 0.401533 0.29692 0.402722 0.294749 0.40548 0.294623 0.453832 0.337888 0.458384 0.325626 0.466174 0.317103 0.465221 0.375817 0.45636 0.364039 0.401625 0.329951 0.409403 0.327572 0.445294 0.371331 0.603565 0.308986 0.585415 0.295512 0.618759 0.292017 0.40606 0.290168 0.404998 0.289255 0.405979 0.28753 0.599689 0.455167 0.626668 0.458115 0.611565 0.470982 0.589389 0.325726 0.57587 0.34124 0.560709 0.328408 0.546307 0.422372 0.561065 0.410091 0.558748 0.438033 0.501816 0.45709 0.511886 0.472141 0.48631 0.467663 0.497904 0.391993 0.580156 0.496132 0.564319 0.508486 0.552371 0.491256 0.448472 0.33286 0.573765 0.42547 0.588064 0.411708 0.487305 0.378364 0.402006 0.300092 0.404758 0.296901 0.414015 0.289546 0.415514 0.294537 0.412429 0.292745 0.448549 0.515634 0.438665 0.49952 0.466167 0.504809 0.461553 0.460455 0.407206 0.307295 0.407393 0.304838 0.410416 0.30436 0.476592 0.451616 0.548524 0.342942 0.523193 0.344469 0.534504 0.331197 0.595806 0.483584 0.608404 0.499285 0.475167 0.388469 0.470329 0.412297 0.460744 0.397757 0.484042 0.402401 0.573005 0.312696 0.439339 0.39156 0.447516 0.406168 0.432583 0.413486 0.514381 0.261719 0.509972 0.275447 0.492796 0.268567 0.48596 0.314997 0.493207 0.301811 0.497892 0.323383 0.58629 0.439591 0.570726 0.451721 0.397612 0.301706 0.524549 0.282891 0.451937 0.384184 0.400018 0.429012 0.390396 0.455997 0.38132 0.436608 0.494547 0.416422 0.438266 0.358299 0.382116 0.484002 0.371716 0.465656 0.485194 0.279906 0.472442 0.307503 0.454162 0.307557 0.461086 0.29883 0.405305 0.313696 0.403129 0.308749 0.4425 0.429442 0.567066 0.480835 0.472086 0.477217 0.519864 0.320969 0.441284 0.298534 0.430096 0.300395 0.410122 0.289375 0.410591 0.290449 0.408462 0.292627 0.382801 0.376719 0.39908 0.290892 0.398579 0.289665 0.400187 0.290259 0.445337 0.471414 0.360352 0.4469 0.42098 0.329754 0.421836 0.317776 0.427549 0.322454 0.54832 0.395772 0.562408 0.382943 0.511205 0.33311 0.620293 0.355094 0.435804 0.306052 0.448644 0.303544 0.441184 0.311632 0.419407 0.30489 0.420573 0.307231 0.41709 0.307096 0.454315 0.488222 0.433632 0.316707 0.429676 0.309743 0.403415 0.338403 0.392431 0.339511 0.454567 0.295237 0.521505 0.516664 0.509523 0.499529 0.524315 0.488869 0.614331 0.442759 0.497938 0.482559 0.527646 0.460568 0.540047 0.476922 0.543969 0.449585 0.576403 0.369483 0.483465 0.493735 0.57532 0.397152 0.408157 0.314631 0.409091 0.309119 0.399005 0.289485 0.409836 0.491595 0.427892 0.48144 0.421083 0.509133 0.536259 0.504739 0.417868 0.46413 0.407495 0.295831 0.408859 0.297576 0.399226 0.373147 0.555572 0.464964 0.620282 0.323034 0.39997 0.288586 0.401059 0.287976 0.426749 0.363772 0.480138 0.427029 0.399325 0.304407 0.398021 0.309244 0.401849 0.305327 0.404529 0.305264 0.432037 0.377492 0.42648 0.295519 0.429279 0.291079 0.429337 0.29489 0.392947 0.316163 0.392785 0.322739 0.386383 0.316027 0.413451 0.310987 0.414661 0.307929 0.42632 0.398102 0.419079 0.383062 0.420081 0.294875 0.422878 0.291284 0.412854 0.368706 0.440898 0.27934 0.43733 0.281902 0.432019 0.296758 0.400089 0.322128 0.432775 0.330808 0.424255 0.336307 0.446915 0.315723 0.583397 0.468008 0.402758 0.303351 0.417729 0.310882 0.400245 0.302599 0.399504 0.300257 0.424146 0.302619 0.421028 0.302658 0.420499 0.282407 0.425486 0.2835 0.41898 0.286376 0.417712 0.421457 0.400528 0.473653 0.421782 0.352253 0.402053 0.289476 0.409898 0.404852 0.380938 0.364019 0.401069 0.292031 0.40295 0.291436 0.398715 0.298026 0.397801 0.29576 0.44105 0.287391 0.459051 0.285303 0.426308 0.305295 0.411484 0.28595 0.399193 0.311167 0.395666 0.296311 0.3965 0.298805 0.37506 0.417411 0.431599 0.284999 0.403386 0.389233 0.406719 0.302217 0.41755 0.302458 0.419126 0.300337 0.413139 0.297667 0.410777 0.299871 0.410703 0.295729 0.398377 0.292554 0.399938 0.294111 0.423726 0.308398 0.422388 0.304831 0.411273 0.309355 0.412024 0.316989 0.439906 0.324142 0.393087 0.311605 0.399024 0.315585 0.405613 0.29919 0.407542 0.298971 0.416733 0.291492 0.46797 0.288808 0.399079 0.288228 0.398101 0.28852 0.415322 0.300198 0.417662 0.298554 0.40651 0.315361 0.40634 0.32041 0.416331 0.314952 0.424547 0.288058 0.470971 0.275376 0.380095 0.3496 0.4188 0.289661 0.417981 0.295623 0.449589 0.281915 0.402715 0.286941 0.403754 0.288139 0.412427 0.306635 0.412776 0.30236 0.445642 0.290804 0.421822 0.29869 0.43278 0.279921 0.426498 0.292382 0.462199 0.272539 0.409596 0.306356 0.397222 0.293768 0.407062 0.315706 0.392302 0.331069 0.407538 0.318095 0.37922 0.340148 0.421363 0.311185 0.414629 0.286944 0.40878 0.294764 0.408338 0.290299 0.411079 0.293914 0.415316 0.297091 0.41487 0.304577 0.400217 0.286009 0.400804 0.287074 0.408922 0.301473 0.419837 0.307868 0.443414 0.65745 0.43955 0.642438 0.458482 0.653532 0.236014 0.564183 0.24146 0.557573 0.241208 0.56664 0.266576 0.595342 0.277558 0.585444 0.277508 0.596085 0.253268 0.569619 0.253567 0.568882 0.254188 0.56922 0.326585 0.611307 0.328359 0.623694 0.31381 0.6139 0.446546 0.67287 0.43612 0.691874 0.432559 0.675944 0.395661 0.652796 0.398528 0.668 0.380645 0.65654 0.216235 0.606315 0.199446 0.606917 0.205188 0.60061 0.132055 0.741061 0.129221 0.722668 0.147253 0.720197 0.36998 0.673949 0.38378 0.671116 0.371253 0.688368 0.158916 0.564823 0.144334 0.567287 0.14469 0.557004 0.247142 0.569122 0.250315 0.568753 0.251925 0.57027 0.392306 0.716204 0.41084 0.729901 0.39459 0.733042 0.239705 0.5734 0.244641 0.571609 0.248523 0.574389 0.261207 0.589853 0.267588 0.584933 0.232526 0.669299 0.220408 0.669731 0.229864 0.663234 0.413846 0.745628 0.235028 0.65485 0.242165 0.661594 0.308902 0.695259 0.309425 0.711081 0.293344 0.695865 0.251112 0.735681 0.250041 0.743493 0.241509 0.735944 0.371038 0.614335 0.384955 0.611018 0.374573 0.627828 0.243771 0.641315 0.252716 0.639214 0.243685 0.650561 0.185816 0.615219 0.187913 0.607819 0.198335 0.610675 0.134273 0.614167 0.117468 0.606868 0.141358 0.595549 0.187137 0.744025 0.183029 0.729931 0.196961 0.726395 0.423484 0.710592 0.439806 0.707193 0.212565 0.587074 0.207603 0.591385 0.200675 0.579919 0.178025 0.660611 0.161276 0.649455 0.178503 0.650128 0.307883 0.668373 0.290363 0.665953 0.29926 0.66327 0.420194 0.695032 0.017051 0.647789 0.0222887 0.620079 0.0416602 0.650662 0.427439 0.727399 0.126252 0.685939 0.108034 0.665635 0.126487 0.667838 0.314411 0.566287 0.328938 0.57366 0.318049 0.577284 0.298228 0.58316 0.293019 0.595309 0.290807 0.583409 0.29269 0.563982 0.301508 0.56102 0.295814 0.573175 0.354307 0.60462 0.367474 0.601104 0.35729 0.617618 0.160663 0.668223 0.161313 0.68476 0.144262 0.685372 0.344633 0.634177 0.341976 0.621083 0.221112 0.680249 0.207319 0.683933 0.454797 0.703279 0.377553 0.642095 0.363486 0.644978 0.162327 0.701263 0.202522 0.535298 0.193585 0.545114 0.184566 0.535791 0.249998 0.697066 0.244543 0.702518 0.236222 0.701854 0.462445 0.66878 0.478035 0.664378 0.466413 0.68409 0.172866 0.573072 0.185164 0.58129 0.167752 0.581254 0.243149 0.544787 0.235823 0.551699 0.416767 0.679794 0.188722 0.573808 0.389471 0.701065 0.386615 0.685992 0.401656 0.682975 0.242957 0.591668 0.247715 0.590645 0.246964 0.595918 0.316001 0.625599 0.194633 0.713056 0.202657 0.711645 0.413456 0.664763 0.260472 0.574828 0.258915 0.581687 0.255265 0.574546 0.376949 0.58495 0.390936 0.579311 0.381138 0.596462 0.424755 0.646942 0.429223 0.661256 0.254748 0.571614 0.196473 0.627738 0.193954 0.634797 0.183741 0.623506 0.391558 0.638799 0.435043 0.627808 0.450414 0.623526 0.249173 0.571545 0.145185 0.702806 0.127205 0.704356 0.373046 0.70401 0.355925 0.70652 0.117413 0.762645 0.112425 0.744725 0.410158 0.64967 0.407837 0.713826 0.231785 0.597019 0.23545 0.588105 0.450925 0.687985 0.404787 0.698282 0.23809 0.709981 0.232457 0.714548 0.23266 0.711022 0.2041 0.63813 0.277802 0.628284 0.277609 0.640561 0.26545 0.639928 0.278196 0.696031 0.29328 0.681495 0.228431 0.609451 0.21926 0.597595 0.0627893 0.685927 0.037866 0.680702 0.065513 0.667392 0.144418 0.667371 0.360644 0.630616 0.229239 0.559264 0.220877 0.552216 0.398131 0.606561 0.387599 0.624731 0.251052 0.602317 0.254452 0.615922 0.247275 0.607298 0.276807 0.68341 0.262785 0.682624 0.278104 0.676705 0.277495 0.617174 0.266675 0.616584 0.276519 0.606012 0.0702902 0.563098 0.0499111 0.55346 0.0612874 0.533869 0.402623 0.620839 0.364198 0.588933 0.394119 0.593247 0.417418 0.616628 0.412929 0.602516 0.431322 0.613149 0.257648 0.564475 0.260428 0.565756 0.261372 0.569215 0.0210164 0.565521 0.0314207 0.544173 0.3211 0.589478 0.309003 0.727883 0.325364 0.709962 0.26531 0.736538 0.263088 0.74552 0.250006 0.725321 0.242938 0.718543 0.245087 0.710303 0.128428 0.659484 0.139842 0.659778 0.406678 0.63516 0.180085 0.715159 0.248251 0.58382 0.252524 0.577661 0.255753 0.58556 0.442127 0.594035 0.446313 0.608742 0.427491 0.598243 0.289439 0.674684 0.172455 0.525879 0.162316 0.537153 0.150348 0.5268 0.346311 0.580995 0.359107 0.576636 0.242941 0.578911 0.408646 0.588133 0.338553 0.608231 0.210248 0.633607 0.114108 0.648935 0.105821 0.648965 0.238557 0.740651 0.210325 0.711826 0.213162 0.699625 0.220137 0.705534 0.0610777 0.581763 0.0807228 0.591322 0.0517582 0.60453 0.245548 0.634118 0.237008 0.637474 0.37551 0.7197 0.378243 0.735421 0.380507 0.751513 0.397694 0.74914 0.330347 0.636477 0.366331 0.659414 0.351287 0.676572 0.349069 0.661629 0.287544 0.555747 0.283524 0.559977 0.0871963 0.666835 0.0872536 0.650239 0.208249 0.662045 0.208094 0.65093 0.221648 0.651489 0.304467 0.626387 0.296021 0.627311 0.294423 0.615312 0.332257 0.649984 0.276829 0.666279 0.289609 0.652801 0.342615 0.723617 0.326811 0.726438 0.340688 0.708447 0.227977 0.702192 0.229098 0.708192 0.173777 0.54683 0.247884 0.682685 0.262773 0.696364 0.316936 0.638 0.304917 0.638224 0.276892 0.561054 0.277214 0.566866 0.272214 0.561569 0.25227 0.711326 0.253134 0.567682 0.404688 0.576239 0.0108427 0.588077 0.0404362 0.572892 0.0305453 0.59673 0.263863 0.561955 0.268037 0.561527 0.269798 0.566237 0.318118 0.651424 0.263994 0.725953 0.106853 0.582303 0.0882313 0.573905 0.11548 0.56461 0.351013 0.593352 0.335423 0.59734 0.235201 0.729918 0.228623 0.724741 0.234128 0.724505 0.0813268 0.544584 0.0980871 0.555354 0.42093 0.631466 0.236289 0.718913 0.292536 0.735702 0.292763 0.725485 0.266831 0.606264 0.33575 0.678527 0.334107 0.664013 0.212779 0.691002 0 0.613074 0.254432 0.593531 0.265054 0.558557 0.259582 0.560253 0.25763 0.608596 0.193251 0.684211 0.193456 0.698978 0.178369 0.699909 0.260788 0.672236 0.264479 0.664036 0.0880881 0.7078 0.108207 0.705864 0.0909384 0.728614 0.236611 0.692838 0.164268 0.658969 0.25797 0.567459 0.255627 0.568676 0.255664 0.566491 0.206462 0.57137 0.226726 0.583314 0.232209 0.574135 0.124185 0.528674 0.134476 0.52623 0.133811 0.544357 0.454563 0.638449 0.263705 0.71121 0.225579 0.70823 0.228824 0.71107 0.225724 0.711368 0.127761 0.647588 0.240985 0.599447 0.243736 0.603485 0.240866 0.610564 0.16487 0.55816 0.184937 0.555732 0.176799 0.566755 0.341196 0.569814 0.354509 0.564667 0.238779 0.6034 0.286512 0.605495 0.192952 0.525715 0.212078 0.525438 0.470432 0.700091 0.131999 0.572448 0.246275 0.669504 0.277639 0.746672 0.278581 0.736566 0.145956 0.649292 0.124675 0.590634 0.146989 0.581596 0.227585 0.739806 0.227966 0.731949 0.253875 0.563262 0.30197 0.603949 0.292405 0.604839 0.259987 0.600636 0.260789 0.598165 0.180032 0.589176 0.320048 0.665817 0.195839 0.56393 0.164367 0.717684 0.27563 0.761202 0.288544 0.616026 0.200809 0.739378 0.234871 0.683504 0.222698 0.688362 0.276093 0.557208 0.303555 0.614546 0.287462 0.595398 0.285785 0.585328 0.22907 0.678306 0.316176 0.761316 0.312028 0.74469 0.329228 0.741725 0.0425532 0.667328 0.064916 0.651852 0.238868 0.582851 0.347985 0.75663 0.345492 0.73996 0.360686 0.738964 0.0855285 0.633613 0.229217 0.720273 0.284227 0.576872 0.221959 0.592935 0.242917 0.586013 0.358316 0.721768 0.213538 0.561266 0.203698 0.553632 0.128488 0.630477 0.14799 0.633714 0.283501 0.555726 0.277258 0.576383 0.220407 0.662388 0.22635 0.694202 0.153509 0.548027 0.26189 0.75956 0.332306 0.586165 0.20774 0.670195 0.200459 0.663139 0.220569 0.535384 0.211919 0.544154 0.143126 0.536488 0.136526 0.517578 0.268986 0.575407 0.268249 0.571435 0.236969 0.674839 0.0911562 0.619769 0.109568 0.627157 0.154957 0.572845 0.307856 0.681332 0.353622 0.691556 0.206171 0.724603 0.132834 0.561623 0.203308 0.698617 0.228661 0.544109 0.241115 0.729251 0.324248 0.600331 0.252121 0.652225 0.254657 0.660348 0.270047 0.559004 0.164828 0.637699 0.167834 0.733977 0.287456 0.573408 0.099319 0.599392 0.0445459 0.625513 0.226295 0.623021 0.223574 0.636703 0.213002 0.620045 0.245607 0.631129 0.23877 0.625893 0.253156 0.62745 0.121897 0.552905 0.0722694 0.611983 0.196706 0.587297 0.192924 0.595673 0.284934 0.565664 0.11034 0.725148 0.157182 0.606847 0.158506 0.598296 0.144663 0.609517 0.144555 0.604297 0.289292 0.628091 0.310877 0.591664 0.308696 0.580364 0.176988 0.670729 0.188154 0.662137 0.347056 0.647893 0.293014 0.748282 0.15029 0.737737 0.323157 0.694098 0.321404 0.679757 0.278224 0.725388 0.21773 0.730086 0.212841 0.721334 0.221235 0.723382 0.0657577 0.629954 0.108697 0.53994 0.194116 0.653333 0.266098 0.628139 0.299895 0.73636 0.36217 0.755173 0.193404 0.642238 0.18085 0.631638 0.305346 0.570754 0.312476 0.602468 0.254071 0.565914 0.176855 0.596838 0.302074 0.746543 0.0988835 0.63686 0.107057 0.686266 0.0860511 0.686942 0.298405 0.643049 0.290154 0.64028 0.245045 0.561268 0.248548 0.756907 0.216876 0.577766 0.236192 0.752873 0.246046 0.598996 0.225012 0.750356 0.264941 0.565037 0.174132 0.603202 0.261411 0.557859 0.260091 0.555069 0.211963 0.736095 0.172483 0.748645 0.153767 0.755818 0.135241 0.759706 0.223069 0.568089 0.193675 0.668691 0.177665 0.684225 0.338487 0.693178 0.0939915 0.746927 0.279227 0.572385 0.231989 0.602156 0.168862 0.619768 0.238844 0.667623 0.300088 0.593839 0.300553 0.652201 0.203347 0.641595 0.154471 0.61482 0.15041 0.623535 0.179388 0.640582 0.278324 0.711267 0.29656 0.634091 0.247157 0.616629 0.249672 0.565 0.331825 0.759866 0.161944 0.590371 0.25121 0.567158 0.245807 0.622963 0.189589 0.602294 0.293465 0.711863 0.199585 0.617921 0.308867 0.653662 0.171608 0.610964 0.1665 0.628576 0.229197 0.715118 0.250781 0.561843 0.23243 0.7079 0.0927215 0.526259 0.226201 0.715337 0.253946 0.569835 0.0835181 0.146753 0.0946411 0.159522 0.0711385 0.157988 0.299085 0.102632 0.29509 0.109488 0.287697 0.100808 0.0378084 0.119567 0.0266696 0.105628 0.0518418 0.107729 0.14187 0.140009 0.140381 0.162292 0.129785 0.150393 0.275674 0.211051 0.263526 0.202842 0.271736 0.191122 0.173535 0.152798 0.152181 0.151865 0.163583 0.14186 0.181252 0.0708833 0.173306 0.0584082 0.186166 0.050736 0.125766 0.241098 0.148464 0.24023 0.136947 0.252027 0.0639109 0.0973315 0.0751282 0.110595 0.126674 0.218586 0.149053 0.217437 0.137743 0.229671 0.287701 0.0580963 0.273165 0.0636705 0.269382 0.0573819 0.252622 0.19419 0.245379 0.203536 0.307882 0.144248 0.307982 0.148599 0.305356 0.152504 0.278116 0.12517 0.279019 0.141726 0.269898 0.133412 0.325566 0.113004 0.32007 0.10533 0.333546 0.107147 0.0251684 0.131203 0.0491895 0.132576 0.308179 0.138795 0.302078 0.140391 0.301605 0.132628 0.0673769 0.0729182 0.0813774 0.0632219 0.0914526 0.0767514 0.279822 0.229174 0.267931 0.220958 0.053046 0.0839413 0.151569 0.173821 0.161766 0.184765 0.139372 0.184844 0.0553462 0.241053 0.0796111 0.242025 0.066734 0.253397 0.221871 0.167364 0.230814 0.176187 0.213124 0.173823 0.101377 0.0900949 0.0780101 0.0869056 0.0311939 0.240281 0.0436865 0.228604 0.28303 0.15941 0.295031 0.167252 0.284867 0.166174 0.228911 0.0877509 0.218629 0.0958975 0.209913 0.0851213 0.182924 0.126967 0.192182 0.136095 0.175448 0.132042 0.228315 0.247343 0.21823 0.260106 0.205842 0.249023 0.159811 0.228562 0.178124 0.0384036 0.204944 0.227052 0.214861 0.215581 0.225746 0.225749 0.19357 0.174583 0.203311 0.183597 0.192687 0.19478 0.146645 0.0951865 0.154776 0.0890024 0.161637 0.0987153 0.289512 0.151055 0.270749 0.150824 0.259214 0.0648601 0.249359 0.0719781 0.242115 0.0616814 0.117696 0.16103 0.128517 0.173022 0.105538 0.171865 0.28761 0.142823 0.133826 0.10558 0.158185 0.106985 0.143828 0.117758 0.20551 0.0549321 0.197948 0.0434536 0.0199824 0.203383 0.0320609 0.21612 0.00789997 0.215135 0.107056 0.14876 0.119339 0.138153 0.280924 0.107459 0.276186 0.0987187 0.263379 0.254323 0.250546 0.244609 0.259449 0.233448 0.162389 0.163181 0.0964157 0.136294 0.262162 0.0475023 0.252176 0.0550683 0.150418 0.196821 0.321413 0.0894374 0.332788 0.0843639 0.327065 0.0909448 0.0604489 0.144539 0.0731991 0.134521 0.0427248 0.0699461 0.0561899 0.217015 0.0677043 0.229426 0.115893 0.231003 0.103644 0.24157 0.0919656 0.230697 0.103645 0.218375 0.338947 0.038976 0.341083 0.0242279 0.347535 0.0327999 0.295562 0.143327 0.286298 0.134175 0.26664 0.175742 0.283782 0.175741 0.27663 0.183713 0.213905 0.194479 0.295446 0.0938684 0.0572877 0.0593293 0.167611 0.11823 0.175541 0.107416 0.177076 0.117124 0.0228849 0.154726 0.011889 0.142595 0.0821575 0.170518 0.0584305 0.169087 0.270188 0.100728 0.263302 0.108096 0.26432 0.0919729 0.0858 0.123614 0.289806 0.0710364 0.299004 0.0785452 0.293121 0.0780872 0.135968 0.0639204 0.127471 0.0710829 0.129168 0.0515109 0.193342 0.21728 0.203588 0.205394 0.0402394 0.0944739 0.0286835 0.080539 0.0685888 0.20552 0.0571354 0.193045 0.0697251 0.181755 0.308433 0.108339 0.311515 0.112389 0.302291 0.11776 0.195592 0.153805 0.185488 0.142661 0.246167 0.15862 0.229639 0.157304 0.236323 0.149209 0.245094 0.0442211 0.266049 0.0744228 0.277295 0.0680031 0.255788 0.0372771 0.194393 0.238772 0.172217 0.239876 0.182917 0.228552 0.272622 0.0743691 0.274533 0.0840304 0.172872 0.175332 0.182203 0.185301 0.173921 0.0760839 0.156606 0.0692578 0.165383 0.0631489 0.11624 0.206278 0.0882934 0.100159 0.183638 0.250378 0.160331 0.251569 0.272896 0.0403705 0.265087 0.0300509 0.282324 0.0321434 0.119086 0.0570836 0.33102 0.0685231 0.324142 0.0738011 0.318552 0.0651586 0.23809 0.235412 0.336601 0.0684121 0.329218 0.0587604 0.341438 0.0623691 0.304632 0.10247 0.305199 0.0869632 0.312855 0.0956361 0.0446305 0.20454 0.033079 0.191879 0.239476 0.166015 0.290002 0.0852961 0.283532 0.0767699 0.227129 0.106038 0.236401 0.116154 0.216477 0.115749 0.18456 0.164352 0.0625915 0.120957 0.208598 0.0367144 0.191068 0.0316862 0.10499 0.067111 0.114406 0.08036 0.320018 0.00962533 0.329503 0.00589215 0.33422 0.0148866 0.234564 0.051283 0.215962 0.0475845 0.22748 0.0405186 0.272358 0.168506 0.0132839 0.116966 0.116564 0.183956 0.0929841 0.183631 0.154577 0.130103 0.0343302 0.167791 0.0471505 0.156393 0.285218 0.0631946 0.294908 0.0688759 0.354027 0.0407075 0 0.128375 0.275881 0.0227752 0.181965 0.205771 0.00938123 0.165523 0.0214354 0.179242 0.23502 0.193792 0.242014 0.185071 0.13636 0.0829264 0.144801 0.0766628 0.108945 0.125747 0.2155 0.23717 0.0155025 0.0916646 0.127555 0.196009 0.104334 0.195431 0.333275 0.0296609 0.342595 0.100804 0.32847 0.0984307 0.336972 0.0926857 0.157826 0.0501254 0.148115 0.0564082 0.149946 0.037569 0.13876 0.208375 0.247594 0.223482 0.0018377 0.103471 0.250122 0.174775 0.124003 0.0931796 0.211646 0.157347 0.204536 0.164181 0.0985489 0.113166 0.111304 0.102995 0.279309 0.0500468 0.288679 0.0438392 0.271262 0.241432 0.0917985 0.206826 0.172479 0.196506 0.338648 0 0.275888 0.263879 0.240641 0.257342 0.220819 0.0771158 0.212252 0.0661339 0.193755 0.0626588 0.262324 0.160189 0.131616 0.127877 0.224722 0.183625 0.121427 0.115504 0.0363199 0.142861 0.22178 0.147867 0.292074 0.025289 0.182365 0.0881897 0.191354 0.0998635 0.183727 0.106082 0.095432 0.0535005 0.202955 0.148014 0.160743 0.206791 0.201465 0.128581 0.211578 0.139136 0.080686 0.194049 0.288309 0.128251 0.294282 0.125148 0.235814 0.213466 0.30068 0.0928423 0.295562 0.0532304 0.0800585 0.217895 0.223796 0.0586325 0.261235 0.12475 0.244319 0.1247 0.25342 0.116349 0.344693 0.0469869 0.302949 0.0627975 0.0457976 0.180454 0.32863 0.0820593 0.315139 0.0805864 0.280957 0.0925427 0.260921 0.142411 0.253323 0.151549 0.231484 0.0692795 0.257051 0.0817655 0.247149 0.0898062 0.239239 0.0797087 0.286956 0.219006 0.284621 0.250458 0.257191 0.211051 0.22556 0.204252 0.339766 0.0769351 0.0195738 0.227789 0.00868648 0.19095 0.172281 0.262659 0.259751 0.0194193 0.236668 0.0984613 0.245031 0.107775 0.2962 0.156443 0.317137 0.11925 0.309172 0.125804 0.286629 0.190804 0.291586 0.184718 0.300544 0.191188 0.28704 0.116973 0.284424 0.124304 0.32987 0.0439029 0.324372 0.0335371 0.170901 0.217007 0.255197 0.0995003 0.148853 0.263379 0.200396 0.110688 0.198657 0.0940471 0.207616 0.105052 0.27029 0.116209 0.275702 0.109848 0.165661 0.0810788 0.35022 0.0178978 0.35672 0.0264945 0.192892 0.117613 0.228228 0.140965 0.302421 0.144104 0.316137 0.101851 0.252536 0.13345 0.260792 0.183201 0.319884 0.0221533 0.139823 0.0443563 0.323175 0.0497185 0.306034 0.046325 0.316007 0.039772 0.32212 0.0965251 0.219949 0.131811 0.210577 0.121893 0.2256 0.125507 0.202211 0.0740245 0.26762 0.0838349 0.174546 0.0939579 0.23828 0.0336838 0.345471 0.0748447 0.323746 0.12753 0.345318 0.0863908 0.30946 0.0298788 0.307815 0.16476 0.300616 0.159885 0.283299 0.197711 0.295571 0.204397 0.256264 0.167375 0.306612 0.00405272 0.314585 0.000337115 0.351323 0.0947994 0.335591 0.0533357 0.344184 0.00896426 0.242756 0.142839 0.248642 0.0271084 0.280541 0.117431 0.299204 0.0362602 0.308955 0.0715395 0.312655 0.0562156 0.302296 0.173325 0.291257 0.172435 0.314477 0.145105 0.301184 0.151827 0.32152 0.141179 0.315841 0.133635 0.331103 0.12084 0.16641 0.0455679 0.22058 0.0295596 0.360101 0.0113829 0.313003 0.0133135 0.302285 0.0197913 0.29632 0.0100978 0.234381 0.134701 0.292872 0.163054 0.189278 0.0823406 0.28615 0.0148693 0.313599 0.149687 0.296678 0.178998 0.328929 0.0210802 0.678907 0.687046 0.675425 0.688181 0.678051 0.684618 0.56269 0.564712 0.55555 0.587055 0.541529 0.56231 0.683599 0.686285 0.685747 0.686914 0.683824 0.687626 0.577041 0.708739 0.590833 0.711831 0.589146 0.724094 0.778069 0.646143 0.763249 0.643418 0.7654 0.630294 0.751409 0.695646 0.756046 0.683244 0.768617 0.687601 0.767403 0.615063 0.782406 0.616856 0.690652 0.682724 0.687074 0.682421 0.690534 0.677767 0.681404 0.687122 0.676533 0.690881 0.66706 0.560985 0.649147 0.5657 0.662053 0.543476 0.724736 0.640577 0.725073 0.628279 0.737898 0.640827 0.800033 0.68134 0.794869 0.694903 0.781716 0.691348 0.652366 0.725708 0.639189 0.718268 0.647009 0.718464 0.684882 0.683075 0.680536 0.682218 0.682957 0.680105 0.687483 0.689162 0.672332 0.708 0.674345 0.712997 0.665236 0.714013 0.703728 0.670845 0.694955 0.66341 0.703744 0.66237 0.658189 0.690999 0.648658 0.687092 0.660909 0.6837 0.736312 0.653506 0.734519 0.664616 0.723633 0.663519 0.698885 0.629913 0.709848 0.615669 0.711598 0.628489 0.683165 0.684303 0.736867 0.583614 0.735784 0.566756 0.753456 0.583658 0.69706 0.618147 0.687305 0.633119 0.497377 0.726389 0.500982 0.708393 0.520197 0.711034 0.70824 0.601426 0.724032 0.614405 0.602164 0.634669 0.603046 0.657232 0.590405 0.647467 0.574455 0.547593 0.57087 0.525694 0.603041 0.540187 0.758706 0.713854 0.746122 0.707286 0.654032 0.582664 0.698244 0.536043 0.716119 0.534039 0.701003 0.553813 0.524609 0.692505 0.503924 0.688055 0.50759 0.669065 0.666526 0.612134 0.670783 0.625205 0.65594 0.616581 0.683897 0.62075 0.624769 0.554791 0.643688 0.548619 0.607359 0.714073 0.613279 0.700443 0.624399 0.71523 0.743119 0.679822 0.740106 0.690939 0.732452 0.675789 0.632073 0.611365 0.624716 0.599944 0.627863 0.593903 0.721594 0.583899 0.631104 0.571453 0.71494 0.692605 0.724806 0.696596 0.710363 0.700706 0.689875 0.589693 0.70605 0.58635 0.557514 0.620329 0.589596 0.622234 0.574688 0.634336 0.751401 0.628517 0.737521 0.627656 0.737664 0.613515 0.728623 0.68723 0.654023 0.678303 0.485675 0.642029 0.496797 0.613404 0.501328 0.633307 0.811493 0.621161 0.794864 0.634023 0.798295 0.619164 0.679577 0.648205 0.665863 0.640879 0.675582 0.637124 0.738953 0.720186 0.731571 0.730738 0.722069 0.723195 0.647485 0.603089 0.640075 0.608423 0.753354 0.566617 0.679681 0.607489 0.693681 0.603849 0.769828 0.584417 0.619262 0.620508 0.638825 0.62532 0.697321 0.691792 0.700923 0.685412 0.707455 0.688916 0.777983 0.705507 0.569515 0.682592 0.562724 0.665099 0.574578 0.672751 0.671362 0.656589 0.570883 0.721002 0.57922 0.727251 0.571463 0.735703 0.619525 0.670216 0.614109 0.665595 0.628606 0.655192 0.792123 0.648778 0.802853 0.666441 0.789527 0.663488 0.748875 0.654864 0.624181 0.722839 0.609308 0.719944 0.670889 0.577526 0.724566 0.652467 0.713341 0.652173 0.712764 0.640893 0.721902 0.673509 0.712142 0.671781 0.713558 0.663051 0.687407 0.685545 0.690052 0.686823 0.689063 0.687574 0.674996 0.592529 0.713517 0.731852 0.715481 0.750629 0.703768 0.740162 0.688298 0.699718 0.693006 0.696358 0.698127 0.701839 0.682849 0.556973 0.780419 0.631731 0.673003 0.672154 0.677283 0.677715 0.673678 0.680975 0.83477 0.657708 0.819806 0.654501 0.823223 0.639605 0.557653 0.718004 0.561381 0.702915 0.657738 0.524835 0.680102 0.53933 0.682438 0.685781 0.784411 0.601279 0.533609 0.664976 0.510617 0.653019 0.65972 0.598421 0.615731 0.580086 0.719389 0.68347 0.74298 0.738824 0.638265 0.724688 0.621597 0.736488 0.703305 0.696022 0.816289 0.669487 0.831437 0.67272 0.712488 0.715238 0.702726 0.67887 0.702896 0.652802 0.719503 0.568905 0.771902 0.673591 0.785624 0.677288 0.621927 0.655673 0.628043 0.63377 0.613907 0.64534 0.616216 0.636184 0.837991 0.642635 0.723374 0.740716 0.669223 0.676117 0.665196 0.668174 0.579987 0.66234 0.594435 0.670462 0.752843 0.59839 0.737847 0.598694 0.635152 0.664155 0.648746 0.705742 0.648455 0.707549 0.640304 0.709875 0.563566 0.65229 0.649511 0.714053 0.680655 0.690895 0.681184 0.695713 0.675832 0.7391 0.67298 0.724297 0.680673 0.723684 0.638648 0.682293 0.676015 0.66047 0.684016 0.657061 0.772018 0.718892 0.768032 0.598909 0.751976 0.614122 0.684175 0.736138 0.69601 0.729255 0.691909 0.747915 0.597439 0.589875 0.585044 0.569285 0.723026 0.599708 0.670447 0.659886 0.665995 0.659277 0.655093 0.700546 0.644171 0.697908 0.828097 0.687723 0.607286 0.530411 0.602898 0.538604 0.695225 0.683689 0.676559 0.670167 0.680175 0.66796 0.679832 0.675868 0.683789 0.673901 0.68564 0.678679 0.791087 0.70997 0.580506 0.598078 0.569966 0.578956 0.686355 0.573346 0.52476 0.677054 0.775282 0.660207 0.679334 0.713055 0.812879 0.684106 0.646558 0.636284 0.710229 0.680616 0.685906 0.694481 0.719208 0.70657 0.539471 0.714862 0.536224 0.733608 0.676545 0.520922 0.694974 0.517578 0.690442 0.644509 0.746648 0.666961 0.696155 0.677789 0.698365 0.714161 0.704958 0.722777 0.690676 0.719474 0.808951 0.636652 0.685934 0.684974 0.728864 0.71354 0.665016 0.707562 0.654813 0.712655 0.656074 0.706989 0.806055 0.651638 0.693004 0.688708 0.689517 0.692455 0.684574 0.685624 0.646693 0.621337 0.597411 0.530163 0.667753 0.692481 0.668931 0.689608 0.537948 0.683384 0.551378 0.674943 0.659945 0.670327 0.664318 0.656344 0.674977 0.695661 0.682521 0.701805 0.674579 0.703371 0.626457 0.7057 0.632277 0.69225 0.684341 0.690455 0.618946 0.534883 0.604958 0.561385 0.645075 0.671898 0.701313 0.642193 0.734754 0.549785 0.659872 0.694622 0.689149 0.671676 0.668969 0.665755 0.636907 0.644272 0.537647 0.602357 0.522171 0.62708 0.670535 0.686268 0.665761 0.726212 0.564732 0.693985 0.584581 0.689225 0.580961 0.70099 0.704468 0.707631 0.763906 0.700368 0.543168 0.696895 0.668062 0.740037 0.735186 0.701827 0.692972 0.654572 0.799952 0.602691 0.517106 0.730603 0.657548 0.645235 0.692412 0.706593 0.751567 0.727472 0.608459 0.606897 0.592873 0.611618 0.598849 0.696406 0.660627 0.628952 0.653431 0.633627 0.665711 0.702398 0.761832 0.65715 0.759183 0.670366 0.664465 0.682779 0.607283 0.679233 0.61519 0.676483 0.640061 0.529178 0.644701 0.654118 0.749308 0.641786 0.696074 0.670888 0.687593 0.665305 0.704423 0.570583 0.719048 0.551586 0.734003 0.532628 0.639367 0.587653 0.672665 0.664137 0.551036 0.689692 0.478516 0.561377 0.514524 0.580836 0.657046 0.644757 0.600198 0.728509 0.684954 0.710275 0.652136 0.740882 0.636326 0.740406 0.48019 0.705027 0.564569 0.732734 0.666513 0.696799 0.538854 0.646599 0.547063 0.637359 0.572063 0.60816 0.671537 0.697587 0.66517 0.676282 0.652871 0.66315 0.589553 0.711567 0.588403 0.737388 0.508197 0.635368 0.524339 0.644992 0.627465 0.675386 0.621495 0.686709 0.581497 0.735847 0.601614 0.686786 0.588849 0.680417 0.608936 0.627796 0.622686 0.64582 0.0789462 0.339652 0.0708318 0.329688 0.0901813 0.330285 0.124421 0.393947 0.104444 0.392127 0.115353 0.383036 0.0767579 0.488449 0.06769 0.477491 0.0787253 0.468527 0.155717 0.387331 0.153437 0.406717 0.144635 0.395368 0.187545 0.470398 0.185735 0.490439 0.176688 0.479563 0.220431 0.442282 0.208967 0.452352 0.211267 0.433095 0.035629 0.375351 0.0472516 0.366292 0.0553789 0.37761 0.0256019 0.383684 0.0449274 0.386471 0.034597 0.394661 0.0415379 0.337051 0.0299834 0.346426 0.0209014 0.335494 0.0119477 0.324486 0.013817 0.304626 0.0228263 0.315456 0.0999501 0.431804 0.0897973 0.440513 0.0812528 0.429668 0.00995334 0.344519 0.00895996 0.363663 0 0.352695 0.126666 0.48483 0.134728 0.495885 0.115325 0.493844 0.174824 0.499488 0.0382756 0.356425 0.0938625 0.400826 0.0916867 0.421769 0.0819772 0.409451 0.160998 0.327009 0.151988 0.316114 0.1721 0.317383 0.0273113 0.365437 0.0665094 0.368294 0.0754967 0.37925 0.216546 0.372024 0.219538 0.353085 0.227452 0.36359 0.168468 0.357944 0.157113 0.366806 0.15911 0.346616 0.097692 0.471175 0.106785 0.48214 0.0877415 0.479464 0.0992354 0.341232 0.0987905 0.451905 0.0887817 0.46017 0.147562 0.467243 0.127772 0.464726 0.138697 0.455722 0.0773538 0.359269 0.0864017 0.370185 0.229405 0.454258 0.088301 0.350295 0.0973811 0.36121 0.0570475 0.356875 0.0491315 0.347343 0.0685061 0.348542 0.211859 0.321885 0.22109 0.332947 0.210896 0.341473 0.0617295 0.427408 0.0529512 0.415734 0.0716373 0.418581 0.151496 0.426746 0.171426 0.428659 0.160526 0.437675 0.101143 0.3213 0.0928378 0.311284 0.112001 0.312251 0.198942 0.350737 0.200467 0.330776 0.119634 0.343669 0.108236 0.352118 0.0318808 0.326435 0.0316061 0.433805 0.0118276 0.431883 0.0234278 0.423004 0.0846673 0.390749 0.073696 0.399202 0.166137 0.488751 0.154836 0.497617 0.156374 0.477038 0.136961 0.475949 0.00729898 0.381951 0.0172362 0.373596 0.162394 0.417752 0.182308 0.41963 0.141046 0.325093 0.130096 0.334094 0.131973 0.31416 0.0439412 0.405575 0.0328955 0.413875 0.207992 0.361724 0.150065 0.336347 0.138668 0.344529 0.145885 0.486638 0.142443 0.415794 0.0515562 0.328114 0.0600321 0.338357 0.118666 0.453818 0.107788 0.4629 0.105099 0.500868 0.0859892 0.499692 0.0971018 0.490696 0.0565636 0.487027 0.0459549 0.495545 0.0477886 0.475069 0.00274316 0.420982 0.113512 0.402979 0.133404 0.404873 0.122491 0.41393 0.0190209 0.355358 0.187992 0.359719 0.186232 0.379638 0.176738 0.36857 0.179382 0.349402 0.169978 0.337805 0.226039 0.383574 0.2061 0.381869 0.0644931 0.388294 0.0247558 0.295593 0.0346002 0.306299 0.102808 0.412194 0.11158 0.422979 0.0819727 0.320341 0.0426767 0.424669 0.0157773 0.392542 0.05377 0.308003 0.0736807 0.310315 0.062399 0.319809 0.124483 0.504022 0.0428416 0.317473 0.148185 0.355938 0.137259 0.364943 0.197418 0.371548 0.070453 0.438154 0.0556087 0.288384 0.0449209 0.297081 0.035657 0.286532 0.232368 0.3238 0.121053 0.323213 0.110092 0.332197 0.106396 0.372116 0.126374 0.374315 0.127975 0.353714 0.0528691 0.397068 0.196451 0.390386 0.175273 0.388689 0.230643 0.433649 0.0250971 0.402573 0.03427 0.504735 0.0368176 0.484627 0.054893 0.5065 0.0657701 0.497463 0.0796506 0.449363 0.0605948 0.446867 0.179146 0.459632 0.158867 0.457629 0.169557 0.448611 0.0627604 0.40873 0.167051 0.468099 0.0494942 0.455889 0.0406393 0.444836 0.131531 0.42484 0.120651 0.433887 0.240784 0.334994 0.0696249 0.457574 0.058316 0.46676 0.117279 0.363177 0.0277924 0.473702 0.0166988 0.48293 0.00781364 0.472279 0.00287491 0.3136 0.198149 0.460814 0.116807 0.473828 0.0516248 0.435594 0.190118 0.33986 0.180474 0.439491 0.229625 0.343466 0.23243 0.414912 0.213584 0.411904 0.224026 0.404137 0.240739 0.444889 0.163857 0.5085 0.14957 0.446684 0.14054 0.435749 0.109696 0.442868 0.129647 0.444852 0.144241 0.5065 0.196631 0.48134 0.237005 0.374572 0.0643594 0.299288 0.200844 0.441692 0.191396 0.430551 0.202238 0.421503 0.122918 0.303288 0.204115 0.40115 0.207605 0.472398 0.135244 0.384935 0.189328 0.450816 0.222251 0.423447 0.166631 0.378198 0.146306 0.37591 0.235216 0.394647 0.214273 0.392559 0.238874 0.354313 0.181245 0.32939 0.0157277 0.28462 0.0266728 0.275628 0.00479051 0.293662 0.017607 0.264648 0.0188688 0.462692 0.029806 0.454176 0.0386253 0.464404 0.0136284 0.411804 0.103774 0.30224 0.114425 0.292955 0.193251 0.410576 0.184231 0.399697 0.0957934 0.291706 0.0954648 0.381111 0.173329 0.408651 0.0845921 0.301246 0.0756922 0.290563 0.164318 0.397774 0.191682 0.320418 0.182646 0.308631 0.163163 0.306809 0.142945 0.305201 0.0753911 0.508807 0.0208274 0.442804 0.0260736 0.493747 0.0098428 0.451741 0.0948213 0.510402 0.00595117 0.491722 0.573953 0.0530383 0.564507 0.0454666 0.572189 0.0371636 0.661567 0.0457686 0.665745 0.050781 0.65781 0.0558461 0.422597 0.130847 0.436425 0.143858 0.423952 0.16009 0.51196 0.17172 0.506064 0.147384 0.521324 0.156697 0.71588 0.0870278 0.708412 0.0989066 0.703477 0.0783697 0.487003 0.08945 0.509487 0.0876076 0.499635 0.100574 0.540124 0.0747681 0.531296 0.0854927 0.519898 0.0755004 0.614782 0.0697127 0.619253 0.0724149 0.610257 0.0717761 0.392972 0.13031 0.394934 0.102333 0.407083 0.116573 0.488256 0.113093 0.449685 0.0515279 0.452678 0.0274076 0.463291 0.0403293 0.632866 0.185227 0.633519 0.196939 0.621347 0.185427 0.613124 0.0917372 0.617522 0.0823636 0.61821 0.100023 0.634472 0.208832 0.62189 0.197428 0.585059 0.149086 0.587051 0.145634 0.589031 0.150902 0.586573 0.0366977 0.593578 0.029865 0.594112 0.0430239 0.436108 0.0626841 0.448537 0.0766695 0.435272 0.0894629 0.585625 0.210723 0.574396 0.225652 0.57611 0.210132 0.422256 0.0759232 0.5701 0.0805914 0.582617 0.0866325 0.577952 0.0990903 0.556598 0.0547031 0.559648 0.0732416 0.548187 0.0647601 0.424167 0.0509899 0.410368 0.0630165 0.413716 0.0378341 0.564373 0.0291609 0.55587 0.0371721 0.556893 0.0204295 0.407849 0.145846 0.627824 0.0895544 0.638206 0.0952115 0.631947 0.106733 0.686153 0.149554 0.691747 0.153077 0.684403 0.156051 0.662607 0.166705 0.665942 0.175579 0.661367 0.175534 0.486739 0.0423885 0.475955 0.0290716 0.487892 0.0197564 0.472654 0.0766156 0.474512 0.101929 0.511974 0.110132 0.501917 0.123494 0.447174 0.204442 0.458813 0.185613 0.467075 0.215167 0.407513 0.0894072 0.396735 0.0763884 0.62803 0.0679161 0.621462 0.0665954 0.571248 0.113361 0.587187 0.123255 0.572765 0.134975 0.672284 0.193598 0.674223 0.18654 0.680581 0.187929 0.448621 0.102442 0.377826 0.145779 0.556357 0.103282 0.673815 0.109094 0.661339 0.104408 0.678636 0.0981827 0.580215 0.0442857 0.58251 0.0594295 0.49776 0.032278 0.414562 0.212669 0.435235 0.225065 0.576676 0.0692344 0.507527 0.0439098 0.496751 0.0544143 0.392802 0.162211 0.442281 0.0143999 0.438819 0.0388277 0.427962 0.0259297 0.696241 0.0920163 0.703814 0.107905 0.673608 0.0500549 0.688947 0.0394707 0.683955 0.0544603 0.382571 0.0884145 0.470496 0.168304 0.486935 0.177945 0.476951 0.196136 0.693554 0.182514 0.688811 0.189309 0.689109 0.182359 0.655302 0.184556 0.644338 0.185032 0.644443 0.174087 0.705525 0.12563 0.712379 0.115874 0.710952 0.124473 0.683589 0.114901 0.689621 0.115404 0.695478 0.120426 0.60059 0.154627 0.596172 0.150308 0.608866 0.153295 0.666019 0.0699447 0.661799 0.0642674 0.676318 0.0676403 0.552123 0.0836106 0.587869 0.138528 0.588638 0.145843 0.615022 0.0564798 0.615969 0.0645394 0.611481 0.0632065 0.608557 0.080216 0.60557 0.0904013 0.595449 0.089841 0.591771 0.164676 0.581298 0.170119 0.585658 0.159589 0.729744 0.129992 0.723282 0.136792 0.721477 0.122222 0.58738 0.0747506 0.621523 0.14538 0.60792 0.146335 0.537906 0.0557092 0.527891 0.0458249 0.538079 0.0365488 0.580797 0.144545 0.574224 0.154048 0.55586 0.158201 0.548813 0.171228 0.543067 0.150723 0.690338 0.0733643 0.696187 0.0590381 0.529019 0.0651857 0.543687 0.0944626 0.534577 0.107063 0.655993 0.164644 0.646696 0.15345 0.653094 0.15702 0.654616 0.0884725 0.666475 0.0936865 0.441315 0.173929 0.652629 0.128547 0.636859 0.13602 0.63921 0.124416 0.636033 0.221049 0.646234 0.20743 0.409214 0.176222 0.461978 0.0644992 0.461964 0.089212 0.579489 0.182278 0.571404 0.180144 0.624347 0.0759449 0.500012 0.0109836 0.593736 0.141725 0.609582 0.11139 0.604657 0.0999101 0.590221 0.172447 0.370085 0.0748252 0.384904 0.0623791 0.421749 0.102814 0.69853 0.184042 0.701956 0.18732 0.70092 0.1905 0.634748 0.147062 0.649132 0.139415 0.648887 0.147839 0.693646 0.192209 0.699252 0.199392 0.6936 0.197482 0.54713 0.0460493 0.6218 0.152548 0.609237 0.160992 0.52953 0.0261579 0.711312 0.0657271 0.449959 0.128462 0.674035 0.176876 0.667304 0.164698 0.719452 0.105556 0.609322 0.210708 0.596322 0.197408 0.609105 0.197728 0.601318 0.0484553 0.604539 0.0603901 0.596779 0.0562873 0.680218 0.149179 0.647914 0.0662751 0.639113 0.0658268 0.648618 0.058983 0.728179 0.113246 0.686131 0.196632 0.527244 0.179558 0.534711 0.1651 0.474103 0.0527787 0.428059 0.192261 0.633139 0.173681 0.620897 0.17344 0.621009 0.161463 0.579935 0.029436 0.462836 0.115199 0.464584 0.140842 0.671445 0.14614 0.668603 0.155977 0.661457 0.14282 0.598039 0.161451 0.678774 0.03655 0.696336 0.189999 0.702763 0.193958 0.37584 0.217118 0.397891 0.234109 0.436011 0.117045 0.560458 0.24339 0.573806 0.242194 0.560885 0.261405 0.379251 0.117226 0.633622 0.161947 0.645224 0.163012 0.508385 0.0649586 0.416157 0.0115323 0.542392 0.259179 0.547603 0.0281063 0.715372 0.166502 0.721153 0.167598 0.717373 0.174824 0.588327 0.0507379 0.592051 0.0645917 0.618118 0.0589271 0.682684 0.180511 0.676476 0.181219 0.542809 0.185109 0.557265 0.190591 0.552557 0.205843 0.600814 0.0681039 0.598183 0.0789516 0.699257 0.112357 0.372539 0.0476801 0.399347 0.050001 0.363449 0.129747 0.502537 0.187583 0.521244 0.195111 0.496125 0.204404 0.720839 0.14783 0.727237 0.142353 0.724308 0.0743457 0.727049 0.0955935 0.592983 0.157452 0.387206 0.0354362 0.401747 0.0233942 0.561526 0.225357 0.548673 0.222382 0.564152 0.208398 0.453627 0.157062 0.393426 0.195258 0.686782 0.171964 0.693103 0.173151 0.6907 0.101946 0.612014 0.0461829 0.608217 0.052898 0.685536 0.203774 0.679713 0.195408 0.683603 0.162877 0.677783 0.158481 0.688569 0.162069 0.521477 0.0969246 0.486555 0.0644376 0.497192 0.0768297 0.565454 0.0132873 0.57302 0.0219207 0.603233 0.130643 0.622458 0.133362 0.664302 0.132386 0.668536 0.121569 0.676427 0.135843 0.377018 0.178255 0.596396 0.10611 0.709937 0.141052 0.705735 0.149179 0.700541 0.135656 0.586972 0.0226793 0.430644 0 0.564269 0.0914359 0.509857 0.0227122 0.517798 0.0346298 0.679613 0.175368 0.478459 0.00763064 0.466324 0.0169471 0.624943 0.118772 0.567207 0.193316 0.577561 0.195382 0.562162 0.17711 0.568234 0.164753 0.560701 0.124952 0.551418 0.137837 0.692162 0.107747 0.732566 0.166036 0.742965 0.165848 0.738756 0.170866 0.644971 0.196081 0.716304 0.191863 0.711836 0.189132 0.719852 0.185122 0.389701 0.0087427 0.375022 0.0208613 0.360352 0.0330037 0.705419 0.117609 0.655645 0.174672 0.586244 0.241584 0.597012 0.240274 0.5987 0.255654 0.518342 0.0551564 0.715625 0.131197 0.60928 0.185337 0.575339 0.167825 0.588399 0.183978 0.598043 0.173155 0.597226 0.184871 0.658937 0.0763339 0.671472 0.0808225 0.549352 0.0107633 0.366208 0.1022 0.497445 0.162198 0.600015 0.0362613 0.683085 0.13924 0.585283 0.225882 0.525307 0.120062 0.516368 0.134221 0.520576 0.0143065 0.690731 0.130365 0.696097 0.144418 0.634794 0.153056 0.457103 0.23605 0.480488 0.245754 0.446972 0.259568 0.734457 0.17649 0.744662 0.175289 0.656221 0.195275 0.657084 0.116225 0.659149 0.153453 0.70657 0.169601 0.702579 0.170237 0.697335 0.165896 0.65378 0.0595884 0.644628 0.112079 0.477531 0.127118 0.701548 0.157538 0.668548 0.0585422 0.696169 0.177009 0.700416 0.177047 0.481032 0.152676 0.714784 0.138975 0.717755 0.142212 0.512297 0.212133 0.623169 0.222857 0.622134 0.210078 0.362829 0.00617279 0.544494 0.239946 0.714918 0.154546 0.587603 0.00882119 0.594176 0.0161213 0.574371 0.260877 0.567226 0.0629234 0.526351 0.236199 0.688478 0.140649 0.490751 0.137715 0.506905 0.231124 0.487227 0.224023 0.422852 0.247901 0.707766 0.180297 0.714168 0.181785 0.706271 0.187191 0.521905 0.255702 0.50104 0.25091 0.648301 0.0532928 0.595739 0.210946 0.726041 0.152459 0.661254 0.185215 0.377631 0.258577 0.62919 0.0516793 0.64045 0.0552126 0.635783 0.0559362 0.670489 0.184301 0.668524 0.19014 0.665381 0.184404 0.675754 0.167837 0.633208 0.0800269 0.636145 0.0718741 0.655421 0.0664164 0.708161 0.158723 0.708964 0.154966 0.710962 0.162258 0.731321 0.141392 0.618466 0.0506053 0.581082 0.156544 0.631674 0.0591809 0.636826 0.0617105 0.711891 0.172944 0.586826 0.196743 0.735275 0.149331 0.622914 0.0597108 0.539693 0.0182975 0.606353 0.0418232 0.536171 0.201361 0.531685 0.218152 0.708601 0.197451 0.609521 0.173318 0.682105 0.170215 0.60073 0.0232851 0.657564 0.205999 0.704123 0.176618 0.710665 0.132058 0.602278 0.100766 0.548052 0.11679 0.539009 0.129605 0.529777 0.142639 0.620562 0.0548223 0.563434 0.146122 0.642831 0.0590726 0.684676 0.0860436 0.741562 0.143462 0.660024 0.160719 0.736884 0.161094 0.730555 0.155662 0.713947 0.198761 0.720945 0.201195 0.713202 0.203809 0.740718 0.181062 0.737544 0.121369 0.736256 0.084815 0.64682 0.0745983 0.679703 0.125236 0.685503 0.131343 0.721625 0.158441 0.72919 0.148638 0.650114 0.100536 0.643239 0.0842963 0.734673 0.0623779 0.737077 0.104193 0.595763 0.225295 0.626792 0.0598628 0.62349 0.0525897 0.723812 0.0510834 0.702049 0.0446005 0.611517 0.238528 0.706144 0.204275 0.735936 0.136358 0.631869 0.065179 0.625258 0.236651 0.610047 0.224339 0.725757 0.161539 0.730119 0.182504 0.726533 0.188957 0.723842 0.178966 0.670208 0.200643 0.727999 0.172097 0.723357 0.194628 0.63818 0.0480627 0.646073 0.0454935 0.750663 0.179752 0.736693 0.187303 0.732807 0.192825 0.841328 0.866483 0.855519 0.869153 0.846644 0.874756 0.765977 0.834997 0.775293 0.819661 0.77803 0.831959 0.774297 0.855003 0.782701 0.851439 0.785672 0.858982 0.580787 0.805308 0.587143 0.834564 0.57014 0.82779 0.815733 0.906558 0.804892 0.896392 0.815087 0.896376 0.801814 0.864396 0.802014 0.866166 0.801011 0.867439 0.78766 0.804633 0.80521 0.790144 0.80297 0.805735 0.59767 0.796795 0.623237 0.790101 0.608713 0.802434 0.748199 0.827028 0.758336 0.808651 0.762075 0.822636 0.799047 0.869621 0.802901 0.868208 0.801607 0.871206 0.636813 0.883784 0.629083 0.869885 0.639126 0.856045 0.824104 0.894791 0.826214 0.90442 0.75387 0.792244 0.771123 0.789807 0.773251 0.805679 0.558211 0.796169 0.558189 0.824125 0.543134 0.815651 0.819541 0.878924 0.81337 0.880666 0.811714 0.875239 0.72174 0.804131 0.696388 0.796728 0.714672 0.787337 0.836698 0.901977 0.828865 0.915029 0.826483 0.875866 0.822549 0.869323 0.828738 0.864693 0.7063 0.873305 0.695233 0.861362 0.718405 0.862838 0.805185 0.840668 0.799605 0.840195 0.800135 0.830509 0.8058 0.881452 0.806132 0.876062 0.668189 0.881391 0.668572 0.890296 0.658209 0.893141 0.842435 0.888318 0.838203 0.87958 0.805345 0.888228 0.796254 0.885888 0.798177 0.879945 0.833737 0.871675 0.739944 0.904669 0.738271 0.8842 0.748549 0.892777 0.821743 0.886133 0.814168 0.887956 0.726058 0.762247 0.732248 0.780723 0.707364 0.769605 0.80194 0.916056 0.803679 0.905494 0.783226 0.869494 0.784039 0.880012 0.777876 0.874492 0.838474 0.803187 0.831451 0.81548 0.822062 0.811766 0.614924 0.868693 0.598543 0.882794 0.591954 0.865039 0.779849 0.909804 0.775366 0.921477 0.769935 0.905474 0.787441 0.912968 0.765175 0.890436 0.75606 0.883305 0.771601 0.881808 0.829986 0.883443 0.570877 0.889682 0.579363 0.867928 0.849415 0.860437 0.833252 0.892103 0.835278 0.858614 0.858083 0.853607 0.850399 0.844609 0.858866 0.836852 0.805923 0.871978 0.800223 0.874856 0.756267 0.866739 0.771519 0.868198 0.764068 0.875007 0.816714 0.791899 0.806478 0.771823 0.787328 0.891086 0.794231 0.893737 0.790631 0.902866 0.783737 0.900219 0.779378 0.887272 0.842304 0.852351 0.569077 0.80618 0.674762 0.832543 0.656855 0.843741 0.659484 0.833917 0.813536 0.867919 0.809783 0.863879 0.818435 0.863981 0.842441 0.837742 0.706164 0.896666 0.717473 0.884738 0.728804 0.895073 0.818331 0.916636 0.864669 0.863275 0.861703 0.878205 0.801905 0.861001 0.803565 0.861507 0.802914 0.864282 0.720169 0.90484 0.734404 0.91304 0.730118 0.919678 0.806594 0.830757 0.800973 0.818937 0.808608 0.820085 0.793597 0.877894 0.790755 0.884051 0.796583 0.873235 0.792582 0.869776 0.742474 0.846406 0.73531 0.833066 0.754236 0.839756 0.730691 0.852701 0.749155 0.857115 0.738957 0.864952 0.680377 0.804418 0.688881 0.821347 0.835885 0.8454 0.799951 0.864988 0.794205 0.862333 0.799067 0.86101 0.851708 0.883704 0.856498 0.893333 0.829136 0.852773 0.82395 0.859089 0.694476 0.900716 0.69361 0.886183 0.838977 0.820156 0.846428 0.80939 0.654149 0.871199 0.66982 0.858041 0.681975 0.871938 0.787529 0.818456 0.828048 0.797262 0.819113 0.809641 0.588777 0.816595 0.779707 0.842149 0.79088 0.849264 0.813088 0.859457 0.816371 0.853235 0.846396 0.89825 0.770598 0.845721 0.816998 0.872871 0.805332 0.869162 0.807211 0.866873 0.809975 0.870549 0.832632 0.830215 0.849964 0.828196 0.695258 0.910853 0.716526 0.912898 0.799136 0.855608 0.802651 0.855731 0.803559 0.848528 0.8087 0.850429 0.792357 0.856564 0.616732 0.840515 0.598722 0.852404 0.609395 0.819506 0.774076 0.895988 0.870545 0.872732 0.648166 0.902763 0.623617 0.900245 0.67761 0.900457 0.796361 0.866665 0.788986 0.865093 0.684129 0.846105 0.633226 0.809832 0.658855 0.821304 0.654181 0.823876 0.821648 0.835227 0.826023 0.826031 0.751234 0.77542 0.746616 0.756811 0.826466 0.83917 0.820426 0.84642 0.65203 0.798549 0.641629 0.778532 0.876493 0.8819 0.684498 0.894297 0.79915 0.84883 0.752244 0.911225 0.7457 0.923225 0.805677 0.861578 0.804164 0.865226 0.738624 0.797958 0.606582 0.917148 0.61065 0.894996 0.788383 0.874568 0.660663 0.914647 0.670441 0.910273 0.698622 0.835865 0.768494 0.772005 0.787186 0.752243 0.788997 0.771193 0.807048 0.856441 0.812333 0.80695 0.78838 0.788949 0.537444 0.852089 0.551161 0.868592 0.53449 0.884459 0.523786 0.831629 0.510305 0.812112 0.804323 0.857308 0.788709 0.830175 0.759785 0.85067 0.665195 0.829557 0.665417 0.813407 0.527442 0.797848 0.70554 0.811557 0.713772 0.826782 0.670472 0.787874 0.689178 0.777713 0.541484 0.783337 0.564603 0.879752 0.721112 0.841402 0.683785 0.921002 0.7589 0.899966 0.802362 0.866809 0.784063 0.924191 0.765561 0.860147 0.522222 0.849222 0.512114 0.859678 0.521126 0.869805 0.553087 0.904366 0.611635 0.769051 0.554324 0.841401 0.585148 0.899848 0.489581 0.824425 0.56587 0.855133 0.709088 0.920585 0.677509 0.932114 0.644598 0.826722 0.660104 0.770352 0.649597 0.886569 0.805886 0.847957 0.742689 0.81289 0.633358 0.760293 0.592929 0.778129 0.708726 0.850025 0.699426 0.750977 0.680612 0.759364 0.729033 0.819953 0.633312 0.915454 0.728331 0.87417 0.748126 0.874492 0.764202 0.91715 0.7585 0.929621 0.770929 0.934852 0.572446 0.786574 0.630971 0.835871 0.778199 0.863029 0.623342 0.855765 0.789677 0.840512 0.582516 0.853976 0.574049 0.845801 0.478516 0.805761 0.566345 0.838851 0.599287 0.90925 0.49853 0.792672 0.502562 0.844354 0.484711 0.875062 0.546263 0.894593 0.890642 0.171896 0.880036 0.181828 0.879883 0.161897 0.920812 0.162096 0.911107 0.152007 0.920975 0.142214 0.900908 0.142261 0.902508 0.151953 0.891074 0.15185 0.931618 0.152002 0.931063 0.172131 0.879946 0.141493 0.906627 0.160599 0.899771 0.161817 0.908415 0.142808 0.914076 0.168722 0.922514 0.178934 0.908851 0.174128 0.8909 0.131836 0.900619 0.181979 0.269017 0.278881 0.269285 0.293276 0.254949 0.293986 0.269488 0.307448 0.255544 0.321321 0.254884 0.307994 0.311543 0.278206 0.297169 0.293032 0.297326 0.278548 0.311838 0.292378 0.325973 0.306661 0.311759 0.30766 0.298152 0.321083 0.298174 0.306684 0.28393 0.29251 0.325772 0.277646 0.241211 0.307902 0.283971 0.321339 0.269813 0.321565 0.283636 0.307198 0.325989 0.292137 0.282976 0.279474 0.282885 0.264648 0.268716 0.264918 0.255282 0.265272 0.254863 0.279324 0.873387 0 0.883974 0.0164673 0.870004 0.0133005 0.915133 0.00816431 0.928894 0.0107031 0.911695 0.021423 0.856404 0.0112867 0.867301 0.0276291 0.88645 0.00226916 0.898737 0.0197887 0.881638 0.0303447 0.903484 0.0643465 0.892478 0.0470855 0.906422 0.0497763 0.864641 0.0414783 0.876406 0.0580492 0.861858 0.0554011 0.878476 0.0443952 0.895422 0.0323345 0.909035 0.0357807 0.923697 0.0386773 0.900546 0.00527336 0.93667 0.0270668 0.926405 0.0245995 0.889326 0.0612222 0.918581 0.0668661 0.920753 0.0526903 0.939124 0.0132273 0.873415 0.0726482 0.859037 0.0692648 0.94998 0.0146344 0.854375 0.0253777 0.850586 0.0384095 0.952495 0.000974675 0.934188 0.0405845 0.931311 0.0548532 0.947486 0.0287559 0.945245 0.0427198 0.859361 0.165594 0.869795 0.178364 0.843375 0.179311 0.787396 0.21278 0.79329 0.21173 0.794437 0.22269 0.763025 0.1717 0.768958 0.16117 0.779914 0.166919 0.774257 0.199712 0.786178 0.197292 0.78226 0.200842 0.777873 0.192571 0.768502 0.188056 0.776025 0.149414 0.790009 0.203719 0.77366 0.177583 0.764672 0.197601 0.756829 0.1829 0.793144 0.19126 0.800827 0.187661 0.807752 0.190387 0.836976 0.202058 0.852155 0.19049 0.848442 0.219662 0.8041 0.207279 0.821826 0.211845 0.808123 0.217932 0.801079 0.182224 0.783068 0.220808 0.783652 0.18332 0.786277 0.156109 0.790949 0.174054 0.797584 0.163526 0.815611 0.201044 0.828215 0.191951 0.775411 0.209792 0.750977 0.165571 0.819352 0.180891 0.832114 0.167785 0.757457 0.154482 0.768581 0.231996 0.810112 0.171811 0.848104 0.153137 0.822304 0.158335 0.798609 0.197901 0.78409 0.206565 0.813339 0.231535 0.865498 0.20778 0.879063 0.150056 0.277645 0.360164 0.284776 0.372214 0.267396 0.36569 0.260846 0.353641 0.248225 0.360207 0.253555 0.341023 0.241211 0.347482 0.270553 0.347274 0.289842 0.353383 0.246582 0.328862 0.310528 0.341373 0.303384 0.328769 0.31659 0.322266 0.292228 0.334694 0.282828 0.340348 0.285559 0.322382 0.274531 0.377423 0.323847 0.334955 0.329294 0.347205 0.317762 0.354142 0.275542 0.328457 0.29867 0.347482 0.254477 0.372635 0.26404 0.335467 0.257354 0.322575 0.297315 0.365346 0.305727 0.359998 0.342361 0.340774 0.336356 0.35994 0.323152 0.366175 0.334963 0.328099 0.31258 0.372197 0.720416 0.46958 0.735855 0.476989 0.725125 0.482957 0.735723 0.459961 0.72975 0.468101 0.745228 0.472374 0.749754 0.46527 0.764525 0.46172 0.707079 0.474391 0.713026 0.488419 0.737499 0.483497 0.746991 0.481905 0.730083 0.492757 0.699074 0.49254 0.701863 0.460992 0.693359 0.479546 0.723466 0.46227 0.763223 0.473825 0.764762 0.48401 0.306972 0.387444 0.30092 0.40022 0.287986 0.393995 0.294871 0.413016 0.313688 0.406285 0.307662 0.419076 0.281785 0.406756 0.28816 0.425911 0.269196 0.400908 0.275278 0.388112 0.262469 0.382062 0.241211 0.403411 0.250365 0.407626 0.244301 0.420455 0.276686 0.419508 0.32696 0.411857 0.319823 0.393526 0.257109 0.426493 0.256395 0.394731 0.263195 0.413764 0.247494 0.390496 0.325816 0.380678 0.293714 0.381127 0.269921 0.432573 0.253457 0.37793 0.860738 0.119513 0.872264 0.107286 0.879842 0.127186 0.918947 0.081863 0.922935 0.093408 0.905123 0.0872421 0.883964 0.106463 0.885002 0.121883 0.870594 0.0732422 0.888531 0.0895006 0.869533 0.0877796 0.901312 0.080322 0.90017 0.101103 0.90992 0.097745 0.896686 0.117527 0.892163 0.103965 0.905387 0.112667 0.860526 0.0968659 0.897768 0.0933535 0.894095 0.131292 0.850586 0.109312 0.916248 0.0742155 0.867529 0.131217 0.912738 0.110212 0.902693 0.127331 0.910191 0.120561 0.794429 0.0981903 0.808498 0.0988079 0.793484 0.110488 0.794387 0.0285235 0.808225 0.0428237 0.794012 0.0429544 0.779265 0.0973182 0.77982 0.109901 0.766316 0.0974779 0.82244 0.0569296 0.822477 0.0711502 0.80825 0.0570632 0.764739 0.122598 0.779357 0.122011 0.836651 0.0710466 0.779267 0.134256 0.822677 0.0851652 0.836401 0.085758 0.779843 0.0570116 0.779935 0.071363 0.766089 0.0568384 0.793813 0.122431 0.807792 0.122948 0.807643 0.135187 0.794201 0.0712182 0.808017 0.0715397 0.793607 0.0574919 0.765726 0.0714419 0.779467 0.086004 0.794127 0.085559 0.822511 0.0989118 0.822492 0.110663 0.808982 0.110445 0.821728 0.135685 0.793437 0.134624 0.808535 0.0848393 0.806885 0.148794 0.808093 0.0145359 0.80807 0.029544 0.79358 0.0147146 0.793587 0.148716 0.822602 0.0419988 0.765756 0.110298 0.76551 0.0432872 0.83572 0.0430953 0.751417 0.109819 0.836405 0.0568409 0.793296 0.000809168 0.822164 0.0288346 0.836477 0.02852 0.850263 0.0573974 0.779844 0.0430143 0.780186 0 0.779722 0.0147016 0.779819 0.0288714 0.765664 0.0288907 0.765543 0.014736 0.751386 0.0148058 0.836555 0.0983944 0.750977 0.0426696 0.751491 0.0573109 0.765381 0.0859573 0.752066 0.0858616 0.751727 0.0962706 0.92851 0.131261 0.923828 0.121094 0.939562 0.121094 0.939837 0.0885219 0.939856 0.0732422 0.944173 0.0812479 0.930141 0.0810858 0.924941 0.0741306 0.934319 0.0808896 0.935346 0.0973616 0.923828 0.100653 0.955943 0.0834867 0.941878 0.105218 0.925237 0.089147 0.955953 0.1042 0.937209 0.105527 0.952168 0.105469 0.938139 0.120006 0.924102 0.105578 0.923828 0.120617 0.779935 0.246753 0.773748 0.24141 0.779271 0.232422 0.79549 0.247714 0.792053 0.242187 0.80979 0.245728 0.786153 0.255659 0.75205 0.246905 0.765088 0.233324 0.765519 0.246011 0.750977 0.23268 0.751497 0.26033 0.779759 0.260702 0.797971 0.260633 0.80915 0.258804 0.652578 0.503075 0.652167 0.490859 0.659906 0.494098 0.65179 0.483439 0.649191 0.493596 0.639236 0.492084 0.677408 0.498761 0.675371 0.493822 0.684306 0.488494 0.671896 0.487613 0.642836 0.470654 0.684848 0.480769 0.6778 0.466375 0.69283 0.459961 0.664523 0.473579 0.689802 0.494047 0.691449 0.504476 0.667082 0.503643 0.660806 0.494901 0.630859 0.480071 0.327639 0.446841 0.313619 0.461459 0.314209 0.447103 0.298828 0.448011 0.327673 0.432755 0.341851 0.432617 0.326934 0.462246 0.300167 0.460965 0.262291 0.48228 0.253669 0.469943 0.267898 0.472529 0.241211 0.479332 0.291992 0.444898 0.297935 0.432781 0.298345 0.452188 0.275413 0.472996 0.286179 0.443758 0.278885 0.432617 0.285771 0.463038 0.276487 0.452475 0.294678 0.475289 0.24509 0.458498 0.243621 0.442345 0.910827 0.203649 0.890604 0.202814 0.900572 0.192716 0.910475 0.182617 0.891552 0.222732 0.880617 0.212859 0.879883 0.192677 0.921186 0.19224 0.920941 0.211854 0.900809 0.212717 0.890511 0.182753 0.880495 0.232931"/>
   </IndexedFaceSet>
  </Shape>
 </Scene>
</X3D>
